{"noiseKey":{"private":{"type":"Buffer","data":"MFWVfHav7wZ5cQdDrorsAV/oYRS5h17/hnX2wQyBv2s="},"public":{"type":"Buffer","data":"MeGf9397dAeVE+0EPCEyO843h7L4b35Dj2DcESU/PUE="}},"signedIdentityKey":{"private":{"type":"Buffer","data":"yGmwki0CArn1WwfD/+4PDqZII44hjYxkwtKdUdvqukw="},"public":{"type":"Buffer","data":"Hv46gkPrlyBDZtAcGkh6hfB3K/O1qbTbzzhzfyFp0S8="}},"signedPreKey":{"keyPair":{"private":{"type":"Buffer","data":"QH8T9n7USIgj/L33zL0C1TzYkLfl7Zx54hQzToYlUUQ="},"public":{"type":"Buffer","data":"IZvH9eI6/TUGG8S06J682fd7SM5/SHz6CyQxRcGD4TE="}},"signature":{"type":"Buffer","data":"P18vDx+Wzn+i59KCS23wYjWZKhReZFQw5WlsX/4o3/Wk5blTh6MbQqzDJUodnwbZc2WF+PoVONHK0x9/qMxeBQ=="},"keyId":1},"registrationId":252,"advSecretKey":"A6WjNmzvccEq5q0F0Bn8elV4anPM1mHFhtjF2vIv+cs=","processedHistoryMessages":[],"nextPreKeyId":32,"firstUnuploadedPreKeyId":32,"accountSyncCounter":0,"accountSettings":{"unarchiveChats":false},"account":{"details":"COjXueQCEPybgKcGGAQ=","accountSignatureKey":"9d6KOn5/uCVxCoh5CXt8/SPNFNTBBkgLya/CqldIl0Y=","accountSignature":"aCi8emiwWESOILf+USx7ulz5ngyEI0WKjcULrbIuJcCprNu+35oLkQU/hk2kAlwtLSdd7YlU+YIFQAZOzm4CDg==","deviceSignature":"1PIoM+azShsSIGk/B1lozEuK7DdnJJin3tj/egVbEPSz+1Psncq3Yxi8jZZEXngRtC8x7D/Tp3TVMtRAqYX9CA=="},"me":{"id":"6281944475875:6@s.whatsapp.net","name":"🇲🇨꙰⃢⚠🔥MR4🔥🇲🇨꙰⃢⁩* *"},"signalIdentities":[{"identifier":{"name":"6281944475875:6@s.whatsapp.net","deviceId":0},"identifierKey":{"type":"Buffer","data":"BfXeijp+f7glcQqIeQl7fP0jzRTUwQZIC8mvwqpXSJdG"}}],"platform":"android","lastAccountSyncTimestamp":1692405327,"myAppStateKeyId":"AAAAAL+7"}