[{"senderKeyId":269656243,"senderChainKey":{"iteration":8,"seed":"Mblzk3fxPtwjUizt5Lx60Q3dkDbgNefCowF5YJy/lXU="},"senderSigningKey":{"public":"Bbe9l+0lVOHQgJrL+cOxRigY8X62uU+N5357zgiBXxUd"},"senderMessageKeys":[]},{"senderKeyId":269656243,"senderChainKey":{"iteration":3,"seed":"7iPq+1Of3q7dS2+joL1LmVJXeDZheSnuJqBXJHJgzR0="},"senderSigningKey":{"public":"Bbe9l+0lVOHQgJrL+cOxRigY8X62uU+N5357zgiBXxUd"},"senderMessageKeys":[]},{"senderKeyId":269656243,"senderChainKey":{"iteration":4,"seed":"zOLS/f4a4JPyAcihuUoQGIo6vWSWdAoLFe5cUi4Gz7M="},"senderSigningKey":{"public":"Bbe9l+0lVOHQgJrL+cOxRigY8X62uU+N5357zgiBXxUd"},"senderMessageKeys":[]}]