[{"senderKeyId":934625742,"senderChainKey":{"iteration":14,"seed":"n8r+8dFfOi1iyRVhZwp9grUBTF5E0APM4ucpL0ebDOs="},"senderSigningKey":{"public":"BesZB9/PexLFPGZhRmfvHTbHWD3b02dOJP1s5NmaxFof"},"senderMessageKeys":[]},{"senderKeyId":934625742,"senderChainKey":{"iteration":2,"seed":"LxV44ZSH7FGMHHxJqULelUpv85n6IeNQ2sCTfiJs1cA="},"senderSigningKey":{"public":"BesZB9/PexLFPGZhRmfvHTbHWD3b02dOJP1s5NmaxFof"},"senderMessageKeys":[]},{"senderKeyId":934625742,"senderChainKey":{"iteration":3,"seed":"YEubznZ16V3M6MF2rbdgc8giLE3f5iWC/SMyaBxCnMQ="},"senderSigningKey":{"public":"BesZB9/PexLFPGZhRmfvHTbHWD3b02dOJP1s5NmaxFof"},"senderMessageKeys":[]}]