[{"senderKeyId":99231454,"senderChainKey":{"iteration":13,"seed":"selDOMW/GrXme5pLLz+EF4x/qg9q7rETwQKdr79PC34="},"senderSigningKey":{"public":"BU0sRLuqFXIAlzpwtRJUujtEKSFvkg2zNCfG9uVce7tk"},"senderMessageKeys":[]},{"senderKeyId":1145571520,"senderChainKey":{"iteration":14,"seed":"cAd/rf+D1sfTL+6FGUIP76I8RSoNDqK5WMPXws8KvJA="},"senderSigningKey":{"public":"BZKUYQ3pM4Vy5X09CHQ1D4Dz2StSN30zVIAX9BTq2mBv"},"senderMessageKeys":[{}]},{"senderKeyId":1145571520,"senderChainKey":{"iteration":2,"seed":"gOUatu9vFd+KryNbdBE1As1s+7Ou40PN0u5LKXbEfYE="},"senderSigningKey":{"public":"BZKUYQ3pM4Vy5X09CHQ1D4Dz2StSN30zVIAX9BTq2mBv"},"senderMessageKeys":[]}]