{"_sessions":{"BY11x3HJqGydlamv03k8eqvCgD/HBMPFttS3FSRgZAFf":{"registrationId":339,"currentRatchet":{"ephemeralKeyPair":{"pubKey":"BZqdP8xpXGya9f6O6TJc9pMgzOih7E/dwmlWiXyo44or","privKey":"MCUfMeUOdPAuEByCkBI53eEaZ9jtQWTLVG8FqodSgWA="},"lastRemoteEphemeralKey":"BQTTxg+R56wvOgnhpTn/DqKHAwphEwuBi+Dwq+1Dushc","previousCounter":0,"rootKey":"6m0SAls7uKliircX7xduUwFinBQRrdDbSJyjEVzT/es="},"indexInfo":{"baseKey":"BY11x3HJqGydlamv03k8eqvCgD/HBMPFttS3FSRgZAFf","baseKeyType":1,"closed":-1,"used":1692405307969,"created":1692405307969,"remoteIdentityKey":"BWtI6fJx17VGrq1qQJ+7esHr150Gc6MhrM6qNq4CBLk+"},"_chains":{"BZqdP8xpXGya9f6O6TJc9pMgzOih7E/dwmlWiXyo44or":{"chainKey":{"counter":0,"key":"s1m02zNeYV9I6P9WWImqaHJHIqZpAVdDrF+2GGYJjkk="},"chainType":1,"messageKeys":{}}},"pendingPreKey":{"signedKeyId":1,"baseKey":"BY11x3HJqGydlamv03k8eqvCgD/HBMPFttS3FSRgZAFf"}}},"version":"v1"}