{"_sessions":{"Bb98Abhr05ubDi+bu0dOjyxYhkv0cueqcGBpMkJixXdS":{"registrationId":1648388008,"currentRatchet":{"ephemeralKeyPair":{"pubKey":"BSVd6C2hn73mrB+SY686iUYshX5X2OEg6e8gViGhKWQb","privKey":"sGvXrL7THo3oKnnjPf3fFpb7ZILa9PYUqKBmrsMlP0g="},"lastRemoteEphemeralKey":"BVsCm8j2It+rcr0D63f1oNgLsRR9kfK8uN1itwDJYGVh","previousCounter":0,"rootKey":"tv+tAWSz2v63/cfFvq1EqjwsCCOdRtky1BCJ7mMzkw4="},"indexInfo":{"baseKey":"Bb98Abhr05ubDi+bu0dOjyxYhkv0cueqcGBpMkJixXdS","baseKeyType":1,"closed":-1,"used":1692405308783,"created":1692405308783,"remoteIdentityKey":"Bdze1pma6B0EqSZaZMBfXwEIzDRiyCZ+lPwMxZ+uABJJ"},"_chains":{"BSVd6C2hn73mrB+SY686iUYshX5X2OEg6e8gViGhKWQb":{"chainKey":{"counter":0,"key":"5kwrIQjq6S+fFFqvCdBSI6g31hPpV7y9Bcd9FhjDEiI="},"chainType":1,"messageKeys":{}}},"pendingPreKey":{"signedKeyId":57,"baseKey":"Bb98Abhr05ubDi+bu0dOjyxYhkv0cueqcGBpMkJixXdS","preKeyId":10655284}}},"version":"v1"}