{"_sessions":{"BTLnRa+9WfmVi+2eODorOyq4yFbpxdOtItVWaod1LOZF":{"registrationId":1635088607,"currentRatchet":{"ephemeralKeyPair":{"pubKey":"BeLzY94BHKaKpiQIGfX/AL8tSCVpRy8h/+2HkSZSqlNJ","privKey":"iEdBCvx/8yLgYF/boLxbDUZzsz+tbv1W4tqSUTaKNX0="},"lastRemoteEphemeralKey":"BU57NW6W69qemgbs3Lcd61UbIUKq0nCZcaQFoCJHFvwE","previousCounter":0,"rootKey":"sZS6XS56yjb6TS1PwZf+wBi8sQ/4Ynsw6SR+83hy6lg="},"indexInfo":{"baseKey":"BTLnRa+9WfmVi+2eODorOyq4yFbpxdOtItVWaod1LOZF","baseKeyType":1,"closed":-1,"used":1692405309655,"created":1692405309655,"remoteIdentityKey":"BZACz68wq0XVy9abSqg6+GFsgzZQSGf8YA2Qv8OfsJAO"},"_chains":{"BeLzY94BHKaKpiQIGfX/AL8tSCVpRy8h/+2HkSZSqlNJ":{"chainKey":{"counter":0,"key":"Nzbp57ypUKuKYImUme9H91OPXOSsiS/GRVSkNTfc8e8="},"chainType":1,"messageKeys":{}}},"pendingPreKey":{"signedKeyId":8,"baseKey":"BTLnRa+9WfmVi+2eODorOyq4yFbpxdOtItVWaod1LOZF","preKeyId":10560425}}},"version":"v1"}