{"_sessions":{"BZ3CnbQVlGnZuseYCtnVQkMvG1D5i4+29DOYn3C0LnZD":{"registrationId":48,"currentRatchet":{"ephemeralKeyPair":{"pubKey":"BUgYu+beiWsCbPOuGx/r3/AA3wfeO0+2G/PARBdqCHB+","privKey":"yCU6wkKCl0wmjwKpDrKUqShos3PpywS57qe5Om4VrF8="},"lastRemoteEphemeralKey":"BTHdVF4VPCyeQj0HnqX6ZvK0HJDvyK+hGH3mOP+xfLpd","previousCounter":0,"rootKey":"hOnrBJYSYL5TOs7ds0bt9M32fGPYLG8czcc+GP0xSS4="},"indexInfo":{"baseKey":"BZ3CnbQVlGnZuseYCtnVQkMvG1D5i4+29DOYn3C0LnZD","baseKeyType":1,"closed":-1,"used":1692405307872,"created":1692405307872,"remoteIdentityKey":"BY4oC0USOL/dFfmlzXSA10qAUgv9a+qif+xhWu3AaHAE"},"_chains":{"BUgYu+beiWsCbPOuGx/r3/AA3wfeO0+2G/PARBdqCHB+":{"chainKey":{"counter":0,"key":"ZnpKKHM1R5Uk1zx4TJrrHTjOz0OrgINyCs1MhExncjQ="},"chainType":1,"messageKeys":{}}},"pendingPreKey":{"signedKeyId":1,"baseKey":"BZ3CnbQVlGnZuseYCtnVQkMvG1D5i4+29DOYn3C0LnZD"}}},"version":"v1"}