{"_sessions":{"BVfqwwcaU3iMb1YxKLTwb/RO1PbtcCE7zo78LZZYl6xX":{"registrationId":1865107163,"currentRatchet":{"ephemeralKeyPair":{"pubKey":"BcpGVo5YEtYNUkyRnxAwcgyAqR6c3vrU0KA7oFexMUZS","privKey":"oCeRt1JXg/p0mNtmxIeTzibp/lezefa2pd2wpJE1lms="},"lastRemoteEphemeralKey":"BTfPwLNwK+QFHifR0QHnkzZws5LTn0oDSCMH5BDpc6g2","previousCounter":0,"rootKey":"J4YGv6Vi6vQTY0+96vl7ug3VwQt0cDuIGFfKIxH0LoM="},"indexInfo":{"baseKey":"BVfqwwcaU3iMb1YxKLTwb/RO1PbtcCE7zo78LZZYl6xX","baseKeyType":1,"closed":-1,"used":1692405310105,"created":1692405310105,"remoteIdentityKey":"BXLiyVPYm59jb+GSipyh1c1jXGBP4L4Swz/CS8Z18zNY"},"_chains":{"BcpGVo5YEtYNUkyRnxAwcgyAqR6c3vrU0KA7oFexMUZS":{"chainKey":{"counter":0,"key":"nPnLhIHMXEu9FR/SXSsDk0mYqq+lE+MWuBOMBsYAgig="},"chainType":1,"messageKeys":{}}},"pendingPreKey":{"signedKeyId":2,"baseKey":"BVfqwwcaU3iMb1YxKLTwb/RO1PbtcCE7zo78LZZYl6xX","preKeyId":793856}}},"version":"v1"}