{"_sessions":{"BYyxpqMoOTrJpPdURWIjTdPcBkKg7b7nIK/MsX/ledZn":{"registrationId":1839393274,"currentRatchet":{"ephemeralKeyPair":{"pubKey":"BTPz1OLrIwjWXU+SlCyHZpYGnT76mjZu3JEE7anoZxcV","privKey":"yBksB61fKQiPjwkb5BM4ReW/dXxIuVSLBfnWLU0bgW8="},"lastRemoteEphemeralKey":"BQZenMFwCOiFETpjFgE6F4TxicNxwlQWG8kwYnezV1p/","previousCounter":0,"rootKey":"WDFVW4LQv7Qs+/89e3p6/6gFmtciUJ9WqFojqEI49XI="},"indexInfo":{"baseKey":"BYyxpqMoOTrJpPdURWIjTdPcBkKg7b7nIK/MsX/ledZn","baseKeyType":1,"closed":-1,"used":1692405309142,"created":1692405309142,"remoteIdentityKey":"BdVmO3avvilwN5atraAljeKUkxsZLi8+giI/y43mD2wP"},"_chains":{"BTPz1OLrIwjWXU+SlCyHZpYGnT76mjZu3JEE7anoZxcV":{"chainKey":{"counter":0,"key":"F4EPnwf9BNC6IfVtWPlB8+K0FLI8p4l/+0WRMfZIdPc="},"chainType":1,"messageKeys":{}}},"pendingPreKey":{"signedKeyId":7,"baseKey":"BYyxpqMoOTrJpPdURWIjTdPcBkKg7b7nIK/MsX/ledZn","preKeyId":3957674}}},"version":"v1"}