{"_sessions":{"Bc3OmnzPJSrinlDLHU6dLwGId8KZq+4vSd9NS1KHMsA8":{"registrationId":1242674516,"currentRatchet":{"ephemeralKeyPair":{"pubKey":"BRQnqB7iJvjd1+u7qPgoWF2jDWM5u+qYSSTxewm/Wfhv","privKey":"+D+gdpAX7g7GdF7VdZRAfxSq420GD2qMs3NVI2BT5HQ="},"lastRemoteEphemeralKey":"BdHe/Jzc7qiP+n+g1gjVfkj+2d3NDA10/QmIBIzKRT1v","previousCounter":0,"rootKey":"ig2s7qQfDZV7JgA/pPpSgbTwkDdMhkNEw4VtRGmc7Fw="},"indexInfo":{"baseKey":"Bc3OmnzPJSrinlDLHU6dLwGId8KZq+4vSd9NS1KHMsA8","baseKeyType":1,"closed":-1,"used":1692405308651,"created":1692405308651,"remoteIdentityKey":"BUI/LoRkNeH6xn5rdW9HHDu1QoYk0UqSyRduI6VpFRZr"},"_chains":{"BRQnqB7iJvjd1+u7qPgoWF2jDWM5u+qYSSTxewm/Wfhv":{"chainKey":{"counter":0,"key":"ErH5qyIKWrpk3ZdtljHvb5VgfMMsNG6GaP+WEmFCgOM="},"chainType":1,"messageKeys":{}}},"pendingPreKey":{"signedKeyId":13,"baseKey":"Bc3OmnzPJSrinlDLHU6dLwGId8KZq+4vSd9NS1KHMsA8","preKeyId":519016}}},"version":"v1"}