{"_sessions":{"BSp7aW7s6Yg9kqb/14raiHKi0U1qFYEW8XuwiX8b/A4C":{"registrationId":1789626072,"currentRatchet":{"ephemeralKeyPair":{"pubKey":"BRoXNk4UfbXjj7bVENA7FFRppNHFcEJE7N0aO7TjPBkN","privKey":"aCfYdHtQ9VvKUYWCjQCbjAXpgKRmnrv8qRY/SL4W+Gg="},"lastRemoteEphemeralKey":"BbKnQMwyj3ltBF50VbeSexXjMDsC24WlaJpLZipHyGo1","previousCounter":0,"rootKey":"PG0BlFWUpvHIFrv16IPNpp4cLsjTbQbd63t5ASlwo0k="},"indexInfo":{"baseKey":"BSp7aW7s6Yg9kqb/14raiHKi0U1qFYEW8XuwiX8b/A4C","baseKeyType":1,"closed":-1,"used":1692405309204,"created":1692405309204,"remoteIdentityKey":"BRQLFernFxqJmtUk8vVo2xNzaNVbnE02PgqXDvYM774s"},"_chains":{"BRoXNk4UfbXjj7bVENA7FFRppNHFcEJE7N0aO7TjPBkN":{"chainKey":{"counter":0,"key":"XjiqKbdfoTWRwOuwRBGrs1z17cWOOGUzcEVasyCA0UI="},"chainType":1,"messageKeys":{}}},"pendingPreKey":{"signedKeyId":11,"baseKey":"BSp7aW7s6Yg9kqb/14raiHKi0U1qFYEW8XuwiX8b/A4C","preKeyId":12254741}}},"version":"v1"}