{"_sessions":{"BQtcEYPXvihuBzDbR5/ZESTw6f0T6J0LrDRLmUi56jwK":{"registrationId":2146355972,"currentRatchet":{"ephemeralKeyPair":{"pubKey":"BXF2bvly6crW3cIO9EHvy4WkwXe0iRh/gBDzmwFy4fk6","privKey":"8Jsjl7ZPxqakXeHzazn1hocVKqAzCbJMxebSFi6ChGw="},"lastRemoteEphemeralKey":"BRE3+pybr9sbHax7Psrago+asPfmBpbde7Szi+VsnHtN","previousCounter":0,"rootKey":"pE5JARhzPhA/XU+Km05vudqtVHtPBdjB6M6SN4lkyTA="},"indexInfo":{"baseKey":"BQtcEYPXvihuBzDbR5/ZESTw6f0T6J0LrDRLmUi56jwK","baseKeyType":1,"closed":-1,"used":1692405309804,"created":1692405309804,"remoteIdentityKey":"BctCsPLrK+7DXTficWLbMc5/cGSuYLPRFBt60Qd1kNI4"},"_chains":{"BXF2bvly6crW3cIO9EHvy4WkwXe0iRh/gBDzmwFy4fk6":{"chainKey":{"counter":0,"key":"wdNeyrsrvDWTyExQwn/IfgAWL9TLmv6Tz4QNBr0OckE="},"chainType":1,"messageKeys":{}}},"pendingPreKey":{"signedKeyId":67,"baseKey":"BQtcEYPXvihuBzDbR5/ZESTw6f0T6J0LrDRLmUi56jwK","preKeyId":7980094}}},"version":"v1"}