{"_sessions":{"BTSexzk4Hys3twd+I4umnVLtFyZhU2Ubi+gVHk1UlbdH":{"registrationId":165339203,"currentRatchet":{"ephemeralKeyPair":{"pubKey":"BeTpTgGqDdFWNpDl9xrhI2vBXid3HkmKLDuII2BVJ1dw","privKey":"YLZHy1zE3ft2yIAgh9mSrXWFqMHPqXGHbVN3gEJoWWw="},"lastRemoteEphemeralKey":"BUhjTBQmR1hHlKnI/rp+Rbg1F6/wH4OA4OrZ42Sw5XoV","previousCounter":0,"rootKey":"nl34rV8dsJ9s5eEzqmD+1tm93pRY2/AoMuGa/U59OWI="},"indexInfo":{"baseKey":"BTSexzk4Hys3twd+I4umnVLtFyZhU2Ubi+gVHk1UlbdH","baseKeyType":1,"closed":-1,"used":1692405308905,"created":1692405308905,"remoteIdentityKey":"BbyBSEsnLdmTxzowUy+YAEFSj9jZSjkgJRwrxfmPBj9B"},"_chains":{"BeTpTgGqDdFWNpDl9xrhI2vBXid3HkmKLDuII2BVJ1dw":{"chainKey":{"counter":0,"key":"Dey/Y8VBdt06IwMqvsGpYjlYfvhaxdeL2cJdzoAW7mc="},"chainType":1,"messageKeys":{}}},"pendingPreKey":{"signedKeyId":25,"baseKey":"BTSexzk4Hys3twd+I4umnVLtFyZhU2Ubi+gVHk1UlbdH","preKeyId":7248118}}},"version":"v1"}