{"_sessions":{"BYEYNzJy/8ifVfvnWCcMIFFgKiTBeveeHtEeCcqNNEoH":{"registrationId":603810523,"currentRatchet":{"ephemeralKeyPair":{"pubKey":"BYJlu73D6cU2XF5LizHOET8XU9MUPERrlW88i80xzL9r","privKey":"yFgpzQncW0Qacm3UB6ccDfTpRVLbwPSblVEeGIhZ4Vo="},"lastRemoteEphemeralKey":"BYMOZ9sDJXVGIp6YExDtYeLhYJpchP0fHtdwEvxFschL","previousCounter":0,"rootKey":"F9EZp5ZIOPkerSo2dWt485ZvwOAQ6Kmey7SdY+7ZDv4="},"indexInfo":{"baseKey":"BYEYNzJy/8ifVfvnWCcMIFFgKiTBeveeHtEeCcqNNEoH","baseKeyType":1,"closed":-1,"used":1692405309126,"created":1692405309126,"remoteIdentityKey":"BVHFOpB2qWqNYgXCUOolhSQrF+1getY0UwyVwLiFZS5L"},"_chains":{"BYJlu73D6cU2XF5LizHOET8XU9MUPERrlW88i80xzL9r":{"chainKey":{"counter":0,"key":"49BNnUMmGejxmjUU1e+BRh2+naxcvpxQeEsDvNFILLE="},"chainType":1,"messageKeys":{}}},"pendingPreKey":{"signedKeyId":25,"baseKey":"BYEYNzJy/8ifVfvnWCcMIFFgKiTBeveeHtEeCcqNNEoH","preKeyId":3522647}}},"version":"v1"}