{"_sessions":{"BQTT1TOC50HzjtueBHeBQlosahz4KHb0Rs7FNmxQTPE8":{"registrationId":6661,"currentRatchet":{"ephemeralKeyPair":{"pubKey":"BQHPufQ7L+58RSPxlFXfCkVVebxV7ednxoYaXseJYHwq","privKey":"+IBkzBC6ySHcUTKZoTv3oCv9weIpPfNac0kQ4OG7Rnw="},"lastRemoteEphemeralKey":"BbsX9RNRfSg5/v5oqVJIbrMW7Wn+M4sNnAcXma/cJfYw","previousCounter":0,"rootKey":"rHoPqAPEooPu/5BFpBlOCG7I+5yPQHMAYty8x9nbjf4="},"indexInfo":{"baseKey":"BQTT1TOC50HzjtueBHeBQlosahz4KHb0Rs7FNmxQTPE8","baseKeyType":1,"closed":-1,"used":1692405308287,"created":1692405308287,"remoteIdentityKey":"BdVXByWIfWYHVXgotdPGP/GUwv5MlTGujFZ3lKsMcm8t"},"_chains":{"BQHPufQ7L+58RSPxlFXfCkVVebxV7ednxoYaXseJYHwq":{"chainKey":{"counter":0,"key":"ICOuzbhonumdSpDTG7BBLr5NJVAxjdlyG57uiTKNmfg="},"chainType":1,"messageKeys":{}}},"pendingPreKey":{"signedKeyId":3,"baseKey":"BQTT1TOC50HzjtueBHeBQlosahz4KHb0Rs7FNmxQTPE8","preKeyId":2158}}},"version":"v1"}