{"_sessions":{"BcwgwsBuGe2R+Lqf7z6A0PZaqcowJtXJ9Xdx35OH0bIq":{"registrationId":1296905720,"currentRatchet":{"ephemeralKeyPair":{"pubKey":"BfnktukUIBrl9kyQagY6vcYxq3wwQ9i7uuyjUq9ZlLcS","privKey":"WN+WV2x66uUszp1B/p91mNOXN/pAoJupne0g52Xl9HY="},"lastRemoteEphemeralKey":"BekfNY8mjhjAluQhyTMeFm/zubVY33SLuFFV7oKVES8P","previousCounter":0,"rootKey":"NOPpiYrQvmNyMthTWK23Lh6v5yswWP3yyYZiAh9NfAI="},"indexInfo":{"baseKey":"BcwgwsBuGe2R+Lqf7z6A0PZaqcowJtXJ9Xdx35OH0bIq","baseKeyType":1,"closed":-1,"used":1692405309472,"created":1692405309472,"remoteIdentityKey":"BcvLn3CHspYWJucyRKAPlLm5x4+NadrcEskzUhJHqJER"},"_chains":{"BfnktukUIBrl9kyQagY6vcYxq3wwQ9i7uuyjUq9ZlLcS":{"chainKey":{"counter":0,"key":"O0BCZ6buVtDYDsu/iIa7sX2rSrZyBiG/0IqsUe2UL/A="},"chainType":1,"messageKeys":{}}},"pendingPreKey":{"signedKeyId":8,"baseKey":"BcwgwsBuGe2R+Lqf7z6A0PZaqcowJtXJ9Xdx35OH0bIq","preKeyId":12682694}}},"version":"v1"}