{"_sessions":{"BYhZuZJ8OQQfbcr5hcNmjWTy+ugT64j3hukH7iZRPaYS":{"registrationId":1375885566,"currentRatchet":{"ephemeralKeyPair":{"pubKey":"BZAV1AjuOTocQHA4OjqnYu1z+mfEBwKTI+SR88CMgS5S","privKey":"IB4JF0UI4+rqrnBZ06XQMez+NWU+dT4xx6nN/yF2LGo="},"lastRemoteEphemeralKey":"BWdfwgu6Fbr8+YmGxet0EeDIiK1+yRKFBn29F73hBWVs","previousCounter":0,"rootKey":"bPXD29v2oCwfABFD3OFtExTr96oibYqkmAhiQgAQEu4="},"indexInfo":{"baseKey":"BYhZuZJ8OQQfbcr5hcNmjWTy+ugT64j3hukH7iZRPaYS","baseKeyType":1,"closed":-1,"used":1692405310094,"created":1692405310094,"remoteIdentityKey":"BbhNKihD/7UZrsQOz6EgD7q3EF+ojQ1nRxESmhm1SOp4"},"_chains":{"BZAV1AjuOTocQHA4OjqnYu1z+mfEBwKTI+SR88CMgS5S":{"chainKey":{"counter":0,"key":"u/vQYmjqF4BV+s3mkDb4rL6ybhLrqSifC2ajX2kBXFU="},"chainType":1,"messageKeys":{}}},"pendingPreKey":{"signedKeyId":24,"baseKey":"BYhZuZJ8OQQfbcr5hcNmjWTy+ugT64j3hukH7iZRPaYS","preKeyId":11945}}},"version":"v1"}