{"_sessions":{"BXel2nVJLodaT89IlZ7rpx46kUzmidk3uy9I+t9b738U":{"registrationId":2013435804,"currentRatchet":{"ephemeralKeyPair":{"pubKey":"BWZiiDmPxT0MrjozxWEYTVwUszE3EXnWKo2mv6WDfpsB","privKey":"8FCzlIlGe0jV6haxcPgWZiFkVdqkE34QXBhcyd/flX0="},"lastRemoteEphemeralKey":"BfmWKCfK3gWB8xTF4fjUz3Cp9Z+BBp7Z0DZbkuBzNQ0B","previousCounter":0,"rootKey":"CnWEM2aPNuxUPOXqgb34mAvqiPkYZlJsvMb/GWKu+OU="},"indexInfo":{"baseKey":"BXel2nVJLodaT89IlZ7rpx46kUzmidk3uy9I+t9b738U","baseKeyType":1,"closed":-1,"used":1692405308566,"created":1692405308566,"remoteIdentityKey":"BbZmgTrcOtgzuN33BTuuwC0zyuB9MEElAmezxDjOSSsb"},"_chains":{"BWZiiDmPxT0MrjozxWEYTVwUszE3EXnWKo2mv6WDfpsB":{"chainKey":{"counter":0,"key":"UToeVqYmQHAD1Z58mslgjtoE/yjR1J4weNWi1+gopuI="},"chainType":1,"messageKeys":{}}},"pendingPreKey":{"signedKeyId":0,"baseKey":"BXel2nVJLodaT89IlZ7rpx46kUzmidk3uy9I+t9b738U","preKeyId":3908106}}},"version":"v1"}