{"_sessions":{"Bd+Ny5Q1iFoa/4KPElf76Mp9FC22shea/aNdriKQjm0c":{"registrationId":2129784960,"currentRatchet":{"ephemeralKeyPair":{"pubKey":"Bdc86nA+gzbGeGWoRbA52GZZ4yKAtgRPMC6Ss8BtJSES","privKey":"eDqPhzlfrBDqf6ZaMjq7gQ6YxU2FslI+5tRWVLrSj3w="},"lastRemoteEphemeralKey":"BYLTM45/JRoi1LO2EUZavNIziZVIp+9EUBB9WKwP7mNT","previousCounter":0,"rootKey":"0XwJoMse1XSInF0dC8bDdxVuFKY3FyYWyHqVNhGJgPk="},"indexInfo":{"baseKey":"Bd+Ny5Q1iFoa/4KPElf76Mp9FC22shea/aNdriKQjm0c","baseKeyType":1,"closed":-1,"used":1692405308823,"created":1692405308823,"remoteIdentityKey":"BWAcigX5NgQamXUjqexbGtnfUkhpTf9sc4Ch9jknbRhs"},"_chains":{"Bdc86nA+gzbGeGWoRbA52GZZ4yKAtgRPMC6Ss8BtJSES":{"chainKey":{"counter":0,"key":"25zFpZ8I6sSB703xK5y5hEi68dNLOflVk5e8BHULqJ0="},"chainType":1,"messageKeys":{}}},"pendingPreKey":{"signedKeyId":13,"baseKey":"Bd+Ny5Q1iFoa/4KPElf76Mp9FC22shea/aNdriKQjm0c","preKeyId":13036558}}},"version":"v1"}