{"_sessions":{"Be5cs8JtJZRAB806G88WTzpeXI2HKTb4/fq3imxW2dMa":{"registrationId":12581,"currentRatchet":{"ephemeralKeyPair":{"pubKey":"Bfew2H51051gAOecAdHO44pT+1fGklQaLTk0+B04bC95","privKey":"GEJfidEjzWYbaotVvtEsLClealUjIx+4dwuO3Rs9wFM="},"lastRemoteEphemeralKey":"BUQjeG0CjkdEo3ZF8AomLy8ebiVtLRBeS8kWi7EhPtw5","previousCounter":0,"rootKey":"RSxrrNNZ7Iz7Rq6o00NNSD/tZ88mUy0tPir9urxHUbI="},"indexInfo":{"baseKey":"Be5cs8JtJZRAB806G88WTzpeXI2HKTb4/fq3imxW2dMa","baseKeyType":1,"closed":-1,"used":1692405308485,"created":1692405308485,"remoteIdentityKey":"BQiYpkV+Du/qu88lqsTC1k4vkQ2gKANx98O862rQ0jdz"},"_chains":{"Bfew2H51051gAOecAdHO44pT+1fGklQaLTk0+B04bC95":{"chainKey":{"counter":0,"key":"pVjL7L8TinYX3ovwDYbPwKdrSKWfdFighQ7oRi3kgy4="},"chainType":1,"messageKeys":{}}},"pendingPreKey":{"signedKeyId":1,"baseKey":"Be5cs8JtJZRAB806G88WTzpeXI2HKTb4/fq3imxW2dMa"}}},"version":"v1"}