{"_sessions":{"BT4zWXuUQ8hWNh79VRIycVZSliXRztXLDWTlXNpAe2oo":{"registrationId":2032895413,"currentRatchet":{"ephemeralKeyPair":{"pubKey":"BXB7H7UnDSWzPf4p6u55yRUz7RsK2c84AO62rUZb63hh","privKey":"GJOz7WvKzunGs+oNf9fQNlGCVw+LCe5G+snhgs2vS1w="},"lastRemoteEphemeralKey":"BRd/ha27O/6pfXnnS/r0mWxb7uztDph5raq4Oklgwzld","previousCounter":0,"rootKey":"cfm6QDc9T+KqoJTUSCceHJEIII3ADOHbS9n4lhIcv2Y="},"indexInfo":{"baseKey":"BT4zWXuUQ8hWNh79VRIycVZSliXRztXLDWTlXNpAe2oo","baseKeyType":1,"closed":-1,"used":1692405309799,"created":1692405309799,"remoteIdentityKey":"BeuJu1Z6TTRqeHUDGeZU+4PlxKILA+ftkDqjeNUHpG41"},"_chains":{"BXB7H7UnDSWzPf4p6u55yRUz7RsK2c84AO62rUZb63hh":{"chainKey":{"counter":0,"key":"tyRbThWvoEOyXTTjL5nMhWgvME4OduA3Gjnksg7wwD8="},"chainType":1,"messageKeys":{}}},"pendingPreKey":{"signedKeyId":1,"baseKey":"BT4zWXuUQ8hWNh79VRIycVZSliXRztXLDWTlXNpAe2oo","preKeyId":10738098}}},"version":"v1"}