{"_sessions":{"BSa7fDUGyWcs+pjdidVaqjzlpW2ezg9u0MAl0ZqxxG5b":{"registrationId":1904182530,"currentRatchet":{"ephemeralKeyPair":{"pubKey":"BZWkW1HrvRCJ5u+bJBgRRGMt+5XVsqDT67uXhVLIvvok","privKey":"yPid6KIpYFZy03/fC2D8baslov86ERhbm7h0PZWQ+W4="},"lastRemoteEphemeralKey":"BaTb66Sh4fBHcFFKkQXcDhVBWSinJA/cgyavguNCmCMb","previousCounter":0,"rootKey":"u+m48xPRp4PM84swLIfmF8WZ3s3PXigszWoiwQ8wfes="},"indexInfo":{"baseKey":"BSa7fDUGyWcs+pjdidVaqjzlpW2ezg9u0MAl0ZqxxG5b","baseKeyType":1,"closed":-1,"used":1692405308911,"created":1692405308911,"remoteIdentityKey":"BVpXjzo5kIJs19+Yzeh0L+8n5yjQqecRalvDM3kAGyE2"},"_chains":{"BZWkW1HrvRCJ5u+bJBgRRGMt+5XVsqDT67uXhVLIvvok":{"chainKey":{"counter":0,"key":"De6RYjzUdroVEh9US+ch/bEi2n7NpW+lpAD0paqpQtU="},"chainType":1,"messageKeys":{}}},"pendingPreKey":{"signedKeyId":7,"baseKey":"BSa7fDUGyWcs+pjdidVaqjzlpW2ezg9u0MAl0ZqxxG5b","preKeyId":10966434}}},"version":"v1"}