{"_sessions":{"BeKGQPXxceC8L7MNjpMRfkgY4655yszGi4BiksG7unsa":{"registrationId":1441443169,"currentRatchet":{"ephemeralKeyPair":{"pubKey":"BR7nU9Na2FJ793hWQifMaodBN024AI2/EQ2kc1Jz1z5A","privKey":"+NtF3yI2Se4mys4ZurhCsnoUNN5xKbo3F5FWKTeweFY="},"lastRemoteEphemeralKey":"BbGn9ZmzM05ZXJCeg3A81hFw+D1LCvtDqw9KJCENWQlq","previousCounter":0,"rootKey":"0HLjiAPLhK6dyMT1y5gPo32vHZNyVpxXuoeRHQoP0TQ="},"indexInfo":{"baseKey":"BeKGQPXxceC8L7MNjpMRfkgY4655yszGi4BiksG7unsa","baseKeyType":1,"closed":-1,"used":1692405309595,"created":1692405309595,"remoteIdentityKey":"BcmHzbZVP3HCXxqPu3WWTWm57A99W91XRgf99TAoMh8L"},"_chains":{"BR7nU9Na2FJ793hWQifMaodBN024AI2/EQ2kc1Jz1z5A":{"chainKey":{"counter":0,"key":"ZiK0oK5jPgW0ZPsOqLDuAjgeAtUNxxtSLXtnVLETxH4="},"chainType":1,"messageKeys":{}}},"pendingPreKey":{"signedKeyId":0,"baseKey":"BeKGQPXxceC8L7MNjpMRfkgY4655yszGi4BiksG7unsa"}}},"version":"v1"}