{"_sessions":{"BQkTbDrlVgKIfUENr2IUmjFChsMDLqJfiAH82WQxidYv":{"registrationId":486106892,"currentRatchet":{"ephemeralKeyPair":{"pubKey":"BfURBSmUokoSoHbqyIhayUzRLHb5Uj7KexTY6S5jziF0","privKey":"2KimjjB1c39TmNBtBRE6TO1rwxPsV45YlH9Kvzj3LEQ="},"lastRemoteEphemeralKey":"BSbFE2O7+z7Qoet1RDPzN1vK1qnJkOfQXYAv1l2UUeZH","previousCounter":0,"rootKey":"JHaKsDzY1kjSIoABtgvsZXyLdGgpN/yUqtTVYVa4er0="},"indexInfo":{"baseKey":"BQkTbDrlVgKIfUENr2IUmjFChsMDLqJfiAH82WQxidYv","baseKeyType":1,"closed":-1,"used":1692405310345,"created":1692405310345,"remoteIdentityKey":"BY0FGkwU9nHdbq/gueQGVRUSldM4DcNR0rH9P6OT5ntI"},"_chains":{"BfURBSmUokoSoHbqyIhayUzRLHb5Uj7KexTY6S5jziF0":{"chainKey":{"counter":0,"key":"ekCzTtyxZB5MpuA0LsNPf45sn3r38BUKLaM/yPK1fp4="},"chainType":1,"messageKeys":{}}},"pendingPreKey":{"signedKeyId":14,"baseKey":"BQkTbDrlVgKIfUENr2IUmjFChsMDLqJfiAH82WQxidYv","preKeyId":5563526}}},"version":"v1"}