{"_sessions":{"Bdb/u+7bkEUjhLaiQqCL78Zu9slP8rKbZA8u7T3n2pkG":{"registrationId":1210282935,"currentRatchet":{"ephemeralKeyPair":{"pubKey":"Bfd1AIx126WPlVYZuD7gbfvnu02STQk8Edlh3IbSjtUG","privKey":"2CEYejcTKJ0hNvS5ImUycQK/Gqu3i8zl7MaoyAIu9VI="},"lastRemoteEphemeralKey":"BUAfqxZdCQO88Mb5sn1K3rDrgFicxzLXy9IcZ2ut4CAs","previousCounter":0,"rootKey":"q0SGczSwidV0yNCr9NgU47sj3QfDAm0lgcjUtRj6S8c="},"indexInfo":{"baseKey":"Bdb/u+7bkEUjhLaiQqCL78Zu9slP8rKbZA8u7T3n2pkG","baseKeyType":1,"closed":-1,"used":1692405309542,"created":1692405309542,"remoteIdentityKey":"Be5M5DC0xYtd/UjoUyr/l+6wDdV03SITqlsHqIOKQed6"},"_chains":{"Bfd1AIx126WPlVYZuD7gbfvnu02STQk8Edlh3IbSjtUG":{"chainKey":{"counter":0,"key":"1oBBAesKmSqWCpEhUWLOcISkAeEqGrvr914I6/DlfFU="},"chainType":1,"messageKeys":{}}},"pendingPreKey":{"signedKeyId":7,"baseKey":"Bdb/u+7bkEUjhLaiQqCL78Zu9slP8rKbZA8u7T3n2pkG","preKeyId":2936782}}},"version":"v1"}