{"_sessions":{"BVb4NYMw+bcWifjJ5DPdRJyD97P1PArbgeo6yy7t/V9r":{"registrationId":789703655,"currentRatchet":{"ephemeralKeyPair":{"pubKey":"BS9B3NKtnAyO1aiPWx9CLIX5fPYDRVREoo8J3uqu3vtK","privKey":"KKDAeX65fC2haCBpjBjUZpZ006PLaH6+OvvdWIJimXY="},"lastRemoteEphemeralKey":"BVQPaVgP4TGx19v7I2zvLqoDya4KbMEMGZz8Nq5x7M1a","previousCounter":0,"rootKey":"qzmtJOYVDTy3BKdp0msGGVowdAhILHByjNQ8bVtoQI4="},"indexInfo":{"baseKey":"BVb4NYMw+bcWifjJ5DPdRJyD97P1PArbgeo6yy7t/V9r","baseKeyType":1,"closed":-1,"used":1692405310532,"created":1692405310532,"remoteIdentityKey":"BZ7FRyJwJmB3qd0fPhBZaGAZOZ92+S/fsFMtNHGZkMAm"},"_chains":{"BS9B3NKtnAyO1aiPWx9CLIX5fPYDRVREoo8J3uqu3vtK":{"chainKey":{"counter":0,"key":"UZ7vX5dw1vApX+SokfOx0GrElNqXdCC4W+rLxMijjBY="},"chainType":1,"messageKeys":{}}},"pendingPreKey":{"signedKeyId":13,"baseKey":"BVb4NYMw+bcWifjJ5DPdRJyD97P1PArbgeo6yy7t/V9r","preKeyId":1414170}}},"version":"v1"}