{"_sessions":{"BVFV7xIvSVCo2lyLB7LWH2I2KIBNOLm97tlAZWlxb8Uv":{"registrationId":1127649333,"currentRatchet":{"ephemeralKeyPair":{"pubKey":"Be5nZEhnb4QbgpqOYb1MZpaFIIUdGXDuK7zLoDGU/20T","privKey":"QLVjYTybPMkhsWq34NCARSKU/VvwECJUysAe0SQ6+m0="},"lastRemoteEphemeralKey":"BQbANofLD6xahZ/2EIKtCKy1+63SktO/cVzSz5413e8D","previousCounter":0,"rootKey":"rRPylRoWezszqTM5fu8jaX073t896U0knKadtmXr6No="},"indexInfo":{"baseKey":"BVFV7xIvSVCo2lyLB7LWH2I2KIBNOLm97tlAZWlxb8Uv","baseKeyType":1,"closed":-1,"used":1692405308704,"created":1692405308704,"remoteIdentityKey":"BZMboxQfqELhzmhjvAb5ik19i0rgNn9aRDHQkXrmMhlr"},"_chains":{"Be5nZEhnb4QbgpqOYb1MZpaFIIUdGXDuK7zLoDGU/20T":{"chainKey":{"counter":0,"key":"DcKnI7dVdt4ttN58EkDLAfKPTdOOKLAnW/Pa03O3EJs="},"chainType":1,"messageKeys":{}}},"pendingPreKey":{"signedKeyId":8,"baseKey":"BVFV7xIvSVCo2lyLB7LWH2I2KIBNOLm97tlAZWlxb8Uv"}}},"version":"v1"}