{"_sessions":{"BQxgBOdBrAc/wh1GMvlqrEGSxPO9feTkZ4e5uWNNqQFH":{"registrationId":899448744,"currentRatchet":{"ephemeralKeyPair":{"pubKey":"BRBhYFeijXziXXgtuI/aRRTORYxEeI7xSo5cDqu7iP0Y","privKey":"gDf86dzf6hWz25h9cb1bVSrpxCyt7+Yma+FxWgpxhmI="},"lastRemoteEphemeralKey":"BTVpLbJntlyYT/9/x8sHjifWcj9ftWf+YQUbFRmG9rcs","previousCounter":0,"rootKey":"xKq3ad36XE1J6mu6f48yOkErTuQw4vicqefMohCspws="},"indexInfo":{"baseKey":"BQxgBOdBrAc/wh1GMvlqrEGSxPO9feTkZ4e5uWNNqQFH","baseKeyType":1,"closed":-1,"used":1692405309905,"created":1692405309905,"remoteIdentityKey":"BdshqZLYrqsJ2Gt9A1qu2Ia5DR8vn5TuT3KHVs45DUNu"},"_chains":{"BRBhYFeijXziXXgtuI/aRRTORYxEeI7xSo5cDqu7iP0Y":{"chainKey":{"counter":0,"key":"BNIGWr0tVUvdUOnnKCwBM2mhg0Wk2V8S0xfgaL02Ofw="},"chainType":1,"messageKeys":{}}},"pendingPreKey":{"signedKeyId":1,"baseKey":"BQxgBOdBrAc/wh1GMvlqrEGSxPO9feTkZ4e5uWNNqQFH","preKeyId":15568198}}},"version":"v1"}