{"_sessions":{"BQ6Eml1uCkpEeUN61Hy89ZMbBx5dPCkgqhllpJizGuEt":{"registrationId":940726475,"currentRatchet":{"ephemeralKeyPair":{"pubKey":"BeRr7yMza6483zksT7sfKYJPSloxeew9e+e2ABSiIoJq","privKey":"GJqRtW3W7XTJTxFtQSZIB11zpwbFR4yTltDf6jFv3FE="},"lastRemoteEphemeralKey":"BVLp8YO3ziOTvpEeXhS+/qroYXQDJeISLOFAPG3nFvAU","previousCounter":0,"rootKey":"2b4EUDjRR+awjqbw6XcIhY/0blu/HZsj0V5hUTXGFpc="},"indexInfo":{"baseKey":"BQ6Eml1uCkpEeUN61Hy89ZMbBx5dPCkgqhllpJizGuEt","baseKeyType":1,"closed":-1,"used":1692405308741,"created":1692405308741,"remoteIdentityKey":"BReRWjaJCyZno0JzqAVxObtbF5wBf+hB3WSN+zX3Np4J"},"_chains":{"BeRr7yMza6483zksT7sfKYJPSloxeew9e+e2ABSiIoJq":{"chainKey":{"counter":0,"key":"tpWysL+G/hjTdFM5ta57jiv1j6oNmCd73oNuBOy5jqU="},"chainType":1,"messageKeys":{}}},"pendingPreKey":{"signedKeyId":8,"baseKey":"BQ6Eml1uCkpEeUN61Hy89ZMbBx5dPCkgqhllpJizGuEt","preKeyId":15292777}}},"version":"v1"}