{"_sessions":{"BedE5zPq5IZplvV4FGBQpAALL1HuQgrUuJndkgZv0/Qy":{"registrationId":827931463,"currentRatchet":{"ephemeralKeyPair":{"pubKey":"BRvI477sjjwK2ujM4lPs9ACmfbejK7YeOVpy8OxkVPBZ","privKey":"cH7Z1tGR2ghaKBZdSlHw3ZjDPwsHNVCRXqoPr4Skd08="},"lastRemoteEphemeralKey":"BcpkFeDgVHIIk2Rra24mCohY/o1taon/V/Rqa+x8RSRN","previousCounter":0,"rootKey":"IvLHSB5Qzkr3TfHZKbqC01QfomczMTQ8F/3BIa0JOcI="},"indexInfo":{"baseKey":"BedE5zPq5IZplvV4FGBQpAALL1HuQgrUuJndkgZv0/Qy","baseKeyType":1,"closed":-1,"used":1692405308922,"created":1692405308922,"remoteIdentityKey":"BYoWYxqs3ylVH0lslgfJqB1PodITS5iTjbI9f8XAPwZq"},"_chains":{"BRvI477sjjwK2ujM4lPs9ACmfbejK7YeOVpy8OxkVPBZ":{"chainKey":{"counter":0,"key":"kI+IX2aCdk1N2SCwFKdLoWhEoTcth9wwKmpjCOUJLRE="},"chainType":1,"messageKeys":{}}},"pendingPreKey":{"signedKeyId":1,"baseKey":"BedE5zPq5IZplvV4FGBQpAALL1HuQgrUuJndkgZv0/Qy","preKeyId":15709502}}},"version":"v1"}