{"_sessions":{"BSFQlpq43k5PDw6CA8XmluwIlpjxuIYznAcuhrty4I1E":{"registrationId":1037826721,"currentRatchet":{"ephemeralKeyPair":{"pubKey":"BQ70OGQ0ZHE8RzuY4sa/89VwXH58vP8qynS+/nmEs2AK","privKey":"GEaFYLcFva+WIQ16dHtDJb2HuFib6GUXHhplBgwnHXk="},"lastRemoteEphemeralKey":"BQGI8Hw0dtzS9OGzx8s+nUpdYoCIP+fl5KLaJTHGrNVH","previousCounter":0,"rootKey":"c7+oN7iL5EeLuCEnTUX3+Ia7v88nhgfeUldnUeasONc="},"indexInfo":{"baseKey":"BSFQlpq43k5PDw6CA8XmluwIlpjxuIYznAcuhrty4I1E","baseKeyType":1,"closed":-1,"used":1692405308699,"created":1692405308699,"remoteIdentityKey":"BZ1YsfxW9yHorDicex4t+CNVStyUeuYzIk2Mqa3pQo9i"},"_chains":{"BQ70OGQ0ZHE8RzuY4sa/89VwXH58vP8qynS+/nmEs2AK":{"chainKey":{"counter":0,"key":"sWqs+aSl/W/kCadRsPdbvKv9hWveStAgM1XCSU9CF/4="},"chainType":1,"messageKeys":{}}},"pendingPreKey":{"signedKeyId":12,"baseKey":"BSFQlpq43k5PDw6CA8XmluwIlpjxuIYznAcuhrty4I1E","preKeyId":10499591}}},"version":"v1"}