{"_sessions":{"Bd2l5ozYx0g3WV2D2qdfYOD3WYF0R/iGWErhqoxwyEUg":{"registrationId":1062794139,"currentRatchet":{"ephemeralKeyPair":{"pubKey":"BSPSXwax843aynpc1VfCYr1+AOGtyfdHQdSF9I12ghwH","privKey":"2Hx5LiZ1lWQVY+0TFHlRm2u1zEHnVCGt2a0kTkDDjFE="},"lastRemoteEphemeralKey":"BS/RiYvaibhyLmt4oLcIj09xwi0Q6b0g0uViTEAnEOVj","previousCounter":0,"rootKey":"ZlsMhy+niBjKsXKNrIJyBTFZjd22SrtOT/T7FXQWoqs="},"indexInfo":{"baseKey":"Bd2l5ozYx0g3WV2D2qdfYOD3WYF0R/iGWErhqoxwyEUg","baseKeyType":1,"closed":-1,"used":1692405309009,"created":1692405309009,"remoteIdentityKey":"BR3tRGDROcFbTBPGjXoRulUkjUL1O9wkXZC8r6fGWfVK"},"_chains":{"BSPSXwax843aynpc1VfCYr1+AOGtyfdHQdSF9I12ghwH":{"chainKey":{"counter":0,"key":"Yqx1SrV0EeOJOi/+OfKqszwY1Vo5be5e3QXkf+gw5TE="},"chainType":1,"messageKeys":{}}},"pendingPreKey":{"signedKeyId":1,"baseKey":"Bd2l5ozYx0g3WV2D2qdfYOD3WYF0R/iGWErhqoxwyEUg","preKeyId":10116323}}},"version":"v1"}