{"_sessions":{"BVEc6RbNYxvlt1bcN9sW8vavSkofShmBKjjKF/ZJUVNF":{"registrationId":1049602165,"currentRatchet":{"ephemeralKeyPair":{"pubKey":"BSyS0LfCf8ww7DHD3TnJqsqnN+pU34U8Y9NADUt2DYBJ","privKey":"kEpEeJBENvqhDKD+SGvU/YAapwHZo9VmO7EocQNePHw="},"lastRemoteEphemeralKey":"BeFoqqFqORNm+zZJcnzWy0QmDy+FdbHAdgCJQUvrrAgD","previousCounter":0,"rootKey":"aVCyLAocwyyfCqX2PZpuGNX4ypQtotwtoAQiAccaXj4="},"indexInfo":{"baseKey":"BVEc6RbNYxvlt1bcN9sW8vavSkofShmBKjjKF/ZJUVNF","baseKeyType":1,"closed":-1,"used":1692405309338,"created":1692405309338,"remoteIdentityKey":"BVqEi2ppTdMdmjgT+c8OZTEMM9MJ6Ijy6APy4nw1C/BL"},"_chains":{"BSyS0LfCf8ww7DHD3TnJqsqnN+pU34U8Y9NADUt2DYBJ":{"chainKey":{"counter":0,"key":"6wSTumrf69wlipK0xq/jOUN2L1SGnMLjLoxFsPetiFk="},"chainType":1,"messageKeys":{}}},"pendingPreKey":{"signedKeyId":17,"baseKey":"BVEc6RbNYxvlt1bcN9sW8vavSkofShmBKjjKF/ZJUVNF","preKeyId":9752306}}},"version":"v1"}