{"_sessions":{"BWHuDXFlyqHo2p4A8hfvgj2xQ+KGUxBWITKw1wm9iUYF":{"registrationId":1471138968,"currentRatchet":{"ephemeralKeyPair":{"pubKey":"BUxy4+Dffs3kxE47ENrZ1hOy8Xe+NcW+Bw3rswh91nd3","privKey":"ePmhYwsmPNncwfeoEGSiPlCxd9HvnfWg81yjDAv7/3Q="},"lastRemoteEphemeralKey":"BafXlnajTLTIoiUb6MM5q/Hv6G4fF1CX5uWaTVJy7Jg0","previousCounter":0,"rootKey":"PTIr0RNBUFMkA5J4gfy4a5K0+LT7E7ewzskAfc793Ro="},"indexInfo":{"baseKey":"BWHuDXFlyqHo2p4A8hfvgj2xQ+KGUxBWITKw1wm9iUYF","baseKeyType":1,"closed":-1,"used":1692405309215,"created":1692405309215,"remoteIdentityKey":"BUjmoGjPMULgK6DM0WVJYR+KEIQ0fyWpvkUxlei/4T0C"},"_chains":{"BUxy4+Dffs3kxE47ENrZ1hOy8Xe+NcW+Bw3rswh91nd3":{"chainKey":{"counter":0,"key":"CB43KLjuY35apivjnFbhojyZvCqix+Pmzs1xFPKlq2k="},"chainType":1,"messageKeys":{}}},"pendingPreKey":{"signedKeyId":7,"baseKey":"BWHuDXFlyqHo2p4A8hfvgj2xQ+KGUxBWITKw1wm9iUYF","preKeyId":8491766}}},"version":"v1"}