{"_sessions":{"BbNOieEd6j9baxpq3mrXk/8H0CtxDG5JtQQ4LxhfhtM6":{"registrationId":145460805,"currentRatchet":{"ephemeralKeyPair":{"pubKey":"BaWRK8RBW5TxVDi1ioFr49WHbhmpn0ayal8QhHK1Oc0s","privKey":"kEiCK9MFnLIqPYEIJcnRPjNLw5wsGGAPjsnjT5VCdVc="},"lastRemoteEphemeralKey":"BYMNvxgPgthsaJiv1nFOmnne4OUE8G7DuJrUjjGeDB8I","previousCounter":0,"rootKey":"OrYZbTTZvyxxAXgllN29Yd33UgO8S23x+95MpVfvTs0="},"indexInfo":{"baseKey":"BbNOieEd6j9baxpq3mrXk/8H0CtxDG5JtQQ4LxhfhtM6","baseKeyType":1,"closed":-1,"used":1692405309053,"created":1692405309053,"remoteIdentityKey":"BSs+Y+Jpe766J2Pyi+gMZPMp0BClv3zzZMhwLxWlgg87"},"_chains":{"BaWRK8RBW5TxVDi1ioFr49WHbhmpn0ayal8QhHK1Oc0s":{"chainKey":{"counter":0,"key":"nf/hh1xx9KMZFPqmlSuaU/WSxuoSsI6/HkmrVX47FaA="},"chainType":1,"messageKeys":{}}},"pendingPreKey":{"signedKeyId":12,"baseKey":"BbNOieEd6j9baxpq3mrXk/8H0CtxDG5JtQQ4LxhfhtM6","preKeyId":12309757}}},"version":"v1"}