{"_sessions":{"BXwNeeLN0kTMNL5nfyUigmATZV5cKCbuOLx88xW6P9sQ":{"registrationId":742047811,"currentRatchet":{"ephemeralKeyPair":{"pubKey":"BeJVivsRPQUfXs9P6zRZ1tn/hnwx210S5XJobflxRwou","privKey":"gK6T8NdL0a6ug0uiqcNtSHfH8+xVE3i1040kuBGvjVo="},"lastRemoteEphemeralKey":"BSQk8lO9Uk+3J85DysQNOYIWognkoGChbQjDEWqqRrlx","previousCounter":0,"rootKey":"vRh97KxqUIw7SH5UGtZpAWCJznhSs28BlyaxOM93/qU="},"indexInfo":{"baseKey":"BXwNeeLN0kTMNL5nfyUigmATZV5cKCbuOLx88xW6P9sQ","baseKeyType":1,"closed":-1,"used":1692405309286,"created":1692405309286,"remoteIdentityKey":"BdLbpKs23QOA7ymOy/lQ9Hke/5ZP3cKS7dqrwvci7rcs"},"_chains":{"BeJVivsRPQUfXs9P6zRZ1tn/hnwx210S5XJobflxRwou":{"chainKey":{"counter":0,"key":"3OBPSVZfxVLKrL3alfW0t+vNOrZst4ZwPbaiiRDtpPg="},"chainType":1,"messageKeys":{}}},"pendingPreKey":{"signedKeyId":3,"baseKey":"BXwNeeLN0kTMNL5nfyUigmATZV5cKCbuOLx88xW6P9sQ","preKeyId":8104893}}},"version":"v1"}