{"_sessions":{"BSTQN7HHm9Ptw2CLezR/PEPnyoiSCcunbD1xoOkGxTpo":{"registrationId":2059902362,"currentRatchet":{"ephemeralKeyPair":{"pubKey":"BS3hF+yK6qsJ2a5CC+Fxj9ZSjY0x9o2u9RBP1o2tZItd","privKey":"IKaeHVAR1fcDIurfVHS1vzgTZ72/s156jtcHcC8wS04="},"lastRemoteEphemeralKey":"BQqlCMsW35AFP8FlTQV965BQ6OT0Xf6w8SMhvXFU4CgI","previousCounter":0,"rootKey":"LevLVkW0G9VbtBbpkSeAqUDjSMTIp3RLSQhe5CvG/IU="},"indexInfo":{"baseKey":"BSTQN7HHm9Ptw2CLezR/PEPnyoiSCcunbD1xoOkGxTpo","baseKeyType":1,"closed":-1,"used":1692405310602,"created":1692405310602,"remoteIdentityKey":"BcY6xmkEgUwORP3FAcwV00S4REi38GPCb5hwTGRPpk9J"},"_chains":{"BS3hF+yK6qsJ2a5CC+Fxj9ZSjY0x9o2u9RBP1o2tZItd":{"chainKey":{"counter":0,"key":"7f2z0hUA5OTlBfhaeQ6X/kvWuWXrs6JK8fBwsytz6B0="},"chainType":1,"messageKeys":{}}},"pendingPreKey":{"signedKeyId":13,"baseKey":"BSTQN7HHm9Ptw2CLezR/PEPnyoiSCcunbD1xoOkGxTpo","preKeyId":8946408}}},"version":"v1"}