{"_sessions":{"BVgD6Qd8gfa/EeC/P5V5VEnxxkkQ6PiJL0YnbvuEt7wc":{"registrationId":123,"currentRatchet":{"ephemeralKeyPair":{"pubKey":"BQmDbKZ8Se6fXgcEyxPjIFLBk6QrYoFSa+bHm15y9VYD","privKey":"4GJz+hcSZpW+Hz46DYKHPeMQECjQL2NxwtamveCjI1A="},"lastRemoteEphemeralKey":"Bel3zJg1CdxQDZzRlrbbP3pjnyilu4h+MrimvUpoWeoM","previousCounter":0,"rootKey":"jzA20IYIXahodM+XlET/tiddlX822doP/IHsQ3UVFYI="},"indexInfo":{"baseKey":"BVgD6Qd8gfa/EeC/P5V5VEnxxkkQ6PiJL0YnbvuEt7wc","baseKeyType":1,"closed":-1,"used":1692405308040,"created":1692405308040,"remoteIdentityKey":"BRdgCiz09qVQuIv4lL4I+pPncLyRxrby1JL60h3jdeMQ"},"_chains":{"BQmDbKZ8Se6fXgcEyxPjIFLBk6QrYoFSa+bHm15y9VYD":{"chainKey":{"counter":40,"key":"x2tagJhsRy8kD5V5bDUeqaYf471GNJkkzJigdiMKScs="},"chainType":1,"messageKeys":{}}},"pendingPreKey":{"signedKeyId":1,"baseKey":"BVgD6Qd8gfa/EeC/P5V5VEnxxkkQ6PiJL0YnbvuEt7wc","preKeyId":35}}},"version":"v1"}