{"_sessions":{"Bbd1zDvygLU1H17fngD72s7A3+xXNOCAKjoljVlYJ4Z2":{"registrationId":1104462207,"currentRatchet":{"ephemeralKeyPair":{"pubKey":"BbR34WI8tLkBhRJ+lZHm4KXcXex+N2JFvUFeEvq4LaEN","privKey":"cHA2GFTe9SmjgfXU60hFYHxPOmnsxyeD+7xEWN4rUlI="},"lastRemoteEphemeralKey":"BRTp82S4BO5XUXDXUa4A27uBBZdKORH/Z6L/ObTjTN5n","previousCounter":0,"rootKey":"eU6u/H6PU/wioDzOOnGEKp46FOf8/If9BaZ6+Abfmb8="},"indexInfo":{"baseKey":"Bbd1zDvygLU1H17fngD72s7A3+xXNOCAKjoljVlYJ4Z2","baseKeyType":1,"closed":-1,"used":1692405308765,"created":1692405308765,"remoteIdentityKey":"BZuSdrYug9uXDhcjB/aqOIB6X3TU5f0NGXr2vE4jTEEO"},"_chains":{"BbR34WI8tLkBhRJ+lZHm4KXcXex+N2JFvUFeEvq4LaEN":{"chainKey":{"counter":0,"key":"nBp0rXQjLg2ufvjO5N1M2EN+09/6ajAbwkxSjmVaz+Q="},"chainType":1,"messageKeys":{}}},"pendingPreKey":{"signedKeyId":10,"baseKey":"Bbd1zDvygLU1H17fngD72s7A3+xXNOCAKjoljVlYJ4Z2","preKeyId":2011833}}},"version":"v1"}