{"_sessions":{"BaBbsENt83kFm0I5zOPQ2wjMT1ieO9WhRloDDIZ26LMm":{"registrationId":250,"currentRatchet":{"ephemeralKeyPair":{"pubKey":"BTfHSqZVxkhfaYe5o7JTYUREMYjYao37RwiqUegoJokx","privKey":"2MylaeGIba8wc3WQe8TVQKuh11JUFrna+nlQv63xoko="},"lastRemoteEphemeralKey":"BQGWygz+cr4caDgefzoWWlodIvTH4KPxvj4JGapSMtYW","previousCounter":0,"rootKey":"a3UC0fHM3JDVvRuxA69b2Sbp4A4ocjhcGEskCIsZHb4="},"indexInfo":{"baseKey":"BaBbsENt83kFm0I5zOPQ2wjMT1ieO9WhRloDDIZ26LMm","baseKeyType":2,"closed":-1,"used":1692407309865,"created":1692407309865,"remoteIdentityKey":"BT6YbFM9+yC507umhp2NC6Uj9xWvuEo/dWre2r7T8AMK"},"_chains":{"BQGWygz+cr4caDgefzoWWlodIvTH4KPxvj4JGapSMtYW":{"chainKey":{"counter":1,"key":"7xFukVNke3q8tVpAtF+aVVjek9KROswwOVsxjT3vUug="},"chainType":2,"messageKeys":{}},"BTfHSqZVxkhfaYe5o7JTYUREMYjYao37RwiqUegoJokx":{"chainKey":{"counter":-1,"key":"uTIP85klWasYIEbxR1Df8GhZnbuczHESER7BsHs2ndQ="},"chainType":1,"messageKeys":{}}}}},"version":"v1"}