{"_sessions":{"BfxCn0h+qtI7ox/nxNvGgDZSigHsj0KWeXxm+AzF+zx+":{"registrationId":2108119680,"currentRatchet":{"ephemeralKeyPair":{"pubKey":"BTQS6q2puVmQi4XuI44lD4E0on+lDzQaQHrR5mnACf42","privKey":"OLIBDQGl9o488C/xEl99bKzJC9RCVeFn9Dnk3MeNEVc="},"lastRemoteEphemeralKey":"BeikLcHFtwraZmkhSQNp2Y+GE8i94noM+z+yZvOx1gIV","previousCounter":0,"rootKey":"qJIHK5QPmMfhHd11bKi0vtZxF6PdtXho5LoiiPyAkSg="},"indexInfo":{"baseKey":"BfxCn0h+qtI7ox/nxNvGgDZSigHsj0KWeXxm+AzF+zx+","baseKeyType":1,"closed":-1,"used":1692405308662,"created":1692405308662,"remoteIdentityKey":"BTDthLTWdfa+byVCdX/jcs9G3adeOi8AtbehMVFPiMUP"},"_chains":{"BTQS6q2puVmQi4XuI44lD4E0on+lDzQaQHrR5mnACf42":{"chainKey":{"counter":0,"key":"/Nx/5JqWwAYdGwk8v4mEqP5a9SdqD9wGDIsWfNh7QfA="},"chainType":1,"messageKeys":{}}},"pendingPreKey":{"signedKeyId":1,"baseKey":"BfxCn0h+qtI7ox/nxNvGgDZSigHsj0KWeXxm+AzF+zx+","preKeyId":4856949}}},"version":"v1"}