{"_sessions":{"BSwqaA01S/aA5zt+gJig0RpdGSyL6nYUUA5i/enrK2Ul":{"registrationId":1653123320,"currentRatchet":{"ephemeralKeyPair":{"pubKey":"BYwStVMDRGbqlWlw5u6r6kVrgvOQLB2qWs10ld1QQ29I","privKey":"+C1JiQuMWFHZ1dMWL/W5PQMHCHPzW3aiqkXq4JDwjFE="},"lastRemoteEphemeralKey":"Be7jU85vs93Dbl3/sZTKwgY7JujBluFYYSmNq2FzEARN","previousCounter":0,"rootKey":"cU15bV3oDhwU78bKBfpgsPe8rz3Um+x7Cz8eyDJPxxE="},"indexInfo":{"baseKey":"BSwqaA01S/aA5zt+gJig0RpdGSyL6nYUUA5i/enrK2Ul","baseKeyType":1,"closed":-1,"used":1692405309935,"created":1692405309935,"remoteIdentityKey":"BQ5f1Oc1hQHtdkZGEGnuiNIUM67DwsGrWrv5ewx2GHkU"},"_chains":{"BYwStVMDRGbqlWlw5u6r6kVrgvOQLB2qWs10ld1QQ29I":{"chainKey":{"counter":0,"key":"IGs69m8TdSJ7bDbRI3dirh5w06n0+6S9sfAzq2LbC8c="},"chainType":1,"messageKeys":{}}},"pendingPreKey":{"signedKeyId":11,"baseKey":"BSwqaA01S/aA5zt+gJig0RpdGSyL6nYUUA5i/enrK2Ul"}}},"version":"v1"}