{"_sessions":{"BR7kQAmxQdbBvIPG87mVi5HxOlyhMkNrtlj7g0zs6fwm":{"registrationId":1163595052,"currentRatchet":{"ephemeralKeyPair":{"pubKey":"BQFbJrFWnlDmBL1RbpntLwL3gJp07SiVW8DxF2aOYI8Z","privKey":"uF+7yB/zYwutp4u3iquMreaMZPfTF7e7LTvrzZT7VV8="},"lastRemoteEphemeralKey":"Bc/9k1W0Nhdn3SBVFmuCTeLySi+VSHlFRNx+TR+4/U5s","previousCounter":0,"rootKey":"MhKS41y5t1ggseKAuvYf6yJ4bLpiQXwwp/AJhtXNKe4="},"indexInfo":{"baseKey":"BR7kQAmxQdbBvIPG87mVi5HxOlyhMkNrtlj7g0zs6fwm","baseKeyType":1,"closed":-1,"used":1692405309720,"created":1692405309720,"remoteIdentityKey":"BRHahElf/YxUU/4HWb9NmslFG/sFif2W2YrFtjbLEQUN"},"_chains":{"BQFbJrFWnlDmBL1RbpntLwL3gJp07SiVW8DxF2aOYI8Z":{"chainKey":{"counter":0,"key":"Ssh02EQeH9l7G+InC5FhQ19Euq/lxjqHleVV1ubnOG8="},"chainType":1,"messageKeys":{}}},"pendingPreKey":{"signedKeyId":4,"baseKey":"BR7kQAmxQdbBvIPG87mVi5HxOlyhMkNrtlj7g0zs6fwm","preKeyId":8805064}}},"version":"v1"}