{"_sessions":{"BRekbOiQ2DGQz/gAC4nSMxdKmqlZ+ZbVMa90/VPsrWNp":{"registrationId":795625612,"currentRatchet":{"ephemeralKeyPair":{"pubKey":"BVRKik3JHEPQwBOUk3wBZi4I99xMBIqyLdf4+NP7wtUa","privKey":"eBPkeP5UQtsveH3KVCUjlAEJHKJNnEpezNvQwrkx3HQ="},"lastRemoteEphemeralKey":"BZ16X8Qbvti2OhILEQwBcssmPA4kzv88iqIP3DbyG2dB","previousCounter":0,"rootKey":"8CQ6cf8luod+WbRg15OICqp3gCz1IEv1NblzdEn/4mg="},"indexInfo":{"baseKey":"BRekbOiQ2DGQz/gAC4nSMxdKmqlZ+ZbVMa90/VPsrWNp","baseKeyType":1,"closed":-1,"used":1692405308987,"created":1692405308987,"remoteIdentityKey":"BYATTKWWNOx34cptsLhC+N1lDJFm6zXudzVwnEmWSSE2"},"_chains":{"BVRKik3JHEPQwBOUk3wBZi4I99xMBIqyLdf4+NP7wtUa":{"chainKey":{"counter":0,"key":"DwdA/PhD68wb0XUEbbXQSdY7Mff63GCweB23p9DwrxU="},"chainType":1,"messageKeys":{}}},"pendingPreKey":{"signedKeyId":0,"baseKey":"BRekbOiQ2DGQz/gAC4nSMxdKmqlZ+ZbVMa90/VPsrWNp"}}},"version":"v1"}