{"_sessions":{"BRVTwPEj4xBNtOjMnX0cjOo5vUlt7MB92xcmsz41bohs":{"registrationId":15017,"currentRatchet":{"ephemeralKeyPair":{"pubKey":"BbYbGFdaTtnOaADxJT0i9mxsa+Yh5aJUomZtPWBeegow","privKey":"MNDmWyxyc6mofutAHthj5vZOX//LZWAULyfBF0jE+VY="},"lastRemoteEphemeralKey":"BZzx7Cwgismzug977VIawYUFcEbes6MdwE+U+WyZzLdy","previousCounter":0,"rootKey":"vJYWxCRGyvMVd2JmoKl7Qskysh80H0lV9aLVBLd2BKI="},"indexInfo":{"baseKey":"BRVTwPEj4xBNtOjMnX0cjOo5vUlt7MB92xcmsz41bohs","baseKeyType":1,"closed":-1,"used":1692405308139,"created":1692405308139,"remoteIdentityKey":"BSsZ4fDRnWyXudO8UMNhkJ4IxUBxbq6YvG3sBSOTRc8v"},"_chains":{"BbYbGFdaTtnOaADxJT0i9mxsa+Yh5aJUomZtPWBeegow":{"chainKey":{"counter":0,"key":"DwSGpOdvQIgQaQrnvCDlPJeDMgPCvT1/pvbaoVAQu3o="},"chainType":1,"messageKeys":{}}},"pendingPreKey":{"signedKeyId":1,"baseKey":"BRVTwPEj4xBNtOjMnX0cjOo5vUlt7MB92xcmsz41bohs","preKeyId":579}}},"version":"v1"}