{"_sessions":{"BeG7AESVT3j9Xm6DeqvcuxMKpCKCzxomm3G7qLh04PVO":{"registrationId":781719127,"currentRatchet":{"ephemeralKeyPair":{"pubKey":"BeAMypJl90yq1nD4tHvgRroelokT6mp0lYTEraPzQVcy","privKey":"uHI1eaT61XD9baLpkKFinFWj3LKPXcRMUPk//zKpXUw="},"lastRemoteEphemeralKey":"BVeUncar+LJjFsMHRmn4qmhtVwZa1Fv4ho2LspIUgk9t","previousCounter":0,"rootKey":"+4KPUeZtlQ5ORVtbUGazrOTxHbWpxEsKX3rfY0a2mwk="},"indexInfo":{"baseKey":"BeG7AESVT3j9Xm6DeqvcuxMKpCKCzxomm3G7qLh04PVO","baseKeyType":1,"closed":-1,"used":1692405310208,"created":1692405310208,"remoteIdentityKey":"BUv0rA4s08mCvz0QctDKN1nDEqjCOVkaXFGj87zydjVi"},"_chains":{"BeAMypJl90yq1nD4tHvgRroelokT6mp0lYTEraPzQVcy":{"chainKey":{"counter":0,"key":"p1nJZIIPWzXyxko+TMbViM0WzF5Neltrkp0WYIxPNxc="},"chainType":1,"messageKeys":{}}},"pendingPreKey":{"signedKeyId":6,"baseKey":"BeG7AESVT3j9Xm6DeqvcuxMKpCKCzxomm3G7qLh04PVO","preKeyId":10174575}}},"version":"v1"}