{"_sessions":{"BaRVAuaHGtiwRTwJ4LUZHuCA1B0JQB55FRfKxsqQjlhk":{"registrationId":328765434,"currentRatchet":{"ephemeralKeyPair":{"pubKey":"BciAjyn9ZhZ5H4EYv0tApdPY1F7NnONCtqTjyDCLckh0","privKey":"uMBvN5STmJXnh1kZlvWnVnlEUNHOAKljtPR1igZUSWk="},"lastRemoteEphemeralKey":"BdxeSyCfd/QZ3AdM94YRX+LyxHx6Ub9rHlbkL1Q6jyIw","previousCounter":0,"rootKey":"el947jcv2BwdpU1ZJohk/VHty+V6n1gWkPdo8LPlQgA="},"indexInfo":{"baseKey":"BaRVAuaHGtiwRTwJ4LUZHuCA1B0JQB55FRfKxsqQjlhk","baseKeyType":1,"closed":-1,"used":1692405310465,"created":1692405310464,"remoteIdentityKey":"BfPl40gsZlGX6vFx5/7XLxDfHIt855RD0GEg1pGfZO5w"},"_chains":{"BciAjyn9ZhZ5H4EYv0tApdPY1F7NnONCtqTjyDCLckh0":{"chainKey":{"counter":0,"key":"rtFXkD/YjBN+ZlXQGBl8LccMQrBR4jfeZppLuVVxYWs="},"chainType":1,"messageKeys":{}}},"pendingPreKey":{"signedKeyId":0,"baseKey":"BaRVAuaHGtiwRTwJ4LUZHuCA1B0JQB55FRfKxsqQjlhk","preKeyId":1866232}}},"version":"v1"}