{"_sessions":{"BTHsbyF3FKR1/OpvpLNKX+6S5iFY4zba4l0pAlVtM3sf":{"registrationId":852371882,"currentRatchet":{"ephemeralKeyPair":{"pubKey":"Bacz0jcR4USZ2epQ1ZsjIsOCr1alzjSLnzWTg2yCDdVo","privKey":"qHeQUi9ku1yacYZtq4p0B6mS6J3Wwa3q78eOoxD5nWQ="},"lastRemoteEphemeralKey":"Ba4QGD+T8GqvzKWwRqZDA8Wl734H6VvTZ8nHT/wAbotK","previousCounter":0,"rootKey":"MDuOmp4WzBrlRU9sZM5InRbTmr868wsuhpCziM4zxSI="},"indexInfo":{"baseKey":"BTHsbyF3FKR1/OpvpLNKX+6S5iFY4zba4l0pAlVtM3sf","baseKeyType":1,"closed":-1,"used":1692405308934,"created":1692405308934,"remoteIdentityKey":"Beum4FkZzraONH123KHVD8M+eB1HPtAg3QL/8y2Y7r52"},"_chains":{"Bacz0jcR4USZ2epQ1ZsjIsOCr1alzjSLnzWTg2yCDdVo":{"chainKey":{"counter":0,"key":"gMTUxYjOdb4XdoW95cJt1C40DpqJu/j3xdbL9D3xhFc="},"chainType":1,"messageKeys":{}}},"pendingPreKey":{"signedKeyId":40,"baseKey":"BTHsbyF3FKR1/OpvpLNKX+6S5iFY4zba4l0pAlVtM3sf","preKeyId":2443675}}},"version":"v1"}