{"_sessions":{"BVI2Hk07vDfQyKnHZDM4tc/kFeAC/zp00iJALmcIzqdq":{"registrationId":1676305618,"currentRatchet":{"ephemeralKeyPair":{"pubKey":"BR8S9qi4udJWvGDl7+X7uSkasiH9Jzzhqla8FGfPsoN0","privKey":"0IIpXplAskNRzps3usaDD0CWd6BdjZjQjv6Z6u8Wrks="},"lastRemoteEphemeralKey":"BdBdamwI6yPg+CdFPMJQa7+bmDey9rOgkFPS+s95OPt8","previousCounter":0,"rootKey":"zFXpBLk7XzBA9dovJqjOzPmcNZHHOrVbTjNWcsoAWmg="},"indexInfo":{"baseKey":"BVI2Hk07vDfQyKnHZDM4tc/kFeAC/zp00iJALmcIzqdq","baseKeyType":1,"closed":-1,"used":1692405310219,"created":1692405310219,"remoteIdentityKey":"Bfdm0QZ9ZWvlFHcI8NuE2vEeGIwbnRQFCeiFOkyS2KRp"},"_chains":{"BR8S9qi4udJWvGDl7+X7uSkasiH9Jzzhqla8FGfPsoN0":{"chainKey":{"counter":0,"key":"mgvjqBosCwgtPcO2LC2vKQFFyPxNzmJCnijjxmb0y3o="},"chainType":1,"messageKeys":{}}},"pendingPreKey":{"signedKeyId":0,"baseKey":"BVI2Hk07vDfQyKnHZDM4tc/kFeAC/zp00iJALmcIzqdq","preKeyId":1064237}}},"version":"v1"}