{"_sessions":{"BStUUndg26fDgtFmRLQ4ZBsIqJbjHZnj42iUCBC7zjwR":{"registrationId":705130728,"currentRatchet":{"ephemeralKeyPair":{"pubKey":"BU75yv4ZwfvOL3C9h0xktVQbC9dG04WimWk5oI4KFotT","privKey":"0Lf/RYbC8qTx1DoWh9PNQj29syzbm3F1TUzrxKbHDn8="},"lastRemoteEphemeralKey":"BeH9mo8MkIZWcJYy3c9FODgFewRWJiHoGn1p0bR88d0+","previousCounter":0,"rootKey":"RULT+0y3rlsfpikus69qe4CXdBTE3iLVXMmiFJspbFQ="},"indexInfo":{"baseKey":"BStUUndg26fDgtFmRLQ4ZBsIqJbjHZnj42iUCBC7zjwR","baseKeyType":1,"closed":-1,"used":1692405310436,"created":1692405310436,"remoteIdentityKey":"BaQ+ZdlgfMveMBm7bw3xNSY0gR+VSJ058lhI0kwMgxNq"},"_chains":{"BU75yv4ZwfvOL3C9h0xktVQbC9dG04WimWk5oI4KFotT":{"chainKey":{"counter":0,"key":"iN5K8kCkrNr4r3o8YArNnJ44e6smG4MjxHsNlrD5QW0="},"chainType":1,"messageKeys":{}}},"pendingPreKey":{"signedKeyId":3,"baseKey":"BStUUndg26fDgtFmRLQ4ZBsIqJbjHZnj42iUCBC7zjwR"}}},"version":"v1"}