{"_sessions":{"BW58JwDEb6WqnsxWuTqEl+ygYykYwFoYI85A10dzzw1T":{"registrationId":30179458,"currentRatchet":{"ephemeralKeyPair":{"pubKey":"BS2p2upNCnOqzJZoSAWq+C6u9BsvYtNreXPcqlP3G8Zs","privKey":"CI4OEWpuJElSEU/hpvx8cc/MBhmZ7qHo4kZIc4CeyWY="},"lastRemoteEphemeralKey":"Bc4jBnwutS2zK13ru64di7AXFR4RR8uIVLyg/V3NE98x","previousCounter":0,"rootKey":"uQe3bAfqUz5dY/yXjTSiNTcyQbcpW7Y7cSVt2fX0WPE="},"indexInfo":{"baseKey":"BW58JwDEb6WqnsxWuTqEl+ygYykYwFoYI85A10dzzw1T","baseKeyType":1,"closed":-1,"used":1692405308681,"created":1692405308681,"remoteIdentityKey":"BWmeJQEgLfT0VA/3rnRj9ihO2vrwpqS4gdDDLN+Hgnof"},"_chains":{"BS2p2upNCnOqzJZoSAWq+C6u9BsvYtNreXPcqlP3G8Zs":{"chainKey":{"counter":0,"key":"agW7rZOQn85NK6z+5q2+B6RdCDfy9aVIDCd7AK9I9Zk="},"chainType":1,"messageKeys":{}}},"pendingPreKey":{"signedKeyId":21,"baseKey":"BW58JwDEb6WqnsxWuTqEl+ygYykYwFoYI85A10dzzw1T","preKeyId":2402063}}},"version":"v1"}