{"_sessions":{"BQd53KYCbtENNJDAipCjIpjXRWH40lpC5UWM+M7P0H87":{"registrationId":1020878207,"currentRatchet":{"ephemeralKeyPair":{"pubKey":"BaNH8GL3JOMjsMg4wCVZYoO7QuBaRmrJ7Y3yS5rqSboX","privKey":"KEbm/vG+sJFnW2Q/pwQzwGyhUqayiay6GE9cq+zmK3Q="},"lastRemoteEphemeralKey":"BYexon5LYpb7DlLWwyBpRgXP+of3lBO22yhu4YOpA1sE","previousCounter":0,"rootKey":"3EeR9PsBG5eE7sp+dBfdDY02oky1VlvQn6iANkD5V88="},"indexInfo":{"baseKey":"BQd53KYCbtENNJDAipCjIpjXRWH40lpC5UWM+M7P0H87","baseKeyType":1,"closed":-1,"used":1692405310516,"created":1692405310516,"remoteIdentityKey":"BXPEoGcfvHFdXejnlsx2lmk6kcZjFnvLWYhkUJFqbzNL"},"_chains":{"BaNH8GL3JOMjsMg4wCVZYoO7QuBaRmrJ7Y3yS5rqSboX":{"chainKey":{"counter":0,"key":"W9Tk1cGSoBw3QFgIanwYfAQrN/89VINQHxz9YlONQfE="},"chainType":1,"messageKeys":{}}},"pendingPreKey":{"signedKeyId":8,"baseKey":"BQd53KYCbtENNJDAipCjIpjXRWH40lpC5UWM+M7P0H87","preKeyId":10070808}}},"version":"v1"}