{"_sessions":{"BRQwgOhybFQReKbFL3GDm0wR6mY5T8yZm8y42X8xZjV1":{"registrationId":1699325940,"currentRatchet":{"ephemeralKeyPair":{"pubKey":"BYgrDpNoMF9Mg8bO8jNRQmOo+QJFaSoGM2Ywn0/EpqgW","privKey":"OJrhuupQWk48UTEeTa1np3xYoBAoGO6YQt3vNN/tLUk="},"lastRemoteEphemeralKey":"Bb380ZfFCIoOEX9nzAMS+Iz/p0HNILLd0Vsql2omIWcu","previousCounter":0,"rootKey":"QFs4+iMCoctmJU177aGUTyEL75sdtmZjbZmA/P6YSVU="},"indexInfo":{"baseKey":"BRQwgOhybFQReKbFL3GDm0wR6mY5T8yZm8y42X8xZjV1","baseKeyType":1,"closed":-1,"used":1692405310285,"created":1692405310285,"remoteIdentityKey":"BSDo4B1mdD99HAZFHL29uPA/IPnmebQtdmkBSvqiO/08"},"_chains":{"BYgrDpNoMF9Mg8bO8jNRQmOo+QJFaSoGM2Ywn0/EpqgW":{"chainKey":{"counter":0,"key":"yMWtvz5vI+ICtH2a1tVkoLOxUrWo4ZLvWAvBX1zpNM0="},"chainType":1,"messageKeys":{}}},"pendingPreKey":{"signedKeyId":22,"baseKey":"BRQwgOhybFQReKbFL3GDm0wR6mY5T8yZm8y42X8xZjV1","preKeyId":960991}}},"version":"v1"}