{"_sessions":{"BadjRNqwkwJDZmFm8wc3Yn7BkquuVQ0I6Dm9h+XPAdlJ":{"registrationId":1455203702,"currentRatchet":{"ephemeralKeyPair":{"pubKey":"BQ5FhvwJJ03QmWhSKEGZQcv8EphPC6Xgej7d2empnMMd","privKey":"OGlIIAOHc2Is4eJrS2mFdtS9ssF9pduk8s+WcvO3F14="},"lastRemoteEphemeralKey":"BawMUhySBuvOhR6mrz5ydmXim++HVHgBHPqoPq2tMZdF","previousCounter":0,"rootKey":"RKsdD2GBxw0fErQCAJWFvE6yaUdoBZeUi8TcXmKCLc0="},"indexInfo":{"baseKey":"BadjRNqwkwJDZmFm8wc3Yn7BkquuVQ0I6Dm9h+XPAdlJ","baseKeyType":1,"closed":-1,"used":1692405309327,"created":1692405309327,"remoteIdentityKey":"BQzjnlYabAqmi5rDC9KdiEKAgOP61wA1k+iFXp+rxf0d"},"_chains":{"BQ5FhvwJJ03QmWhSKEGZQcv8EphPC6Xgej7d2empnMMd":{"chainKey":{"counter":0,"key":"ybQ/C4Ky4oNs6kAOdZKlSQatiQrGyE1+N4+MRvxPcdk="},"chainType":1,"messageKeys":{}}},"pendingPreKey":{"signedKeyId":19,"baseKey":"BadjRNqwkwJDZmFm8wc3Yn7BkquuVQ0I6Dm9h+XPAdlJ","preKeyId":3424906}}},"version":"v1"}