{"_sessions":{"BRMPrqmVz/NT2qcJ6Ri1E8+feJqIBQbIX9KH5f8xcB4S":{"registrationId":969095933,"currentRatchet":{"ephemeralKeyPair":{"pubKey":"BZE7nuILHXdcrmA4k7nXMybo0qlKddIG/BgW2swpD31j","privKey":"IFU7F20qpCYt3MZAGJrLZERI5rPZwmPzjvlCKkn2pkk="},"lastRemoteEphemeralKey":"BQMcZ3Xbf+f4Qug5aEZiC0TBUgB8dhAwcSNmqttx9aIN","previousCounter":0,"rootKey":"sGmQxyGAw4uHNSNxmi04BJV93XW9EMsf/UKLUVAgHII="},"indexInfo":{"baseKey":"BRMPrqmVz/NT2qcJ6Ri1E8+feJqIBQbIX9KH5f8xcB4S","baseKeyType":1,"closed":-1,"used":1692405309365,"created":1692405309365,"remoteIdentityKey":"BbvttS18O2kKrziWtFc32W7fDOwwTSuuKbWv0GICFvd0"},"_chains":{"BZE7nuILHXdcrmA4k7nXMybo0qlKddIG/BgW2swpD31j":{"chainKey":{"counter":0,"key":"Dw7rI8ecDo4CGgfMLgiTjwlZeoXo0CbxDA84U1XOzzs="},"chainType":1,"messageKeys":{}}},"pendingPreKey":{"signedKeyId":6,"baseKey":"BRMPrqmVz/NT2qcJ6Ri1E8+feJqIBQbIX9KH5f8xcB4S","preKeyId":4956837}}},"version":"v1"}