{"_sessions":{"BU1HKKrmVK07gq0VdaOVZq6Ewod1nOEE2VtznR/s35Mt":{"registrationId":858718199,"currentRatchet":{"ephemeralKeyPair":{"pubKey":"BQqOOaOYJZN5i+dFNuUe+PvaKFnYGE0426B+q9UMXn8D","privKey":"APbIX0GAzYLhrr6+N1G2f23vbYL/unGAvW5ElvsrimI="},"lastRemoteEphemeralKey":"BU4tV5tx9++KVb4zr2QUq6E1RVaBS2yh6vekCCdRWk0Z","previousCounter":0,"rootKey":"A4LkLK+NRz3PjOscZxN7eQeuLU2JCx/YO32ouHLhd1I="},"indexInfo":{"baseKey":"BU1HKKrmVK07gq0VdaOVZq6Ewod1nOEE2VtznR/s35Mt","baseKeyType":1,"closed":-1,"used":1692405309451,"created":1692405309451,"remoteIdentityKey":"BYbquNZRoz2e7xtDmd19zgoed2v3jNrvS8ePiSQIjtE5"},"_chains":{"BQqOOaOYJZN5i+dFNuUe+PvaKFnYGE0426B+q9UMXn8D":{"chainKey":{"counter":0,"key":"YqbdxMoSUzVOai+H46Qrqig9065npfNczVCJszsFhS0="},"chainType":1,"messageKeys":{}}},"pendingPreKey":{"signedKeyId":15,"baseKey":"BU1HKKrmVK07gq0VdaOVZq6Ewod1nOEE2VtznR/s35Mt","preKeyId":14490438}}},"version":"v1"}