{"_sessions":{"BYAweZv8rlEJm4sOu6/Cj/OQ7/siEZH+eIcgBsX1i4ta":{"registrationId":31649972,"currentRatchet":{"ephemeralKeyPair":{"pubKey":"BWqKq/mpZHtmp5AxOdHwBpheJtBNIaY7bwXfG5HwVYka","privKey":"UBFkQUARZx/oot+NOG+Vf3zBqNtq5mWW/i/2V4xaGFk="},"lastRemoteEphemeralKey":"BQJfFRl+zluP+wZhRVw2fEnPrmfd6wzyXyms5DxzDTJl","previousCounter":0,"rootKey":"/3pvoBqvKfYp6VZUcZuPrgqQUIuksRwj4yWZhrRQ2WI="},"indexInfo":{"baseKey":"BYAweZv8rlEJm4sOu6/Cj/OQ7/siEZH+eIcgBsX1i4ta","baseKeyType":1,"closed":-1,"used":1692405310015,"created":1692405310015,"remoteIdentityKey":"Bc8KCPPMeDKWYnVwjO732LlazOFW50xA+e3wQL+0IXEV"},"_chains":{"BWqKq/mpZHtmp5AxOdHwBpheJtBNIaY7bwXfG5HwVYka":{"chainKey":{"counter":0,"key":"w3eDcQtrQoqOIRU8oAYS6TaCfa4QfRLguE1sspd+248="},"chainType":1,"messageKeys":{}}},"pendingPreKey":{"signedKeyId":8,"baseKey":"BYAweZv8rlEJm4sOu6/Cj/OQ7/siEZH+eIcgBsX1i4ta","preKeyId":1340133}}},"version":"v1"}