{"_sessions":{"BVlbhYh8HXBuGLQmd9/UOekVrAZDk9iUg2STH2WeIigm":{"registrationId":1643687624,"currentRatchet":{"ephemeralKeyPair":{"pubKey":"BQPoDEDEmb3cmHqF6UXuBj6zBEhr/MY68d6dvZ/Rf6gU","privKey":"QBhFn3nbb3lQoHcTXNosK4cMRykv4l/NitZ0G4xjulA="},"lastRemoteEphemeralKey":"Bc5Q1oUBQVhpjy8jJiEhN85muKxUlLF18NRmZ5vSupJl","previousCounter":0,"rootKey":"IRB8hoOkV5P6EsAfUaaN9o9ycuaRnK8E1reMU9fV2NM="},"indexInfo":{"baseKey":"BVlbhYh8HXBuGLQmd9/UOekVrAZDk9iUg2STH2WeIigm","baseKeyType":1,"closed":-1,"used":1692405309332,"created":1692405309332,"remoteIdentityKey":"BUrc0KMXsfCHMnwUqYsiJP7dztrIi/MNNyn8z/LPZv4Y"},"_chains":{"BQPoDEDEmb3cmHqF6UXuBj6zBEhr/MY68d6dvZ/Rf6gU":{"chainKey":{"counter":0,"key":"FG5y3+K7GEok2bGmtp+twK5gZzFlUpkWUuM7r9baLdQ="},"chainType":1,"messageKeys":{}}},"pendingPreKey":{"signedKeyId":21,"baseKey":"BVlbhYh8HXBuGLQmd9/UOekVrAZDk9iUg2STH2WeIigm","preKeyId":8746275}}},"version":"v1"}