{"_sessions":{"BVQUF1thQjFsloaocKH77D14AXnhRfvLD0Dkzqfhv3tx":{"registrationId":862207614,"currentRatchet":{"ephemeralKeyPair":{"pubKey":"BV7oRYbHT+d/cw72rBnRsr+B1JyC1v8kjJL9wluk9Hl4","privKey":"8NXNc5/e9uOHpSRcVgK462cM3hLMy801vqXG8NFQ02w="},"lastRemoteEphemeralKey":"BWZJAze5ZrlnNazgbasz/Sxl4/SpXqNh482Yl4Uoc5sh","previousCounter":0,"rootKey":"WzmQTToHTb0FxdP/Gfof6qZznmbyHyD8qePhaZDVr38="},"indexInfo":{"baseKey":"BVQUF1thQjFsloaocKH77D14AXnhRfvLD0Dkzqfhv3tx","baseKeyType":1,"closed":-1,"used":1692405308894,"created":1692405308894,"remoteIdentityKey":"BQ7gwc27uPpj5SguV9V1b5N6ME3DwL94AUjL7bODeSou"},"_chains":{"BV7oRYbHT+d/cw72rBnRsr+B1JyC1v8kjJL9wluk9Hl4":{"chainKey":{"counter":0,"key":"crRGnOS5VMMiq/wMU/WisAS6hwpv9mde1cf7kBKd5vk="},"chainType":1,"messageKeys":{}}},"pendingPreKey":{"signedKeyId":1,"baseKey":"BVQUF1thQjFsloaocKH77D14AXnhRfvLD0Dkzqfhv3tx","preKeyId":11852227}}},"version":"v1"}