{"_sessions":{"BSxU43ZEUUQ+dLTEk7BMvjCBgD9OLQWZOf97u8WdL/gX":{"registrationId":84,"currentRatchet":{"ephemeralKeyPair":{"pubKey":"BQy805IgS6ew52Ctoue/i6q1ViBK9AB+FKVu9OmH5X4A","privKey":"iONuF2y9pLXfIVmiwUDGWnIQWQMAMS/Tzi3V9PnqIXg="},"lastRemoteEphemeralKey":"BRSs+rZSd9ujMtOsCcZWkhA2DCodyNnUYxdzgqL5DdU7","previousCounter":0,"rootKey":"WqLxVyzcMLnG0yChPhsRyEEsFHqjv+ei/0Xa5Y4d6Hk="},"indexInfo":{"baseKey":"BSxU43ZEUUQ+dLTEk7BMvjCBgD9OLQWZOf97u8WdL/gX","baseKeyType":1,"closed":-1,"used":1692405308427,"created":1692405308427,"remoteIdentityKey":"Beutlomor9jaGbZhg17HBEP3GpJu1XUu7vp1VGZEmYJq"},"_chains":{"BQy805IgS6ew52Ctoue/i6q1ViBK9AB+FKVu9OmH5X4A":{"chainKey":{"counter":0,"key":"b7IlgvNOjNRrEoCzhpEP1kiDKQvn6PlWB5bp39++CXI="},"chainType":1,"messageKeys":{}}},"pendingPreKey":{"signedKeyId":1,"baseKey":"BSxU43ZEUUQ+dLTEk7BMvjCBgD9OLQWZOf97u8WdL/gX"}}},"version":"v1"}