{"_sessions":{"BXJ/C0HDb71f8+B7BnB2POGClsCmRY0ib0jYQEYz5gYy":{"registrationId":1079135832,"currentRatchet":{"ephemeralKeyPair":{"pubKey":"BdNdgCrJ1/hUjHToYYBs62hgPM1FXJLXPqijzx7gfEgD","privKey":"gPzivIEppmNfhJWA37/FggpL4hSqLSUqs3vRo9rHulM="},"lastRemoteEphemeralKey":"BaOozmVbmNrRrRz5aMfMJAn8xsd0saweut+YljeY7kZw","previousCounter":0,"rootKey":"+hmYK2HksYMXvlwL+Pone8bmD6bbwFp9lhAnseDJjT4="},"indexInfo":{"baseKey":"BXJ/C0HDb71f8+B7BnB2POGClsCmRY0ib0jYQEYz5gYy","baseKeyType":1,"closed":-1,"used":1692405309392,"created":1692405309392,"remoteIdentityKey":"BWE5PGiEsRc1lqdodRTfryUgVmq3tiSdsY9tgPTZ2SBx"},"_chains":{"BdNdgCrJ1/hUjHToYYBs62hgPM1FXJLXPqijzx7gfEgD":{"chainKey":{"counter":0,"key":"Sms8EW1oVKVhK2NLYu6TxXFg4INKxhTXYugCQ2nSoqk="},"chainType":1,"messageKeys":{}}},"pendingPreKey":{"signedKeyId":7,"baseKey":"BXJ/C0HDb71f8+B7BnB2POGClsCmRY0ib0jYQEYz5gYy","preKeyId":6894833}}},"version":"v1"}