{"_sessions":{"BUwSZFChbFMaPqmhLoGlGg5Yfeygb2RImmzzscylsQJ5":{"registrationId":1870051771,"currentRatchet":{"ephemeralKeyPair":{"pubKey":"BQVznnevnJYz8Q9E8HHVyxYl6Z2z6fmo5mbp02CuOxts","privKey":"8Ab5BUWa7BYtI6tuf2yswvQXVLs13KnW8gb7tTp1lG0="},"lastRemoteEphemeralKey":"BeqC04GmVWQFMgQ7Eqip9z5B7llZRbQk6NynVvHUPiQc","previousCounter":0,"rootKey":"52Z8MFCkaUNe/6Rqfso8neKcpuRTaOA+73sC1UisLPg="},"indexInfo":{"baseKey":"BUwSZFChbFMaPqmhLoGlGg5Yfeygb2RImmzzscylsQJ5","baseKeyType":1,"closed":-1,"used":1692405310042,"created":1692405310042,"remoteIdentityKey":"BY+0jYAIJS6ujRh49KxVjmstsAiyQ0bRX87yXB7VuwNG"},"_chains":{"BQVznnevnJYz8Q9E8HHVyxYl6Z2z6fmo5mbp02CuOxts":{"chainKey":{"counter":0,"key":"+TImeWYa/BSU21rx5wsqVIueBx5LW8KS7K1FTU9/mbE="},"chainType":1,"messageKeys":{}}},"pendingPreKey":{"signedKeyId":5,"baseKey":"BUwSZFChbFMaPqmhLoGlGg5Yfeygb2RImmzzscylsQJ5","preKeyId":3147055}}},"version":"v1"}