{"_sessions":{"BeDUYIEV3Hy166eG2E6hTVaTlnpFTuoSV6Bq03ywt8BH":{"registrationId":570308279,"currentRatchet":{"ephemeralKeyPair":{"pubKey":"BXx5UoYFzUTRlhci94aNqg6Q+Gfy23ZXmhHh02VzerRS","privKey":"6CSNBjcZ1bCZxB/r0kZgdJZRQTG1ZB08iLbLRY1eaGs="},"lastRemoteEphemeralKey":"BZpM8x4yeg0iodQ/9OAEB3CLlygofEmTOiLvd37mNFk+","previousCounter":0,"rootKey":"m9RV1Du1vEv2tBiIEXBJP/WMJEMuOGRlhWtZKJ61N3A="},"indexInfo":{"baseKey":"BeDUYIEV3Hy166eG2E6hTVaTlnpFTuoSV6Bq03ywt8BH","baseKeyType":1,"closed":-1,"used":1692405310089,"created":1692405310089,"remoteIdentityKey":"BWMCD/jRuUCRZecdlU14CUWQ3C7ypHwRj08aG0A5iqUJ"},"_chains":{"BXx5UoYFzUTRlhci94aNqg6Q+Gfy23ZXmhHh02VzerRS":{"chainKey":{"counter":0,"key":"CGTyOa+Nr/HEhtgshTg20nxQHfIwzZaYr3n5hNFkDrQ="},"chainType":1,"messageKeys":{}}},"pendingPreKey":{"signedKeyId":10,"baseKey":"BeDUYIEV3Hy166eG2E6hTVaTlnpFTuoSV6Bq03ywt8BH","preKeyId":6432001}}},"version":"v1"}