{"_sessions":{"BSPhl0TwdhjXScYup78HkYEVQ2Lv9t4otpO9xtgy1256":{"registrationId":1428384450,"currentRatchet":{"ephemeralKeyPair":{"pubKey":"BSPfKia91Vm3DZ1tOSHGwKpfmxG0OQItSewm2+xem1tW","privKey":"sIFr/uaSDbJd1jumD/dmXqIQNhDsicJ8q5zNGHse300="},"lastRemoteEphemeralKey":"BdeW2AHQBkPnQBgdGnIx/loNbfyVLQVPcKb8jORJv0Eg","previousCounter":0,"rootKey":"x+CjY9LN4dcXKb027HcaAV6TN/ECyETUbdytGhUg/i8="},"indexInfo":{"baseKey":"BSPhl0TwdhjXScYup78HkYEVQ2Lv9t4otpO9xtgy1256","baseKeyType":1,"closed":-1,"used":1692405310543,"created":1692405310543,"remoteIdentityKey":"BSwvTNn1OHvb4uKxlAaN59WvceAyP2nSG+5uzb1mGrkB"},"_chains":{"BSPfKia91Vm3DZ1tOSHGwKpfmxG0OQItSewm2+xem1tW":{"chainKey":{"counter":0,"key":"DsoHYqJilUksJInd8jB0yqAWIFeFJB8pweUz0uq6lBc="},"chainType":1,"messageKeys":{}}},"pendingPreKey":{"signedKeyId":12,"baseKey":"BSPhl0TwdhjXScYup78HkYEVQ2Lv9t4otpO9xtgy1256","preKeyId":10731142}}},"version":"v1"}