{"_sessions":{"BeS2uJAEtzes4C7SNnVicJqlmDIV2xi+NzQdU8Fw9AFh":{"registrationId":1308092774,"currentRatchet":{"ephemeralKeyPair":{"pubKey":"BadImTUepUnuidAY3cUYk8RXDjEYX5nPlRJSHUUUbUEC","privKey":"CO27X82ewUpqdQVzZMdlaGCzAY3UP2GDZPHh6+ckon4="},"lastRemoteEphemeralKey":"BQyRgX7o0poEcRO0kg1Wiq2p0Z4JEVeoceeT/M6v+MVn","previousCounter":0,"rootKey":"DK3VhcFm2E9qvhY7i9+t+81DG7uc5fJhUGjlITS4kek="},"indexInfo":{"baseKey":"BeS2uJAEtzes4C7SNnVicJqlmDIV2xi+NzQdU8Fw9AFh","baseKeyType":1,"closed":-1,"used":1692405308917,"created":1692405308917,"remoteIdentityKey":"BRfDAPqJVJsGg7e9juzazG9MHeomwF83pxhv5yXIdnYg"},"_chains":{"BadImTUepUnuidAY3cUYk8RXDjEYX5nPlRJSHUUUbUEC":{"chainKey":{"counter":0,"key":"CCMJB9XBBlKJoYRfslQ8apcPp3GsMRR7gRkdANhukq4="},"chainType":1,"messageKeys":{}}},"pendingPreKey":{"signedKeyId":12,"baseKey":"BeS2uJAEtzes4C7SNnVicJqlmDIV2xi+NzQdU8Fw9AFh","preKeyId":8747450}}},"version":"v1"}