{"_sessions":{"BX1A5FKh89okcOw8L1eooKcvT0siDK2fwSgE51/AUJMw":{"registrationId":1182142999,"currentRatchet":{"ephemeralKeyPair":{"pubKey":"Bea5Zd4FYnvYHPiBGJV8l4M66AhZAfrC1Kiz2h0lOSsr","privKey":"0JS/pl128LCfsQ9gFHrYvPXtal5VYvZUisnRxzCVTlQ="},"lastRemoteEphemeralKey":"BbJlSUwrebar/w5SNXpTCnTNeUffVyopwI9KWHfeWN0R","previousCounter":0,"rootKey":"+yPTwLhPaansYXAlLH1eCFLhsSCeHE579Tp4ZWfoexY="},"indexInfo":{"baseKey":"BX1A5FKh89okcOw8L1eooKcvT0siDK2fwSgE51/AUJMw","baseKeyType":1,"closed":-1,"used":1692405309164,"created":1692405309164,"remoteIdentityKey":"BUq4xgHGxFfRGQtXJ9nKuqfYnulcgw8pvW0STjJnE4tP"},"_chains":{"Bea5Zd4FYnvYHPiBGJV8l4M66AhZAfrC1Kiz2h0lOSsr":{"chainKey":{"counter":0,"key":"TAz9QuW0SVboTbLcc4DMgcLdEoXjnmgGgFe+Q+SsiZQ="},"chainType":1,"messageKeys":{}}},"pendingPreKey":{"signedKeyId":1,"baseKey":"BX1A5FKh89okcOw8L1eooKcvT0siDK2fwSgE51/AUJMw","preKeyId":12626194}}},"version":"v1"}