{"_sessions":{"BX3050iV3I6Vw+qp8Z3TEd2EHfjVmG7EHwRmNr7651Fl":{"registrationId":1337888453,"currentRatchet":{"ephemeralKeyPair":{"pubKey":"BdzIc0VLHKL/9e3steLiScnABV/4HovFV6hE/llRmowe","privKey":"aPMg9ixdjlAlFRw7e2gXml5ChnrbL5K8e09X7YS9klY="},"lastRemoteEphemeralKey":"BTEVlyGdXU/6S3dzSu+S+gc71okISpO3IX/V2N42uxEI","previousCounter":0,"rootKey":"z6H+muI1ZR2h3yZvCo51n69vNk2iv+XGXHV/mSZDKvE="},"indexInfo":{"baseKey":"BX3050iV3I6Vw+qp8Z3TEd2EHfjVmG7EHwRmNr7651Fl","baseKeyType":1,"closed":-1,"used":1692405309616,"created":1692405309616,"remoteIdentityKey":"BWS5DFfcoBV0WQDq7//PwjPLh7jbkGnW4frQpar2zCFf"},"_chains":{"BdzIc0VLHKL/9e3steLiScnABV/4HovFV6hE/llRmowe":{"chainKey":{"counter":0,"key":"ydFufAv7RRTPxGiU+Xq+1esQE19gO1wDoxpsFcmkX04="},"chainType":1,"messageKeys":{}}},"pendingPreKey":{"signedKeyId":6,"baseKey":"BX3050iV3I6Vw+qp8Z3TEd2EHfjVmG7EHwRmNr7651Fl","preKeyId":1889266}}},"version":"v1"}