{"_sessions":{"BSx3jjox1y8qRVWXYBgrTEknSfwHjUTxTk4OczkHA9Af":{"registrationId":1527863610,"currentRatchet":{"ephemeralKeyPair":{"pubKey":"BTwHh1tHamxu7febGbzVUvvgN5Yx8sF211L9iVD74M0K","privKey":"GOVTCDhQ27zFoidC6M3IjuN5dU6cyNlRhJoVxjqOqmg="},"lastRemoteEphemeralKey":"Bf94SN7XZHOi32S+8xWsW4Zt+D+2IoS223Rv3TlcGAhj","previousCounter":0,"rootKey":"jVrJYiokUIWrXS6Meu64iW6HPf/Ebx7gE6lYZ11UwQ8="},"indexInfo":{"baseKey":"BSx3jjox1y8qRVWXYBgrTEknSfwHjUTxTk4OczkHA9Af","baseKeyType":1,"closed":-1,"used":1692405308759,"created":1692405308759,"remoteIdentityKey":"BVWDHCLo4+JRHz52Kk5BBZ5/jMe7CuEex8sxT23ZpF1X"},"_chains":{"BTwHh1tHamxu7febGbzVUvvgN5Yx8sF211L9iVD74M0K":{"chainKey":{"counter":0,"key":"g3nS+QaoDQVKvM52vXan9KV5fYR7O74fA/3gDSaeags="},"chainType":1,"messageKeys":{}}},"pendingPreKey":{"signedKeyId":24,"baseKey":"BSx3jjox1y8qRVWXYBgrTEknSfwHjUTxTk4OczkHA9Af","preKeyId":15593636}}},"version":"v1"}