{"_sessions":{"BTGC0TklAdZ8xSFHOwSb1HYPpZEaTR9fFBqT4ag7V0hS":{"registrationId":26,"currentRatchet":{"ephemeralKeyPair":{"pubKey":"BSM9mWgSWHN+9U9eTbrb7ITS1PKk0tjUOJWMtHU+k6Zz","privKey":"WG7VvIlkKmur1EVrLDE6YVD2RTSAP3fvtFMsT51/Fms="},"lastRemoteEphemeralKey":"BSl0uPSJNnGDisG1aWKJiAJBISxbeArVJ3/9CmJLIK9y","previousCounter":0,"rootKey":"b7feRLwW078wXvMo58hPhwfuiDf8nPgQzmDUaKouX5k="},"indexInfo":{"baseKey":"BTGC0TklAdZ8xSFHOwSb1HYPpZEaTR9fFBqT4ag7V0hS","baseKeyType":1,"closed":-1,"used":1692405308339,"created":1692405308339,"remoteIdentityKey":"BZMeQ60L0/LO6Cue/GqxS+yQ5C0OwhLe2EZHheizjp0h"},"_chains":{"BSM9mWgSWHN+9U9eTbrb7ITS1PKk0tjUOJWMtHU+k6Zz":{"chainKey":{"counter":0,"key":"lvivMiR9YG51/tTmBsmOIAWBqBwEs5eM+g+DsR5rjrs="},"chainType":1,"messageKeys":{}}},"pendingPreKey":{"signedKeyId":1,"baseKey":"BTGC0TklAdZ8xSFHOwSb1HYPpZEaTR9fFBqT4ag7V0hS"}}},"version":"v1"}