{"_sessions":{"BZ+22d8dgkFdjJVOduud9WayZY0Lzp0KYENIQ+wMLoFK":{"registrationId":1798158060,"currentRatchet":{"ephemeralKeyPair":{"pubKey":"BaaMBi2xPA7J3bb2ggSKwpLXC6c/NvjsImCE3t/6LExV","privKey":"0HZooHX7wUZ5QBLPWecY6Jce1mewlGoOfY4ZtX/ylk8="},"lastRemoteEphemeralKey":"BQSOTW2XJJrcfVqh5JgB3sFbuJdGvz6TaLS8lVHlRQde","previousCounter":0,"rootKey":"BVIaFVHTXmpeq+LrWepD7eAunX3KvB/QdSNLk7yaJaE="},"indexInfo":{"baseKey":"BZ+22d8dgkFdjJVOduud9WayZY0Lzp0KYENIQ+wMLoFK","baseKeyType":1,"closed":-1,"used":1692405310224,"created":1692405310224,"remoteIdentityKey":"BW+0zOIQvlvxVPA4hNT+7aq0bjMdYm8FBInf0+Yu9occ"},"_chains":{"BaaMBi2xPA7J3bb2ggSKwpLXC6c/NvjsImCE3t/6LExV":{"chainKey":{"counter":0,"key":"gKf2Mu7dKn7irE80m+jMWJ9ovUErOyxV2mbTNLuq6qM="},"chainType":1,"messageKeys":{}}},"pendingPreKey":{"signedKeyId":4,"baseKey":"BZ+22d8dgkFdjJVOduud9WayZY0Lzp0KYENIQ+wMLoFK","preKeyId":6661081}}},"version":"v1"}