{"_sessions":{"BQdX44TTVP3Tf6IuxiWylfsni+F8I9qOhvpy/xVWjZwa":{"registrationId":1121466477,"currentRatchet":{"ephemeralKeyPair":{"pubKey":"Bd+LvnWvfzbwmkaomPyZiSPcUmHJAsmsYSXD7H9Pe9cd","privKey":"yEZlemq6uJdzz22eFTGLghAsES4qJ080Jx5PuP4ujVM="},"lastRemoteEphemeralKey":"BU07zDPWV6dLjocigkLYOnIXDJULbpMICm2GG1U16cRr","previousCounter":0,"rootKey":"oFckeP+jT8k/f1kSGOnCyPL0XZ6mPmaShO4IrdDajB4="},"indexInfo":{"baseKey":"BQdX44TTVP3Tf6IuxiWylfsni+F8I9qOhvpy/xVWjZwa","baseKeyType":1,"closed":-1,"used":1692405308928,"created":1692405308928,"remoteIdentityKey":"BRG0n0JEtL5A7xOogmRygM1O2JQ25WO0jd23sASvDS1y"},"_chains":{"Bd+LvnWvfzbwmkaomPyZiSPcUmHJAsmsYSXD7H9Pe9cd":{"chainKey":{"counter":0,"key":"fC/7QMTV0zBHMyH6itEAewmTn36WWWclMPEN6/3MuSA="},"chainType":1,"messageKeys":{}}},"pendingPreKey":{"signedKeyId":13,"baseKey":"BQdX44TTVP3Tf6IuxiWylfsni+F8I9qOhvpy/xVWjZwa","preKeyId":10708437}}},"version":"v1"}