{"_sessions":{"BcPXaJ9Xfu3zEzQzxOhYiLl/MfYG2UCL+2yiFjeJIuIm":{"registrationId":293568430,"currentRatchet":{"ephemeralKeyPair":{"pubKey":"BTQvpTKWoLsOYv3Et9M7tXip/gKv1QuFuUsMlOTI5PxF","privKey":"UKYVG5TkPS3MS8tisuZyCR8x2Slo/DA1qxiGPZF+OE8="},"lastRemoteEphemeralKey":"BTjHaQ/LWqY/RLcg73MU8dCLqH0hFfQZExxeuhaYp6oL","previousCounter":0,"rootKey":"cwwLL/bbPFiYcMMDB2SGmveO+1IXviXmUjIdKb2YX1M="},"indexInfo":{"baseKey":"BcPXaJ9Xfu3zEzQzxOhYiLl/MfYG2UCL+2yiFjeJIuIm","baseKeyType":1,"closed":-1,"used":1692405308977,"created":1692405308977,"remoteIdentityKey":"BUR9VKa/tGFlBJ1SldgiezROt5KTOui9T9buydBakDtI"},"_chains":{"BTQvpTKWoLsOYv3Et9M7tXip/gKv1QuFuUsMlOTI5PxF":{"chainKey":{"counter":0,"key":"bXAS8+sVNvY0Gc9Zjbtakou+illo36QbnXxmAidAoTY="},"chainType":1,"messageKeys":{}}},"pendingPreKey":{"signedKeyId":6820178,"baseKey":"BcPXaJ9Xfu3zEzQzxOhYiLl/MfYG2UCL+2yiFjeJIuIm","preKeyId":19555}}},"version":"v1"}