{"_sessions":{"BSg2MAK4od3KqdxvQ4FE6ru6RtLMhketyKz9BJwwlcsk":{"registrationId":1311017001,"currentRatchet":{"ephemeralKeyPair":{"pubKey":"BdXSKr/6xUHgQEj1j3CxfCjqimR6HvVQXueOosZAr6ca","privKey":"yI5aM02IgyjiTrLsMpRFN4I8q5sFqTCOM0AGq2mHsnQ="},"lastRemoteEphemeralKey":"BWNqYr3qltXk5rxqIhkO/v4tCRCiYmqsjRIn9rN4xftq","previousCounter":0,"rootKey":"NMnRrK93MnTGVjuhGomLtCCo/xZfwejV4KKSKBnlGfA="},"indexInfo":{"baseKey":"BSg2MAK4od3KqdxvQ4FE6ru6RtLMhketyKz9BJwwlcsk","baseKeyType":1,"closed":-1,"used":1692405309175,"created":1692405309175,"remoteIdentityKey":"BZH7bZpnTwc0/P9iuGB2y/vqF0yECP/IJ/EZc45AAQQA"},"_chains":{"BdXSKr/6xUHgQEj1j3CxfCjqimR6HvVQXueOosZAr6ca":{"chainKey":{"counter":0,"key":"flNZDFB7wCQ+sLIxujCKVnCB0LoBacSBIKKxl1CswhI="},"chainType":1,"messageKeys":{}}},"pendingPreKey":{"signedKeyId":21,"baseKey":"BSg2MAK4od3KqdxvQ4FE6ru6RtLMhketyKz9BJwwlcsk"}}},"version":"v1"}