{"_sessions":{"BZeKU054w5MkVaqGfQeXwIQ9BKQ3dMC3RP9OECUYrDkO":{"registrationId":62,"currentRatchet":{"ephemeralKeyPair":{"pubKey":"BTcIvtGu1jEmlBtUaY5wPzgBPD0tOeunSSkVz31/r919","privKey":"cJ/B94AAT5lHymsYekCmIX0ktqnFuaSXMp9+1zrO3WE="},"lastRemoteEphemeralKey":"BS7v029nUbGzPuBSM2Hap2AkDfTZy8xh+lxBW5klgiky","previousCounter":0,"rootKey":"BT47061KxBxxWC7dOmRhhlkkIyqTFnu/hdRGg41aI6w="},"indexInfo":{"baseKey":"BZeKU054w5MkVaqGfQeXwIQ9BKQ3dMC3RP9OECUYrDkO","baseKeyType":1,"closed":-1,"used":1692405307954,"created":1692405307954,"remoteIdentityKey":"Bb1r9cyEgUZ2VYigefjO92JVbthZNPgkQRkzjUztclI7"},"_chains":{"BTcIvtGu1jEmlBtUaY5wPzgBPD0tOeunSSkVz31/r919":{"chainKey":{"counter":0,"key":"2+egz42oEYO9JkqwG0zBf7+Ec/vAVJOXwE7GspLJ2pQ="},"chainType":1,"messageKeys":{}}},"pendingPreKey":{"signedKeyId":1,"baseKey":"BZeKU054w5MkVaqGfQeXwIQ9BKQ3dMC3RP9OECUYrDkO"}}},"version":"v1"}