{"_sessions":{"BWAXw6B3Pq/rb7ujLuqdBdxLJxF0E5hfeNmGdSMuFI1Z":{"registrationId":1509792578,"currentRatchet":{"ephemeralKeyPair":{"pubKey":"BRR+eRA5WGdoembRopYBCbjDjgvo/9sQnF0b3mIDfoQj","privKey":"APXwaBcUePkbKrgTCLqDzKb37/2Mhh3/TWvDzpSMrmc="},"lastRemoteEphemeralKey":"BZ0lImBGvRsxv9s9Rxeuo2pCEOt4NmBOmVwfpT6+7QYY","previousCounter":0,"rootKey":"YsJZg5lL8t3iaJhPEyrTD5cDnMSaj+DMaqcRbRfUCOM="},"indexInfo":{"baseKey":"BWAXw6B3Pq/rb7ujLuqdBdxLJxF0E5hfeNmGdSMuFI1Z","baseKeyType":1,"closed":-1,"used":1692405308900,"created":1692405308900,"remoteIdentityKey":"BTMv9erG4UQwXmqLPIfuOZ6JZbimyl8MBOhTBOhjlEsD"},"_chains":{"BRR+eRA5WGdoembRopYBCbjDjgvo/9sQnF0b3mIDfoQj":{"chainKey":{"counter":0,"key":"Wn4FdUdnbYoP7IidZMFcmggJeNG1/DJj4+pWlULVWWk="},"chainType":1,"messageKeys":{}}},"pendingPreKey":{"signedKeyId":4,"baseKey":"BWAXw6B3Pq/rb7ujLuqdBdxLJxF0E5hfeNmGdSMuFI1Z","preKeyId":12765832}}},"version":"v1"}