{"_sessions":{"BTkIcg6zWYVCNVa6Vqe3v1qQ35l91qBJ0vJ5+TjbdSVi":{"registrationId":470534721,"currentRatchet":{"ephemeralKeyPair":{"pubKey":"BbtAlG00wsPmiEd4SAsy+kXKJPszbXEQoKCojjUGsLp8","privKey":"cLi77ugv8OAjSTS8HUPtdAEilw5BhmjcX5/VPGWBLkw="},"lastRemoteEphemeralKey":"BU7V218N54yOYx9aQSPqCgzA4BPEXU1oGC4ziPm5H68O","previousCounter":0,"rootKey":"s2/3IK46FJZwADt84A9CD9bx2fY+hXkHV9H9sIL2JEw="},"indexInfo":{"baseKey":"BTkIcg6zWYVCNVa6Vqe3v1qQ35l91qBJ0vJ5+TjbdSVi","baseKeyType":1,"closed":-1,"used":1692405309956,"created":1692405309956,"remoteIdentityKey":"BeGzBpIrQkSo9MR94GaXlyDplSnF1yg9RbE8GFh3kJ8m"},"_chains":{"BbtAlG00wsPmiEd4SAsy+kXKJPszbXEQoKCojjUGsLp8":{"chainKey":{"counter":0,"key":"vA9E/i/UJmZ9B4THvqhyKiBH4buLwkILr5Rzto6kU9w="},"chainType":1,"messageKeys":{}}},"pendingPreKey":{"signedKeyId":28,"baseKey":"BTkIcg6zWYVCNVa6Vqe3v1qQ35l91qBJ0vJ5+TjbdSVi","preKeyId":4222805}}},"version":"v1"}