{"_sessions":{"BRjVxif5UOBW6Yuk3fJWHRJh8j3kXQU3xb4Uy4b5LWsI":{"registrationId":2010946646,"currentRatchet":{"ephemeralKeyPair":{"pubKey":"BWeYPA1kuGyIJ+p7+ZIJ5hrPvORJQJoetWrxsapyvBZs","privKey":"iA+6mHvhJiM59MRj6u6fBbryhXYfIFXY7vBRhsQeg0Y="},"lastRemoteEphemeralKey":"BdTySY6vgfBEJlHTLYoMHp7iTiKE1uWzQrKqhDsV3ghv","previousCounter":0,"rootKey":"+pdcMrLE8ozADNL5obpYAlyjrpazK5N6MYcoUl+psS4="},"indexInfo":{"baseKey":"BRjVxif5UOBW6Yuk3fJWHRJh8j3kXQU3xb4Uy4b5LWsI","baseKeyType":1,"closed":-1,"used":1692405310470,"created":1692405310470,"remoteIdentityKey":"BQx30/PVX+OPLKwBHW4vV7i4enWGnVupFRRyqbWiMGRc"},"_chains":{"BWeYPA1kuGyIJ+p7+ZIJ5hrPvORJQJoetWrxsapyvBZs":{"chainKey":{"counter":0,"key":"IcOSKcxselPuIKOKCra8OeQb16IirsUoO7+NSsVuTSo="},"chainType":1,"messageKeys":{}}},"pendingPreKey":{"signedKeyId":4,"baseKey":"BRjVxif5UOBW6Yuk3fJWHRJh8j3kXQU3xb4Uy4b5LWsI","preKeyId":2353909}}},"version":"v1"}