{"_sessions":{"Be1N26J8fpq1FynImpxPtTjrfeYdLNeIUCkO4Fgr5gVj":{"registrationId":1183872515,"currentRatchet":{"ephemeralKeyPair":{"pubKey":"BVPtyr7zbvgVtUldxonwfjxSFJm3Ld7TCpl/tM7m6XFp","privKey":"UGHfNHF1NcE6L73R3Fhz42OKPk5EeIy3CuG9Ppye5n4="},"lastRemoteEphemeralKey":"Bd5CDm1ArBghmQXwqxYXMLTktKvzibcttd/HW1GR5iMG","previousCounter":0,"rootKey":"h/gQFv8TxPZRGQ4IghtDlgzl4NdO6YoWd/tXoJ0yJ/Y="},"indexInfo":{"baseKey":"Be1N26J8fpq1FynImpxPtTjrfeYdLNeIUCkO4Fgr5gVj","baseKeyType":1,"closed":-1,"used":1692405308583,"created":1692405308583,"remoteIdentityKey":"BevrGKdTUZbCJjZneu75UMbr6HPqEkviJxzU8oZFz+g8"},"_chains":{"BVPtyr7zbvgVtUldxonwfjxSFJm3Ld7TCpl/tM7m6XFp":{"chainKey":{"counter":0,"key":"Ce0wgi4eCRDAx9zipzhZ+NKCitQVOi8clwAKwi+2BJI="},"chainType":1,"messageKeys":{}}},"pendingPreKey":{"signedKeyId":3,"baseKey":"Be1N26J8fpq1FynImpxPtTjrfeYdLNeIUCkO4Fgr5gVj","preKeyId":545845}}},"version":"v1"}