{"_sessions":{"BaPGB0s8qYoT3AVUcCp57nH0SpmVC613APK7+KCByUEL":{"registrationId":1280964147,"currentRatchet":{"ephemeralKeyPair":{"pubKey":"BRcFtWN3oTqQT0HwQLe2vzzm/66i7Tt7cFL0dFi6S1cb","privKey":"iKszNb9fqTyzR11NHx0UZIsEY0Q9pHdCxsq5385gdWA="},"lastRemoteEphemeralKey":"BZzEkbB78fUEzNDKtJlqBddKYqflNX2ITXyjcWMeoT97","previousCounter":0,"rootKey":"4PSdTWCxeu6C9/13CJZhcGuduJ6YMl7L1LJn+Txzd14="},"indexInfo":{"baseKey":"BaPGB0s8qYoT3AVUcCp57nH0SpmVC613APK7+KCByUEL","baseKeyType":1,"closed":-1,"used":1692405308628,"created":1692405308628,"remoteIdentityKey":"BdFoFZJm/fyL0nteqbVTuwwEx8hPgI8ncYa4XEVN/Qc8"},"_chains":{"BRcFtWN3oTqQT0HwQLe2vzzm/66i7Tt7cFL0dFi6S1cb":{"chainKey":{"counter":0,"key":"3Qw84+nlqjze9w/ljeTuQMnunlKycXf+fW7Cl4U2h+w="},"chainType":1,"messageKeys":{}}},"pendingPreKey":{"signedKeyId":4,"baseKey":"BaPGB0s8qYoT3AVUcCp57nH0SpmVC613APK7+KCByUEL","preKeyId":13600176}}},"version":"v1"}