{"_sessions":{"BbOsi29ZNVQFaT+i+imbMltN2k/YFVzArWdcwL7IfpgU":{"registrationId":1577465229,"currentRatchet":{"ephemeralKeyPair":{"pubKey":"BfmCP8zBUz3UrCfPXtLVsuFHQ8S6hK6qwASrMyGLZkZP","privKey":"0DZM/ZgttHwapbIU0BGwLjXBK8Nc1jtcc/5vxbq1nHw="},"lastRemoteEphemeralKey":"BTMOevSC0MjlbGZID8oi3wAtpfIfh5J1eHzbcAlXyk5/","previousCounter":0,"rootKey":"ZFtGxd8DyQaN11vxVedE4imgKmth9xj0mp/H4Hs1jTs="},"indexInfo":{"baseKey":"BbOsi29ZNVQFaT+i+imbMltN2k/YFVzArWdcwL7IfpgU","baseKeyType":1,"closed":-1,"used":1692405309398,"created":1692405309398,"remoteIdentityKey":"Bau6auU5gM/zJas8+fFlNYirIAWDGy0H5gSazmX1U3lb"},"_chains":{"BfmCP8zBUz3UrCfPXtLVsuFHQ8S6hK6qwASrMyGLZkZP":{"chainKey":{"counter":0,"key":"S2hkglpnOdDnADzQsiA1FjXsdipK2tn+8TN8/wyEo6Q="},"chainType":1,"messageKeys":{}}},"pendingPreKey":{"signedKeyId":0,"baseKey":"BbOsi29ZNVQFaT+i+imbMltN2k/YFVzArWdcwL7IfpgU","preKeyId":10258563}}},"version":"v1"}