{"_sessions":{"Bc3YL++exVSWAb/N1T/Vx/oVnCWGIDAkG8GQnbYKokIr":{"registrationId":867027877,"currentRatchet":{"ephemeralKeyPair":{"pubKey":"BZLJmd+/4qK9fLFFJPxMSAOhxaLE/hDse9KxhjYzsQg8","privKey":"WPjTzyA0xnNlzacWfePhUlt1wqp+yX+OK056UZtae3U="},"lastRemoteEphemeralKey":"Bf2hrKj/4PZldXW37B+ldV8Yp9x0QlpP8TWZSQjpDNUk","previousCounter":0,"rootKey":"rSLorhG/tsfawEOhuBdvQSe787Xks0G71FzYP+8vJno="},"indexInfo":{"baseKey":"Bc3YL++exVSWAb/N1T/Vx/oVnCWGIDAkG8GQnbYKokIr","baseKeyType":1,"closed":-1,"used":1692405309483,"created":1692405309483,"remoteIdentityKey":"BSr6lamAKBExJBGdvFNjYFkZtrP8eaxZVxVPVVbUqQYd"},"_chains":{"BZLJmd+/4qK9fLFFJPxMSAOhxaLE/hDse9KxhjYzsQg8":{"chainKey":{"counter":0,"key":"ay5zBJRWAzrkBROV1/iNIIrNaBg67sO/iy/yVKtP0C0="},"chainType":1,"messageKeys":{}}},"pendingPreKey":{"signedKeyId":7,"baseKey":"Bc3YL++exVSWAb/N1T/Vx/oVnCWGIDAkG8GQnbYKokIr","preKeyId":6123194}}},"version":"v1"}