{"_sessions":{"BSctFRZw0pTU9XtTklUSnfVCp+EJUJvaDo2ZGtI2zj9T":{"registrationId":1197941103,"currentRatchet":{"ephemeralKeyPair":{"pubKey":"BVg6PtvqJVBc2CaSm6S8QxDrgKTOXsmqHogVjsWg8QEd","privKey":"QPti6NFgol2KSJtGsNbRyB9+rvYTKMxm5zrcms3OVk4="},"lastRemoteEphemeralKey":"BTQmgggya1Hqs70eGF2dmz8M5n6YA3zJ67LBvYGcJ/Jm","previousCounter":0,"rootKey":"J0jQmWznHYtltxsth0XFbmjh5pZF5C6pAL5II5GVmXo="},"indexInfo":{"baseKey":"BSctFRZw0pTU9XtTklUSnfVCp+EJUJvaDo2ZGtI2zj9T","baseKeyType":1,"closed":-1,"used":1692405309845,"created":1692405309845,"remoteIdentityKey":"Bbwlvrsd2l6idL8a3zSvjkFRlqER/709uwM9TednSw04"},"_chains":{"BVg6PtvqJVBc2CaSm6S8QxDrgKTOXsmqHogVjsWg8QEd":{"chainKey":{"counter":0,"key":"NRhtoUjosKmSdDYjDkt0eJZ0B9PWEoltnhZjAB24HQA="},"chainType":1,"messageKeys":{}}},"pendingPreKey":{"signedKeyId":0,"baseKey":"BSctFRZw0pTU9XtTklUSnfVCp+EJUJvaDo2ZGtI2zj9T","preKeyId":5355892}}},"version":"v1"}