{"_sessions":{"BTgvGNinpFe35bnQqHIjm2qln9i+wF/gauDEFU5ER69M":{"registrationId":864256086,"currentRatchet":{"ephemeralKeyPair":{"pubKey":"BdnOmXu9fIIUzod8jPkMlq8Pv/drAHpIdqp8znSUts1T","privKey":"6Ch5m2LB445BUSvPeY7o+nwE40YZN2Xr7v3tZYF9rWE="},"lastRemoteEphemeralKey":"Ba0GTxcC/8yDtFa1G7kwqc4mrzRKq5Koo30hBLlziFIT","previousCounter":0,"rootKey":"QqDGezj6EOvGxvtBmwiflH3hPNp/qIoZ5RUF1wmbC/c="},"indexInfo":{"baseKey":"BTgvGNinpFe35bnQqHIjm2qln9i+wF/gauDEFU5ER69M","baseKeyType":1,"closed":-1,"used":1692405308550,"created":1692405308550,"remoteIdentityKey":"BfYfohIFd5K3wSe8Yzow47Ug2QszMpOdhZIcE5aXzakK"},"_chains":{"BdnOmXu9fIIUzod8jPkMlq8Pv/drAHpIdqp8znSUts1T":{"chainKey":{"counter":0,"key":"HaUcRKuzXVzqqLFfDLuYCxy1Uoq1cbs4lrZEZUFdVsA="},"chainType":1,"messageKeys":{}}},"pendingPreKey":{"signedKeyId":11580251,"baseKey":"BTgvGNinpFe35bnQqHIjm2qln9i+wF/gauDEFU5ER69M"}}},"version":"v1"}