{"_sessions":{"BVcnVKCUUXSZXwOUFVnjk8+uL1wdUqZkSd2lPGK0OW1H":{"registrationId":1000983785,"currentRatchet":{"ephemeralKeyPair":{"pubKey":"BXS5Ou/c7sLLSr6uQM6jXR9kAsi0MxmXZqz+44Afcp1X","privKey":"yNpkI77R9AqN6yb8QTtsw+drM8FMgiovfjn9P7bjMXE="},"lastRemoteEphemeralKey":"BbJiZP//+jRLrefbZFUmf2HyRx5aS5l7L3ssEMZ5Mat3","previousCounter":0,"rootKey":"wmshJUfBL8kCZyR02Iygqw7HkUbtPKOEA4mkCyuoPl0="},"indexInfo":{"baseKey":"BVcnVKCUUXSZXwOUFVnjk8+uL1wdUqZkSd2lPGK0OW1H","baseKeyType":1,"closed":-1,"used":1692405309884,"created":1692405309884,"remoteIdentityKey":"BQe16AwXYEn6E+EfuXn3fyku4LDbmcYmuSrByxXYUyFd"},"_chains":{"BXS5Ou/c7sLLSr6uQM6jXR9kAsi0MxmXZqz+44Afcp1X":{"chainKey":{"counter":0,"key":"+r6/+t2kUPgsBKaKSst2FDRHzKvMBEAQM0wvVHA3KeI="},"chainType":1,"messageKeys":{}}},"pendingPreKey":{"signedKeyId":7,"baseKey":"BVcnVKCUUXSZXwOUFVnjk8+uL1wdUqZkSd2lPGK0OW1H","preKeyId":6482298}}},"version":"v1"}