{"_sessions":{"BfzyDlJ5XmjtfpO2x+m251P1ZQXw/WPoniQzs0eY200U":{"registrationId":171,"currentRatchet":{"ephemeralKeyPair":{"pubKey":"BcbQOYIsnIoz7B/WsLpR2UF+wU9hARFIdHgUekEz8+0t","privKey":"cMlHyF7GDnoSSSqBPNaeFoFyU9ywyOqRi+CwCyu0hVk="},"lastRemoteEphemeralKey":"BblaJU+8xVkY6hn1oqIrDGJJWkzQHBIhy3wOo5Lx22oL","previousCounter":0,"rootKey":"UXbjoICvSYND3AzyGJoxS+XajHmHcl2i6rC8BLWht7I="},"indexInfo":{"baseKey":"BfzyDlJ5XmjtfpO2x+m251P1ZQXw/WPoniQzs0eY200U","baseKeyType":1,"closed":-1,"used":1692405308046,"created":1692405308046,"remoteIdentityKey":"BbA/rAsy/vB16d7QEoW0S/cYUiYf+HdSb/hGdd6bivpo"},"_chains":{"BcbQOYIsnIoz7B/WsLpR2UF+wU9hARFIdHgUekEz8+0t":{"chainKey":{"counter":0,"key":"Im+ypKbJflyQI/OgUtQ9f912m5wWog7srrwmleW00Es="},"chainType":1,"messageKeys":{}}},"pendingPreKey":{"signedKeyId":1,"baseKey":"BfzyDlJ5XmjtfpO2x+m251P1ZQXw/WPoniQzs0eY200U"}}},"version":"v1"}