{"_sessions":{"BQMXCWbu0V8paVEYlS/VIwwMoWZVCTu99amj6WexY35g":{"registrationId":10479,"currentRatchet":{"ephemeralKeyPair":{"pubKey":"BS5bCWWhTKWK9VtjQoLrJ5Qj+AEz1KLnJ+4F9xxBYE4c","privKey":"OG0iqcLFgdT3ocsoGow63Jf0oczkIyyj+e2rEFB7O3c="},"lastRemoteEphemeralKey":"BXRBowqg+noomp4erNLsj9a4R4HAE9cFx0+Yo/+7EpIN","previousCounter":0,"rootKey":"3JjxkDmMkHmDiG4yLlJZHtY9jn+5LJsaauT9VBt6pvw="},"indexInfo":{"baseKey":"BQMXCWbu0V8paVEYlS/VIwwMoWZVCTu99amj6WexY35g","baseKeyType":1,"closed":-1,"used":1692405307862,"created":1692405307862,"remoteIdentityKey":"BeqgocEYHIaVR7bVfUfZ6iiVkVG1vx2YpoRCxENqCtRD"},"_chains":{"BS5bCWWhTKWK9VtjQoLrJ5Qj+AEz1KLnJ+4F9xxBYE4c":{"chainKey":{"counter":0,"key":"Oj5PRUGAZn7p1c1iCuTUHs0p0GtnveZZvgOWB6OGVVM="},"chainType":1,"messageKeys":{}}},"pendingPreKey":{"signedKeyId":1,"baseKey":"BQMXCWbu0V8paVEYlS/VIwwMoWZVCTu99amj6WexY35g"}}},"version":"v1"}