{"_sessions":{"BbP/hDI1QZitK1fKDkuX0evbxSFyyLzZaj9crYqRztNZ":{"registrationId":522450303,"currentRatchet":{"ephemeralKeyPair":{"pubKey":"BfRWYSwTeoxUyNlnHR+8CeJscbOMFXUqYWlo3/Um+MR1","privKey":"cFIX8ykEGguU3rZo5/xT1d+mnS6fqZDumQRoLyZ2BGI="},"lastRemoteEphemeralKey":"BUmmjhzxm8HFU+9wGmW2k9Z6eXJ6zN0A2fzM7KXGPOAK","previousCounter":0,"rootKey":"isKQkhPO80l/QZKO4e9f2e04va6nL4kZwpArFQ8tt1o="},"indexInfo":{"baseKey":"BbP/hDI1QZitK1fKDkuX0evbxSFyyLzZaj9crYqRztNZ","baseKeyType":1,"closed":-1,"used":1692405309314,"created":1692405309314,"remoteIdentityKey":"BQeXw1m4XvxYouCV71RJwCpZq8NNEZmC2t7r3IMh9Zgd"},"_chains":{"BfRWYSwTeoxUyNlnHR+8CeJscbOMFXUqYWlo3/Um+MR1":{"chainKey":{"counter":0,"key":"R5tabXZeMOanwvD82wecmwhGj4Wef1p2BtMcCaf7yNE="},"chainType":1,"messageKeys":{}}},"pendingPreKey":{"signedKeyId":18,"baseKey":"BbP/hDI1QZitK1fKDkuX0evbxSFyyLzZaj9crYqRztNZ","preKeyId":2927598}}},"version":"v1"}