{"_sessions":{"BVip5/7bNNXkrQK1btTe4Ytii0Avhmxoei4fiIjXEeZD":{"registrationId":2148,"currentRatchet":{"ephemeralKeyPair":{"pubKey":"BapcevEQ9ukPCXnjq+0DRu0WiOrr6HJA5bqKkdLthpIg","privKey":"qCC4aPCw1EjaGdt0iPHEJp0163OWJ4dB1eW4whrAnH4="},"lastRemoteEphemeralKey":"BbTkX9KzALkNm6MVMQCkT5Uz6fzxEiAS21GclgQBt2AL","previousCounter":0,"rootKey":"5OVVX4Ivnxpnkpky5s9B7Hn6ZvMN8MnvRqDQxY9Fyec="},"indexInfo":{"baseKey":"BVip5/7bNNXkrQK1btTe4Ytii0Avhmxoei4fiIjXEeZD","baseKeyType":1,"closed":-1,"used":1692405308260,"created":1692405308260,"remoteIdentityKey":"BXJn6hzbye/bpFCOL8WYLeTM1EDvPrf9gP51kf0o32Nw"},"_chains":{"BapcevEQ9ukPCXnjq+0DRu0WiOrr6HJA5bqKkdLthpIg":{"chainKey":{"counter":0,"key":"GFD91zPP6LY+c7X3feqE/TgPE7sUOHYiG/FemwJwcqo="},"chainType":1,"messageKeys":{}}},"pendingPreKey":{"signedKeyId":1,"baseKey":"BVip5/7bNNXkrQK1btTe4Ytii0Avhmxoei4fiIjXEeZD","preKeyId":331}}},"version":"v1"}