{"_sessions":{"BUUzHaqiRKwgAiY1p4mC05BkWofFqhnpnk6FKlnw0V59":{"registrationId":1834758487,"currentRatchet":{"ephemeralKeyPair":{"pubKey":"BSSqSklodaDK9tYL5wJsItdRQG/4C4xIgCGft6PaunxO","privKey":"wCy3qiAIFXZ0oi7cT20UTsJ5s3c7ufrtPQWMAAOaJFc="},"lastRemoteEphemeralKey":"BQoGUlwL38N+AstBDnOPIb/flGshO0dvdOtSfnPrmid+","previousCounter":0,"rootKey":"MSkli4WtLDTAvpv+1F47fmBEj6/b12TLMb+M8RMCNuU="},"indexInfo":{"baseKey":"BUUzHaqiRKwgAiY1p4mC05BkWofFqhnpnk6FKlnw0V59","baseKeyType":1,"closed":-1,"used":1692405309478,"created":1692405309478,"remoteIdentityKey":"BVNP0SGImf6o3r39IVZC0Zzh9s+wP05ejXHd1fGJUI0E"},"_chains":{"BSSqSklodaDK9tYL5wJsItdRQG/4C4xIgCGft6PaunxO":{"chainKey":{"counter":0,"key":"tTc7vs0CPvrGR0Dl+GeqqpAM0NpyLYB5wlMH8atZ8Xg="},"chainType":1,"messageKeys":{}}},"pendingPreKey":{"signedKeyId":14,"baseKey":"BUUzHaqiRKwgAiY1p4mC05BkWofFqhnpnk6FKlnw0V59","preKeyId":11883222}}},"version":"v1"}