{"_sessions":{"BR2y5jbf5IVMTXvT6OGLSZvbij5llHc0OB6mS0cI1Chw":{"registrationId":377494493,"currentRatchet":{"ephemeralKeyPair":{"pubKey":"BXFKKxnt4muKFvGOJenht3ul1litxn1dJ5VL9aKMYU0v","privKey":"oHuqI+U64/eRT4VtopKo5jBiaMBT6peSHCstdyx3Q0M="},"lastRemoteEphemeralKey":"BcSLMmtIBxXX4e8Gcsu7ppl/K8Ie8bdfuNOVpxmvC4NA","previousCounter":0,"rootKey":"qqWvdZQ5YJyUnKpvJf5gPh5AtOog2kGex8bK5hOVVc4="},"indexInfo":{"baseKey":"BR2y5jbf5IVMTXvT6OGLSZvbij5llHc0OB6mS0cI1Chw","baseKeyType":1,"closed":-1,"used":1692405310214,"created":1692405310214,"remoteIdentityKey":"BdGIXIS2qzd5D0O5ssAXHOs6G31LQ5wTaLS66lz8bu5M"},"_chains":{"BXFKKxnt4muKFvGOJenht3ul1litxn1dJ5VL9aKMYU0v":{"chainKey":{"counter":0,"key":"I4c5cjV/ov8L7HyKFCR6oRZFBylDoRgVKS8TNn4SUa8="},"chainType":1,"messageKeys":{}}},"pendingPreKey":{"signedKeyId":4,"baseKey":"BR2y5jbf5IVMTXvT6OGLSZvbij5llHc0OB6mS0cI1Chw","preKeyId":16635346}}},"version":"v1"}