{"_sessions":{"BZRuXqRHZzH8rL8++49s4i8lf8wNRwSahRCDoteVxGpd":{"registrationId":1483182402,"currentRatchet":{"ephemeralKeyPair":{"pubKey":"BZ/GasDatfj3ScKeaU2xql48kVHSsLZ17wCV/+qBsSkK","privKey":"6C3nz/QGysLPlzHsemLAuA6D/Kenr/UbnH9hvaeWw2s="},"lastRemoteEphemeralKey":"BRN+pxtUvDUPB7xuMfZYlgxNnQXa3TH6P4xMVUUre8wf","previousCounter":0,"rootKey":"kM/U/hlsbSQTaFfODUua/vc1LINu5cL3oUHKKDeV0g0="},"indexInfo":{"baseKey":"BZRuXqRHZzH8rL8++49s4i8lf8wNRwSahRCDoteVxGpd","baseKeyType":1,"closed":-1,"used":1692405309531,"created":1692405309531,"remoteIdentityKey":"BQOuue3NwGD1dE0f9Dp40w4g5uEm5lcefZk4ugLVpNQS"},"_chains":{"BZ/GasDatfj3ScKeaU2xql48kVHSsLZ17wCV/+qBsSkK":{"chainKey":{"counter":0,"key":"RuXMtBnZB/6aGfUOL3tE0LS6FIgOwbveKmvMopB0H7Y="},"chainType":1,"messageKeys":{}}},"pendingPreKey":{"signedKeyId":18,"baseKey":"BZRuXqRHZzH8rL8++49s4i8lf8wNRwSahRCDoteVxGpd","preKeyId":1530113}}},"version":"v1"}