{"_sessions":{"BT4rsrYeeyrBIRUD9R18eSb330Dkdsmr0Mcn9JErEngA":{"registrationId":525282023,"currentRatchet":{"ephemeralKeyPair":{"pubKey":"BWTxs6RYOmKcfsBznwE4MuOIbTpRTI++QcBqP+JWUYdQ","privKey":"GIWi9Loi4P+qa37QzpXOwwJW5QrHs5evMzktQzFZim8="},"lastRemoteEphemeralKey":"BQPE1rVwLZmOSpPwIhOIRtPOoTAk3hYV+gF2zOCIESpJ","previousCounter":0,"rootKey":"dNrhe4i0hhBzlnX97yWqWRcXsTFelybNwNvs2+yK1d4="},"indexInfo":{"baseKey":"BT4rsrYeeyrBIRUD9R18eSb330Dkdsmr0Mcn9JErEngA","baseKeyType":1,"closed":-1,"used":1692405309170,"created":1692405309170,"remoteIdentityKey":"BUMkBMQFbWJ2tz+CSCGf6eJhPMW6ySE46qFPr8+8aklU"},"_chains":{"BWTxs6RYOmKcfsBznwE4MuOIbTpRTI++QcBqP+JWUYdQ":{"chainKey":{"counter":0,"key":"s5SRzLLfV02pg+VJERbiV3CiTkol3Aj8zBGwgTEnFBk="},"chainType":1,"messageKeys":{}}},"pendingPreKey":{"signedKeyId":0,"baseKey":"BT4rsrYeeyrBIRUD9R18eSb330Dkdsmr0Mcn9JErEngA","preKeyId":311023}}},"version":"v1"}