{"_sessions":{"BWErCGv7er1yBR5LbEsl4HoFPuNn9WPDLTUDel4ghTNX":{"registrationId":2126063239,"currentRatchet":{"ephemeralKeyPair":{"pubKey":"BeW4qeV+Lwo1V6T96IuTy3UkBeQJrz5bzeleqGjLI+lC","privKey":"oO/CFr+nPSRyyVgbnP8EVYL8NTIueIWlV3ZF6seU6XE="},"lastRemoteEphemeralKey":"BcBIUcJ1s9gzJzWSSr6mtZIs4umfRZ/zKN1b1TuZ9ZYy","previousCounter":0,"rootKey":"6Cbr2vV6aXNEGObI3r9RiYsAeKIVd6ZrnMG6EdeAGTw="},"indexInfo":{"baseKey":"BWErCGv7er1yBR5LbEsl4HoFPuNn9WPDLTUDel4ghTNX","baseKeyType":1,"closed":-1,"used":1692405309387,"created":1692405309387,"remoteIdentityKey":"BXRL/YCcaxobhOZbebbwEhgFz3kNSYZru9XD/A8TruEV"},"_chains":{"BeW4qeV+Lwo1V6T96IuTy3UkBeQJrz5bzeleqGjLI+lC":{"chainKey":{"counter":0,"key":"2/LL6ih1F16IvepDxP5fHeaYKh/e/T7Z34yaWfxA4Es="},"chainType":1,"messageKeys":{}}},"pendingPreKey":{"signedKeyId":12,"baseKey":"BWErCGv7er1yBR5LbEsl4HoFPuNn9WPDLTUDel4ghTNX","preKeyId":15194856}}},"version":"v1"}