{"_sessions":{"BSsO72wKHp6khp4aOv8KpV8tpcwo12zvxxye0Noska0I":{"registrationId":1113457392,"currentRatchet":{"ephemeralKeyPair":{"pubKey":"BU+HS6irB/6WgMmlFmNKcriAvLLR5+wzVipiHyLBcpcy","privKey":"2MunuXhEgpDzBHg4Wbtl/EUlyIm0lPrljQUblTaIq08="},"lastRemoteEphemeralKey":"BZdnr3pyErLm3L7OXLztbWd3papZbqciovZGzM3iRqIR","previousCounter":0,"rootKey":"C1v1OjaoOVR1kV4BGIMbtqsM2x6l5+FxKzRKgREhdUE="},"indexInfo":{"baseKey":"BSsO72wKHp6khp4aOv8KpV8tpcwo12zvxxye0Noska0I","baseKeyType":1,"closed":-1,"used":1692405310580,"created":1692405310580,"remoteIdentityKey":"BXkGeepI75t/lVrnuRgxg73jsPug/CCog0+qk6w8N91b"},"_chains":{"BU+HS6irB/6WgMmlFmNKcriAvLLR5+wzVipiHyLBcpcy":{"chainKey":{"counter":0,"key":"WfAjKYktuSybl5VSOTIOFi8nin+mbM/OHOHqwc0dGgw="},"chainType":1,"messageKeys":{}}},"pendingPreKey":{"signedKeyId":0,"baseKey":"BSsO72wKHp6khp4aOv8KpV8tpcwo12zvxxye0Noska0I","preKeyId":3388469}}},"version":"v1"}