{"_sessions":{"BS0YQQ5i7wnA1pP+d6aNXQwzJmRFX7cfKh/uq52XdQhR":{"registrationId":834739946,"currentRatchet":{"ephemeralKeyPair":{"pubKey":"BXpuD/PmEVJjRgU7T5y0mEvmuSCf2zDkpVQ9EuF5XABr","privKey":"2CbqtlHVRsv0Z0KIDithAG3seVgBgMzHBsHHzvu5/HM="},"lastRemoteEphemeralKey":"BT4njuOHeYm5cPlB6CQpIvZiQUi2gXaNfYr2z2biiZI7","previousCounter":0,"rootKey":"0dVKP/SH7Vul+nzl1fcw5RVn9MlY9VdP3im9DeFuy6o="},"indexInfo":{"baseKey":"BS0YQQ5i7wnA1pP+d6aNXQwzJmRFX7cfKh/uq52XdQhR","baseKeyType":1,"closed":-1,"used":1692405310431,"created":1692405310431,"remoteIdentityKey":"BW8YSiL/n/3FUUMtVnqpAB2jsN44tKwGB8EDgICJvmx+"},"_chains":{"BXpuD/PmEVJjRgU7T5y0mEvmuSCf2zDkpVQ9EuF5XABr":{"chainKey":{"counter":0,"key":"OTJcG2V3+9Hz27SFZ0p9NYFGmmR6XXRyvAxUjNoVQlw="},"chainType":1,"messageKeys":{}}},"pendingPreKey":{"signedKeyId":0,"baseKey":"BS0YQQ5i7wnA1pP+d6aNXQwzJmRFX7cfKh/uq52XdQhR","preKeyId":4754457}}},"version":"v1"}