{"_sessions":{"BaOLDERGzfM6ImSRBCgeeLQ7mtxvmJxPHWfZAWowrlEY":{"registrationId":202054854,"currentRatchet":{"ephemeralKeyPair":{"pubKey":"BUr4CXaySMKbmod6y6Kj7XoK7eANUgT0mHHj99dVbcNZ","privKey":"UJeArjFRP8U5HslojhFBPMqISf9RSsG5qr0xqWmY2mM="},"lastRemoteEphemeralKey":"BYEVurNeslqVk5HK3qNfz8mcFZ+/FEYKwrkKzuOijzsw","previousCounter":0,"rootKey":"XAD9JNEmMH8+rBsviverWTx+36pPKCS0iiZ7alkgUGA="},"indexInfo":{"baseKey":"BaOLDERGzfM6ImSRBCgeeLQ7mtxvmJxPHWfZAWowrlEY","baseKeyType":1,"closed":-1,"used":1692405309404,"created":1692405309404,"remoteIdentityKey":"BTVd2sAE/S9/ljhWmewYNPsfN+E/gj0KQRYRsd+V1ntp"},"_chains":{"BUr4CXaySMKbmod6y6Kj7XoK7eANUgT0mHHj99dVbcNZ":{"chainKey":{"counter":0,"key":"36p7yAcoMIRjAW712LcNKkEqXjACCK1lS8ajsKmq7fM="},"chainType":1,"messageKeys":{}}},"pendingPreKey":{"signedKeyId":10,"baseKey":"BaOLDERGzfM6ImSRBCgeeLQ7mtxvmJxPHWfZAWowrlEY","preKeyId":358443}}},"version":"v1"}