{"_sessions":{"Bd16y2vDOenXWWsIiwz+EuLYP/pvbXmSv2tsLDN31NVI":{"registrationId":1862046419,"currentRatchet":{"ephemeralKeyPair":{"pubKey":"BTrWCTMXHC7wbwXTesq+TOFJwolHA8bwEjEoTJbQiOBF","privKey":"mN10gNQdq94keTZkk19yMNXLOPWfmvovSMPKEjMJ0Vc="},"lastRemoteEphemeralKey":"BT3fasqcocHL+zJdqxMU5KJPoiYfFrxUGCZc0ijNObtm","previousCounter":0,"rootKey":"SFo8HUl4LWhqUmT0Oz34TyioHrHgWeSPfzCe9A1Wbxw="},"indexInfo":{"baseKey":"Bd16y2vDOenXWWsIiwz+EuLYP/pvbXmSv2tsLDN31NVI","baseKeyType":1,"closed":-1,"used":1692405310246,"created":1692405310246,"remoteIdentityKey":"BZ6KzpmBo/d4t96uKTidP0VKEGdM118TV6uugSl35Phx"},"_chains":{"BTrWCTMXHC7wbwXTesq+TOFJwolHA8bwEjEoTJbQiOBF":{"chainKey":{"counter":0,"key":"/yHyAjoZXfQZHv+1funXBUHBdEMht9/4N2VpVtl1gtk="},"chainType":1,"messageKeys":{}}},"pendingPreKey":{"signedKeyId":6,"baseKey":"Bd16y2vDOenXWWsIiwz+EuLYP/pvbXmSv2tsLDN31NVI","preKeyId":3360451}}},"version":"v1"}