{"_sessions":{"BbawjJdskcH47Vd73kp1S2R0cPbjfBEz4uCT30jJlVQs":{"registrationId":10280,"currentRatchet":{"ephemeralKeyPair":{"pubKey":"Bcyq1/YQ6LnWS/6LSH+zUj4oAgxl10rb7pPcjk98qLNO","privKey":"YE+gQIQcwW9VTomF1DUS02Ak9DfrfltWvCPtLU+3VGY="},"lastRemoteEphemeralKey":"BdI3jMZdEXZI+pZ2lKiahvcLieGek4I23lT5ehc5I0sK","previousCounter":0,"rootKey":"OCdl2FzrxhSmR0GDqVDDgSLuYhL87rjC16nBQM0mSGk="},"indexInfo":{"baseKey":"BbawjJdskcH47Vd73kp1S2R0cPbjfBEz4uCT30jJlVQs","baseKeyType":1,"closed":-1,"used":1692405308514,"created":1692405308514,"remoteIdentityKey":"BfaM6GSpLEo8kFEa64HnJpaHqK8sfwyd9KTtAQvqTAYj"},"_chains":{"Bcyq1/YQ6LnWS/6LSH+zUj4oAgxl10rb7pPcjk98qLNO":{"chainKey":{"counter":0,"key":"nIjqxn2N/B1lg6W0Matu0I2CQllmY9GOLNTHm+JPkOk="},"chainType":1,"messageKeys":{}}},"pendingPreKey":{"signedKeyId":1,"baseKey":"BbawjJdskcH47Vd73kp1S2R0cPbjfBEz4uCT30jJlVQs","preKeyId":1335}}},"version":"v1"}