{"_sessions":{"BTQPEEs6BsDmRhdbxOgHvUJZvS3e/aVCGzjFMk3ropgm":{"registrationId":177409715,"currentRatchet":{"ephemeralKeyPair":{"pubKey":"BTKBvnwV9RDG9OzQdpLorSZerLhOBx6MuFbG5+cKB0Zi","privKey":"OAQJTJ/NK9b1BwEqqTw+C5pp8bjFTjGl4O6BjSnPQkU="},"lastRemoteEphemeralKey":"BSrOmIoifq+FNETojasnTVFKcw4sMEGfMWo4taw+fZ8B","previousCounter":0,"rootKey":"NETkxNylTGGreIToXQV9mFJUiTZQcDReEseKc47Oekg="},"indexInfo":{"baseKey":"BTQPEEs6BsDmRhdbxOgHvUJZvS3e/aVCGzjFMk3ropgm","baseKeyType":1,"closed":-1,"used":1692405308599,"created":1692405308599,"remoteIdentityKey":"BaW6JbcEsL/s+y50LaBf3gMnW2Pr7/rm/JmTq3MP0Yk0"},"_chains":{"BTKBvnwV9RDG9OzQdpLorSZerLhOBx6MuFbG5+cKB0Zi":{"chainKey":{"counter":0,"key":"kQWzSHPNepHmgsiKYAcb2cK9YwA2uDxQdhvfVwGvLTo="},"chainType":1,"messageKeys":{}}},"pendingPreKey":{"signedKeyId":9,"baseKey":"BTQPEEs6BsDmRhdbxOgHvUJZvS3e/aVCGzjFMk3ropgm","preKeyId":15413391}}},"version":"v1"}