{"_sessions":{"BUdTQynOFFtyasz4Z2d/H800LscHilC9rVBoxKRYqKZ0":{"registrationId":1101946015,"currentRatchet":{"ephemeralKeyPair":{"pubKey":"BcRMBcnNVxTvZBSXUj081bKTQ659mCz2owQD8EXWqR0P","privKey":"WIZNu9WZpbdVPNpQxGvNk0hmfr7xHaVZ8DpjuSbmQEs="},"lastRemoteEphemeralKey":"BaTQyM3xD9KrZwdSZef+Z3Y6x6vcC6MhxXleNQSnK9VJ","previousCounter":0,"rootKey":"fbeLJ7f23AGatac3+b1fWd4ukYjCOKNgoW8aLCn0qT4="},"indexInfo":{"baseKey":"BUdTQynOFFtyasz4Z2d/H800LscHilC9rVBoxKRYqKZ0","baseKeyType":1,"closed":-1,"used":1692405309921,"created":1692405309921,"remoteIdentityKey":"BTHDWgwqoJs1FYRHhGZXtOjKVWMrr5jYw4wL7luStuAJ"},"_chains":{"BcRMBcnNVxTvZBSXUj081bKTQ659mCz2owQD8EXWqR0P":{"chainKey":{"counter":0,"key":"7QCQjwsrcOy5uEU9pAj9tv4q2PAde+aq6g8lG726MJg="},"chainType":1,"messageKeys":{}}},"pendingPreKey":{"signedKeyId":4,"baseKey":"BUdTQynOFFtyasz4Z2d/H800LscHilC9rVBoxKRYqKZ0","preKeyId":4276138}}},"version":"v1"}