{"_sessions":{"BVQJ72f2nV0y8RWIowJFxUGYhy1aGYyNBJDMDXOjmiQ/":{"registrationId":2097058288,"currentRatchet":{"ephemeralKeyPair":{"pubKey":"BV/zPUbKQEafLZwzbpo5nzj16HtTedIvLLoAnawNzFNy","privKey":"KG4ZYMzFud2pGMIFrb7KSFjgeU2utpENMAsEz2EwG3w="},"lastRemoteEphemeralKey":"BeCpTbzxuq3JC6GaShreHg2xnhrPMvWvaaQ+ARZIE7Rw","previousCounter":0,"rootKey":"W7v7xapIDZNpPO12woqORC5sR6iC31f15CyFan0Xmf8="},"indexInfo":{"baseKey":"BVQJ72f2nV0y8RWIowJFxUGYhy1aGYyNBJDMDXOjmiQ/","baseKeyType":1,"closed":-1,"used":1692405308520,"created":1692405308520,"remoteIdentityKey":"BWWfKZJca1N0kHB6dz0QvtPYqnltrWawXnS0p2EWkS58"},"_chains":{"BV/zPUbKQEafLZwzbpo5nzj16HtTedIvLLoAnawNzFNy":{"chainKey":{"counter":0,"key":"UXohbLllux4X2itaju1SZO8rW7i7aJCDjJKGRelu3Wk="},"chainType":1,"messageKeys":{}}},"pendingPreKey":{"signedKeyId":0,"baseKey":"BVQJ72f2nV0y8RWIowJFxUGYhy1aGYyNBJDMDXOjmiQ/","preKeyId":331694}}},"version":"v1"}