{"_sessions":{"BWKQiGwaAsWMaM2Wc70Hs9FIR8EPV6LLUHKmJth4fcsp":{"registrationId":293477004,"currentRatchet":{"ephemeralKeyPair":{"pubKey":"BdafHgwbCRuWMYu/ctN6WOzdqFHdPRDlARpxpo7/SSg+","privKey":"MEpGgLV4zmGw4KOMTED2nnIZjrMitijiUVpzH3CovUU="},"lastRemoteEphemeralKey":"BcRpId+Ko1p+hgcC2ALYvyEQo66HcBLUoVGZDlnkqGRi","previousCounter":0,"rootKey":"X9GJfBck5K6yFHAjC7zKFhdkRLaRD03XIO6gtQuj9Og="},"indexInfo":{"baseKey":"BWKQiGwaAsWMaM2Wc70Hs9FIR8EPV6LLUHKmJth4fcsp","baseKeyType":1,"closed":-1,"used":1692405310618,"created":1692405310618,"remoteIdentityKey":"BSGDCCAhDYUIKG8uhQ/gEzP8mXATFnXUXvWzsAhUgG8U"},"_chains":{"BdafHgwbCRuWMYu/ctN6WOzdqFHdPRDlARpxpo7/SSg+":{"chainKey":{"counter":0,"key":"Y7DVZ+t82VDjKDajNnM9F9LFkXINRUpSCg26O74t7So="},"chainType":1,"messageKeys":{}}},"pendingPreKey":{"signedKeyId":16692400,"baseKey":"BWKQiGwaAsWMaM2Wc70Hs9FIR8EPV6LLUHKmJth4fcsp","preKeyId":230}}},"version":"v1"}