{"_sessions":{"BcPBRyDUdPdtzMOu2OYsvEx+gc33xmKtXqIAjCBxtIUl":{"registrationId":826214408,"currentRatchet":{"ephemeralKeyPair":{"pubKey":"BcVooox0jOxs5R4P8hfx4NaIuV339ufVJWhPwKLulfoi","privKey":"ENhy4AKHOGisySrq5/uIXEIeUa91qLl9XXxa2OlmGUY="},"lastRemoteEphemeralKey":"BXQiiNXdRCXBwhJK4kGYNerp+IUtnL+P3lqI244lF7Bt","previousCounter":0,"rootKey":"chhclTC6EoupK+oNeWoCqvMATQC4ZhuZ2xC7tO5pITo="},"indexInfo":{"baseKey":"BcPBRyDUdPdtzMOu2OYsvEx+gc33xmKtXqIAjCBxtIUl","baseKeyType":1,"closed":-1,"used":1692405309850,"created":1692405309850,"remoteIdentityKey":"BTeVQSqAfPh5PoH9FSnfDoO5F2ahmmmOn2nQCfX+6q9a"},"_chains":{"BcVooox0jOxs5R4P8hfx4NaIuV339ufVJWhPwKLulfoi":{"chainKey":{"counter":0,"key":"GNpHC/Y1KRaxXZOeLFjtV+4iHcatfQM7u27WCyq3Geg="},"chainType":1,"messageKeys":{}}},"pendingPreKey":{"signedKeyId":4,"baseKey":"BcPBRyDUdPdtzMOu2OYsvEx+gc33xmKtXqIAjCBxtIUl"}}},"version":"v1"}