{"_sessions":{"BTqmjg+t4512YOnVwgoddb0rLkE63nQ6U9H5WNT4xVdx":{"registrationId":792891119,"currentRatchet":{"ephemeralKeyPair":{"pubKey":"BUcLiILXvTQeiYa5jQVJZrMLJ0ZAM6ypY7et8pXvmqBn","privKey":"iOFu2SoSK5WPIYQp1MR5Nizp/9eSJESnK27HHbydel4="},"lastRemoteEphemeralKey":"BV9WFk7u1cM2TlAFNbL5yzUSz8ORMtLatsTIB8FzfXcT","previousCounter":0,"rootKey":"2no/F5xue+R6jFYQXm+8BtJfRVXbeBvPe06t3dwH6D8="},"indexInfo":{"baseKey":"BTqmjg+t4512YOnVwgoddb0rLkE63nQ6U9H5WNT4xVdx","baseKeyType":1,"closed":-1,"used":1692405309343,"created":1692405309343,"remoteIdentityKey":"BQRPxx+yFzm0oKCTPq6E07xMrzYpXYLyXedXoRJ8+lcP"},"_chains":{"BUcLiILXvTQeiYa5jQVJZrMLJ0ZAM6ypY7et8pXvmqBn":{"chainKey":{"counter":0,"key":"dlTIxAi55WWndp1i0pionwWHoJD0clJgol1akYWNcYU="},"chainType":1,"messageKeys":{}}},"pendingPreKey":{"signedKeyId":15,"baseKey":"BTqmjg+t4512YOnVwgoddb0rLkE63nQ6U9H5WNT4xVdx","preKeyId":7383726}}},"version":"v1"}