{"_sessions":{"BYnKOwKdLHdlmHNrCdR1BR3J6KCpyiMo3Ebe7kNGFr1M":{"registrationId":505749928,"currentRatchet":{"ephemeralKeyPair":{"pubKey":"BcxmAZ07OXKbfvrZeGDX4gS2KuaJrlmOVAYJF1URhtMB","privKey":"uPUwmCzgSO78rfr8Fhvjn0yj/Ub4V+h9n7GadSy35nk="},"lastRemoteEphemeralKey":"BSjj3U5sni+MTmPcvcTrtiXInY9ZiTb+DTQf8zoK1jIg","previousCounter":0,"rootKey":"xTyk22zhLjysN8CXVwSFEtOQt7tGpH9j6G8UaCn1Jpk="},"indexInfo":{"baseKey":"BYnKOwKdLHdlmHNrCdR1BR3J6KCpyiMo3Ebe7kNGFr1M","baseKeyType":1,"closed":-1,"used":1692405308945,"created":1692405308945,"remoteIdentityKey":"BYBU6ckCpoWnYrVsdR7CB5Gw182CwXEE1JPEvn0JQwEe"},"_chains":{"BcxmAZ07OXKbfvrZeGDX4gS2KuaJrlmOVAYJF1URhtMB":{"chainKey":{"counter":0,"key":"QzvyYRm1baBCbNAZpBALlczYLG0R24xz+QijsN8P/Cc="},"chainType":1,"messageKeys":{}}},"pendingPreKey":{"signedKeyId":8,"baseKey":"BYnKOwKdLHdlmHNrCdR1BR3J6KCpyiMo3Ebe7kNGFr1M","preKeyId":4102835}}},"version":"v1"}