{"_sessions":{"BYUsiFL7U1b07p+7qFE4C/WpBkX59f2k32vIrkgvOxUK":{"registrationId":247,"currentRatchet":{"ephemeralKeyPair":{"pubKey":"BRbcsoKzD7aYjxKQoprwir322ZfJML69CmIIgwciQocv","privKey":"+FV2iJ4vbjwlImbEvEDMuN7QLj4N8iGr1vxosUTFnmA="},"lastRemoteEphemeralKey":"BVAD63tpvFOtmYyl2kTwmbDQs+Gnq8l7ShhrRGOP4M0V","previousCounter":0,"rootKey":"E0PHc6J8eO/dzbEk/Yc6oETHEoFv0mFbbpnyDzA1V6E="},"indexInfo":{"baseKey":"BYUsiFL7U1b07p+7qFE4C/WpBkX59f2k32vIrkgvOxUK","baseKeyType":1,"closed":-1,"used":1692405308133,"created":1692405308133,"remoteIdentityKey":"BWs5sw8YnEWLnLoe3yrRqGuT5JHW5o4/1M7usTEqRrps"},"_chains":{"BRbcsoKzD7aYjxKQoprwir322ZfJML69CmIIgwciQocv":{"chainKey":{"counter":40,"key":"M+ANCUrRwAYH9Q89O29oAFwohyaRkeEnHNISEeh7Yl8="},"chainType":1,"messageKeys":{}}},"pendingPreKey":{"signedKeyId":1,"baseKey":"BYUsiFL7U1b07p+7qFE4C/WpBkX59f2k32vIrkgvOxUK","preKeyId":40}}},"version":"v1"}