{"_sessions":{"BduLfk/7bUpPOXLd29rj+Tt51gfEh++i6lQ+17nLgJ1G":{"registrationId":224,"currentRatchet":{"ephemeralKeyPair":{"pubKey":"BXeq70GsTimITzinbEzO8EL0zAnQpMFtPtCOSzBJW6gJ","privKey":"mJGiHFxq7bCSErPWERGGB6nO3gcPFzf6n+hTt17cbno="},"lastRemoteEphemeralKey":"BWCJtE63qJcmAK8Q1DrtaXjmk6izvWCNVpiymq6ppUYY","previousCounter":0,"rootKey":"VzKFn/863lHWyT+yjRnqJY68bYhICl9o5P0YVK6nmRM="},"indexInfo":{"baseKey":"BduLfk/7bUpPOXLd29rj+Tt51gfEh++i6lQ+17nLgJ1G","baseKeyType":1,"closed":-1,"used":1692405307852,"created":1692405307852,"remoteIdentityKey":"BQdIu4diDi2rnRLIoq8w9wAuNx30oieN1lMMLbemS0Jn"},"_chains":{"BXeq70GsTimITzinbEzO8EL0zAnQpMFtPtCOSzBJW6gJ":{"chainKey":{"counter":0,"key":"anE8anS750QxTypPTGPVR8cEPb6JbyW/hy8blreTCvg="},"chainType":1,"messageKeys":{}}},"pendingPreKey":{"signedKeyId":1,"baseKey":"BduLfk/7bUpPOXLd29rj+Tt51gfEh++i6lQ+17nLgJ1G"}}},"version":"v1"}