{"_sessions":{"BRUPyuna+ZMSyZGonfb+8n33gjRNY6ixrx7qYzwTlSBT":{"registrationId":1512512782,"currentRatchet":{"ephemeralKeyPair":{"pubKey":"BdwkQD7y/QQ5RHdnrW8AmUormFdKtRuFohCJ9u28rktc","privKey":"0K68XLAJycH3u1eEXgqFKv8kkCxLiePioCnKIO6jFXo="},"lastRemoteEphemeralKey":"BeS+hqghnP8xlR8CM6x/YZ2ZRHQ1VtjYmqGm68vQwikA","previousCounter":0,"rootKey":"hSIQIgRZWqf3zSuaCnzKGmGSPvIxhaVv5k+4XDk0RV0="},"indexInfo":{"baseKey":"BRUPyuna+ZMSyZGonfb+8n33gjRNY6ixrx7qYzwTlSBT","baseKeyType":1,"closed":-1,"used":1692405309256,"created":1692405309256,"remoteIdentityKey":"BYrJD07rtJ+lVHx2fmJOWJHtD2LlVnwA2KcOKWX2Xsgu"},"_chains":{"BdwkQD7y/QQ5RHdnrW8AmUormFdKtRuFohCJ9u28rktc":{"chainKey":{"counter":0,"key":"GgNVpY7yg/QBl7ul92jrz8NTCOXr135fOjILstIm56o="},"chainType":1,"messageKeys":{}}},"pendingPreKey":{"signedKeyId":8,"baseKey":"BRUPyuna+ZMSyZGonfb+8n33gjRNY6ixrx7qYzwTlSBT","preKeyId":2241859}}},"version":"v1"}