{"_sessions":{"BelPgrNtf5CPHIi8iimrck9/xXZwPIHYgHPYuzGBLwwa":{"registrationId":226492764,"currentRatchet":{"ephemeralKeyPair":{"pubKey":"BR7eHl+rz4u+Ux7BMMtM45prCAIArI928uAe0EW6GCFU","privKey":"qOpWFZYOPUo34Ad7m7Pmsq578QvWGvrM7mkL2BqvLG4="},"lastRemoteEphemeralKey":"BbLi2aS4lXgxO35v7waaCnSARtI5HxvgliCrkNiNlcsS","previousCounter":0,"rootKey":"3Hn1nnfQg0KiTft2lCvSbYMxv3QW7GgNhOjV9f3e1fY="},"indexInfo":{"baseKey":"BelPgrNtf5CPHIi8iimrck9/xXZwPIHYgHPYuzGBLwwa","baseKeyType":1,"closed":-1,"used":1692405310313,"created":1692405310313,"remoteIdentityKey":"BQ5v12jN9BQmnrFGIyxqrh8JSOGpjoo83cWFsUbZfUou"},"_chains":{"BR7eHl+rz4u+Ux7BMMtM45prCAIArI928uAe0EW6GCFU":{"chainKey":{"counter":0,"key":"dWgxfzLG9GDY7o8pdd8nV7VHmjFVdWbBUDropCrsAaQ="},"chainType":1,"messageKeys":{}}},"pendingPreKey":{"signedKeyId":0,"baseKey":"BelPgrNtf5CPHIi8iimrck9/xXZwPIHYgHPYuzGBLwwa"}}},"version":"v1"}