{"_sessions":{"BXKBHPhlkupnnyNgYE4hM6XGWpbhmXxbgLjpPapdxype":{"registrationId":57956689,"currentRatchet":{"ephemeralKeyPair":{"pubKey":"BcLC6krVDGgY4mTIq4CMABsf+7dHfwyvmK52MAw/BY0Y","privKey":"sGYd5KaG1boOeoLtA2/vbmmmDp10ozwFnfijlPHdv2g="},"lastRemoteEphemeralKey":"Bf5Ya/4Kd0TpY52g6WQ8cF6Xv+/CvM5xOrpIyk+l3P14","previousCounter":0,"rootKey":"D/W5T++Rj/0LPUM0K2Ttlf1huhCj6ZOhIkPLDue5vAY="},"indexInfo":{"baseKey":"BXKBHPhlkupnnyNgYE4hM6XGWpbhmXxbgLjpPapdxype","baseKeyType":1,"closed":-1,"used":1692405310378,"created":1692405310378,"remoteIdentityKey":"BV82jjFyEXTUUVJaKQpihsapc1G/sXWs/uJhY3n8QERL"},"_chains":{"BcLC6krVDGgY4mTIq4CMABsf+7dHfwyvmK52MAw/BY0Y":{"chainKey":{"counter":0,"key":"v8/zuMA+CsUazBYLGLQkWy7mt+GyPLzqBDtanT/mCpw="},"chainType":1,"messageKeys":{}}},"pendingPreKey":{"signedKeyId":0,"baseKey":"BXKBHPhlkupnnyNgYE4hM6XGWpbhmXxbgLjpPapdxype","preKeyId":16183119}}},"version":"v1"}