{"_sessions":{"BZrAnve/cfsHYzRRKrUpOOlOqRfiSKIvvFVXUyCO1yA/":{"registrationId":1626387314,"currentRatchet":{"ephemeralKeyPair":{"pubKey":"BWCsLp2vigvC7m9K6PR74rzncddF+q1F3TqW69s1PJNu","privKey":"kJwXlPMblDmQCDikiCj5/zttSQxAZHRyoA03MREdY1w="},"lastRemoteEphemeralKey":"BbdNwWnX0x5zyxWzOnr630uPmQVzYZn2xWeNXjzqIsQs","previousCounter":0,"rootKey":"Z02wt2tpB3EBD+pxVfRW5+NCZi1wc5UGWX0JG9Mn+Cc="},"indexInfo":{"baseKey":"BZrAnve/cfsHYzRRKrUpOOlOqRfiSKIvvFVXUyCO1yA/","baseKeyType":1,"closed":-1,"used":1692405310559,"created":1692405310559,"remoteIdentityKey":"BU4pk/tq1LdkrPXzfLX4NcmXwtyooku/RHmnCSxZMeJe"},"_chains":{"BWCsLp2vigvC7m9K6PR74rzncddF+q1F3TqW69s1PJNu":{"chainKey":{"counter":0,"key":"xshpKAXj3mX0zoRzezCOO9fquDvFr6fDtfVF6ElmLbQ="},"chainType":1,"messageKeys":{}}},"pendingPreKey":{"signedKeyId":34,"baseKey":"BZrAnve/cfsHYzRRKrUpOOlOqRfiSKIvvFVXUyCO1yA/","preKeyId":8677724}}},"version":"v1"}