{"_sessions":{"BbOSEIVkqQNOyF8AsEvegLX4/+ggfyJM3bsy3/hFY2Vk":{"registrationId":810905677,"currentRatchet":{"ephemeralKeyPair":{"pubKey":"Bf90NK02b3e6Xze3DojxCXQdc/HrIR7XVlhMtOMdIJ0P","privKey":"KIixg7Jqm8NMGyxMlYF7lA/QXsXsF4sFnyZl6OvxrEo="},"lastRemoteEphemeralKey":"BYAJpFxubxugJu9iyQgXKqMSccEfJnB28HaY1ebflekQ","previousCounter":0,"rootKey":"daFb2rWxbJh8BwhTGNgnLw/yx417V/lmDx/3qhqIh0I="},"indexInfo":{"baseKey":"BbOSEIVkqQNOyF8AsEvegLX4/+ggfyJM3bsy3/hFY2Vk","baseKeyType":1,"closed":-1,"used":1692405310329,"created":1692405310329,"remoteIdentityKey":"BYJN6hqZGVVhdaAqWhur2oISbm4cqlD1+g8nbgjjQkoD"},"_chains":{"Bf90NK02b3e6Xze3DojxCXQdc/HrIR7XVlhMtOMdIJ0P":{"chainKey":{"counter":0,"key":"nozSQCgQ79a5yrk5AVsNHBgfs53gFITt/idAtV0jaG8="},"chainType":1,"messageKeys":{}}},"pendingPreKey":{"signedKeyId":10,"baseKey":"BbOSEIVkqQNOyF8AsEvegLX4/+ggfyJM3bsy3/hFY2Vk","preKeyId":815613}}},"version":"v1"}