{"_sessions":{"BXNU5hqvxA3OMwQE8rDzhpGhUpM3FcZq09p9pPFSUjh/":{"registrationId":311829110,"currentRatchet":{"ephemeralKeyPair":{"pubKey":"BQDyoHVvGtFEVj2GmE2+ooVkqwbVDIME6OM7Cku1XcJV","privKey":"IJZK2w5K5twJQi9UD3HJgFThH1ppA2tc5rdl6SMdt3M="},"lastRemoteEphemeralKey":"BU9zhIwx11DUmGMYzmUuqc7bc0vFTgQLMe3uAs0+seN7","previousCounter":0,"rootKey":"bxyC+AYKs1VeqKgQ1xIWbGicLoKW1q5YocKfR+7E768="},"indexInfo":{"baseKey":"BXNU5hqvxA3OMwQE8rDzhpGhUpM3FcZq09p9pPFSUjh/","baseKeyType":1,"closed":-1,"used":1692405309983,"created":1692405309983,"remoteIdentityKey":"BRvU74L0Y7eOT28CxzwkXlJq0n+NUPX5p5qI/RCCYT9y"},"_chains":{"BQDyoHVvGtFEVj2GmE2+ooVkqwbVDIME6OM7Cku1XcJV":{"chainKey":{"counter":0,"key":"q+Zte1JdC/g0b2VqGY9yH32ubaJJPBC9eiTkCbCvKRs="},"chainType":1,"messageKeys":{}}},"pendingPreKey":{"signedKeyId":4,"baseKey":"BXNU5hqvxA3OMwQE8rDzhpGhUpM3FcZq09p9pPFSUjh/","preKeyId":13736345}}},"version":"v1"}