{"_sessions":{"BY3PFP8yyzt8jOR9q1a44fDzjlPeF3JI0/uJyINGbz1m":{"registrationId":1050341118,"currentRatchet":{"ephemeralKeyPair":{"pubKey":"BTs4AsYBOG3ZEGFvchyuIWLbZ9UFzOoN5tNIMYd7i/x9","privKey":"eGQ95xDtLKQeZkpaRS+xmtAGhox2JMPMW74Prcq3/E8="},"lastRemoteEphemeralKey":"BZL5B+feLo6ZbDqfK0tyRIwpbaWNx1T1ARnjWHNFwRZX","previousCounter":0,"rootKey":"RhUzvxLPBw3r1Bp6SjQ0z6MqhIswINsabKxdfGA9Kyg="},"indexInfo":{"baseKey":"BY3PFP8yyzt8jOR9q1a44fDzjlPeF3JI0/uJyINGbz1m","baseKeyType":1,"closed":-1,"used":1692405309536,"created":1692405309536,"remoteIdentityKey":"BY/sZdslr1uiL83PBefrqX4fzbyfuPXRBXFqvwNcs7Ez"},"_chains":{"BTs4AsYBOG3ZEGFvchyuIWLbZ9UFzOoN5tNIMYd7i/x9":{"chainKey":{"counter":0,"key":"r9RkP9QPhtFZbTriTRpHw+VCIIEA1cjfHoTnIyZtkTY="},"chainType":1,"messageKeys":{}}},"pendingPreKey":{"signedKeyId":20,"baseKey":"BY3PFP8yyzt8jOR9q1a44fDzjlPeF3JI0/uJyINGbz1m","preKeyId":7455951}}},"version":"v1"}