{"_sessions":{"BTRFe4EZpYLKuyOjtBCggUjQTprMIKGZWMeVc0C+kskt":{"registrationId":1374576628,"currentRatchet":{"ephemeralKeyPair":{"pubKey":"BWCSvP5tpMrXNiBVATOrqBVWuFjfE4/TB6DMCZorcB5b","privKey":"aFY2KS8GvBBoqyiSy1TnJsRdPz3eEt8sUC1Z47IlAHU="},"lastRemoteEphemeralKey":"BUCXW7B5ciVrOn0QWFxqCQB7nMYfbfN4O3V3X9LMjpAE","previousCounter":0,"rootKey":"TaClkwoEEdTUU49W2sSz4PKk+iu3qmMpyXz0sm1WrhY="},"indexInfo":{"baseKey":"BTRFe4EZpYLKuyOjtBCggUjQTprMIKGZWMeVc0C+kskt","baseKeyType":1,"closed":-1,"used":1692405309916,"created":1692405309916,"remoteIdentityKey":"BSsnq/dLxsxaW5mc+BrXCql+LUTmX/MrRdF7hQALobxd"},"_chains":{"BWCSvP5tpMrXNiBVATOrqBVWuFjfE4/TB6DMCZorcB5b":{"chainKey":{"counter":0,"key":"/ME4mCHTepI4AI0HAnsKSW95+LV2ZEVjowzGGYT3I04="},"chainType":1,"messageKeys":{}}},"pendingPreKey":{"signedKeyId":1,"baseKey":"BTRFe4EZpYLKuyOjtBCggUjQTprMIKGZWMeVc0C+kskt","preKeyId":5915592}}},"version":"v1"}