{"_sessions":{"BY//u1TqqS5PnqJqcLxwb+3EHxObjAk4yTWpLVpbx3Y1":{"registrationId":11628,"currentRatchet":{"ephemeralKeyPair":{"pubKey":"BYwFtQ8iEdQRf+xtqbz+Bl89/0FuXSzU9kibGoi9nX0O","privKey":"YJIlDJutebvLvoOPorb15GTuFs/8oab365/J120NSE0="},"lastRemoteEphemeralKey":"BfMzxd5YbrVaMCYIv2elKSOXhgP/h58ElvkgSBmCjO8b","previousCounter":0,"rootKey":"HutA0F2CJi5KbiFuBUMu7+/VoF+ru+ztEBwcciBajXI="},"indexInfo":{"baseKey":"BY//u1TqqS5PnqJqcLxwb+3EHxObjAk4yTWpLVpbx3Y1","baseKeyType":1,"closed":-1,"used":1692405308096,"created":1692405308096,"remoteIdentityKey":"BZ226Vim2bGFMxfNCVhoZItIDWqcPYZ++GJORwGfdBdb"},"_chains":{"BYwFtQ8iEdQRf+xtqbz+Bl89/0FuXSzU9kibGoi9nX0O":{"chainKey":{"counter":0,"key":"XIojYhW+T0hOpgpzXrqi+otg6ducr7pko7uWzDO7mHo="},"chainType":1,"messageKeys":{}}},"pendingPreKey":{"signedKeyId":1,"baseKey":"BY//u1TqqS5PnqJqcLxwb+3EHxObjAk4yTWpLVpbx3Y1"}}},"version":"v1"}