{"_sessions":{"Bdvvb7UW/CNneWdPvwl5NQtwmO5cOWCSo//jtcMvXBJP":{"registrationId":126375255,"currentRatchet":{"ephemeralKeyPair":{"pubKey":"BayBJ38Suw6pPCQHA4MZxfZOjIruWAkvGtBdxwE/URci","privKey":"EIXfYJwdNjWpyHBbVLOfsIxdPeeBRyN/iDoQcQueMmo="},"lastRemoteEphemeralKey":"BQdqkGpxtBYh4KAGZth68b3pol70FyHSRgYlYUHTBMYh","previousCounter":0,"rootKey":"kvwFgBovvfHUsJmfdtyjxTaWbsedxVyJdt6nWWGw8Dw="},"indexInfo":{"baseKey":"Bdvvb7UW/CNneWdPvwl5NQtwmO5cOWCSo//jtcMvXBJP","baseKeyType":1,"closed":-1,"used":1692405309238,"created":1692405309238,"remoteIdentityKey":"BamzQYYV+wXLiOafXN7Ht6vVL9SU6pxF1n4RwN2xDdpk"},"_chains":{"BayBJ38Suw6pPCQHA4MZxfZOjIruWAkvGtBdxwE/URci":{"chainKey":{"counter":0,"key":"OzgkCO54j5SwIV8oexMXu07WZhyKjdbE7OhkyEAEOmc="},"chainType":1,"messageKeys":{}}},"pendingPreKey":{"signedKeyId":6,"baseKey":"Bdvvb7UW/CNneWdPvwl5NQtwmO5cOWCSo//jtcMvXBJP","preKeyId":2693482}}},"version":"v1"}