{"_sessions":{"BeQjdBtwoPTxUNqoUdvrd3/kHSbTPfreO6o/0EBDE2Fs":{"registrationId":1933101848,"currentRatchet":{"ephemeralKeyPair":{"pubKey":"BbAb2AaQmb5GK4BNRCBioXzTxqGZ3ri+SuOt9mITn2cn","privKey":"UMo8nZb+h+5E3hk6GP+BorW9l4kEJhBLAuKyruPNLE8="},"lastRemoteEphemeralKey":"BQcI5fxgJic+/EmbJCd7WgRLO9CULCZVOutc4GwZLStt","previousCounter":0,"rootKey":"z+wQXEtUImNxKAQ39gOr6e458iqrNsGH5+Upkn9Y38w="},"indexInfo":{"baseKey":"BeQjdBtwoPTxUNqoUdvrd3/kHSbTPfreO6o/0EBDE2Fs","baseKeyType":1,"closed":-1,"used":1692405308998,"created":1692405308998,"remoteIdentityKey":"BeEmmdNbiyma+ZgG4WICxtp6Dxprd1bqqhA7vWc7gxN4"},"_chains":{"BbAb2AaQmb5GK4BNRCBioXzTxqGZ3ri+SuOt9mITn2cn":{"chainKey":{"counter":0,"key":"dRvX9Gj182rhb4BYonpYmi8yM4UVZdkuGSPEUcv4vbU="},"chainType":1,"messageKeys":{}}},"pendingPreKey":{"signedKeyId":0,"baseKey":"BeQjdBtwoPTxUNqoUdvrd3/kHSbTPfreO6o/0EBDE2Fs","preKeyId":15925270}}},"version":"v1"}