{"_sessions":{"BYhSIyjGvBNhw3VDzvhsDKurTj6ewxpy4/ijnHuRkaot":{"registrationId":162837945,"currentRatchet":{"ephemeralKeyPair":{"pubKey":"BcQL2rOLPZGxsc+Ceb9bGh7/P3ch2cXBiz9u/031ehY+","privKey":"wHpunnSPlzC/pojYv1HDVTeyj1SFKW4nd6x+4L2ldms="},"lastRemoteEphemeralKey":"BVtRumNiyoGC3toy9kc6tpAyt92q1ziVzCE9t+BbKhEg","previousCounter":0,"rootKey":"25CXlyY2IRVyU/omtrcrylbgRSK5HmZHQIdzLesv20s="},"indexInfo":{"baseKey":"BYhSIyjGvBNhw3VDzvhsDKurTj6ewxpy4/ijnHuRkaot","baseKeyType":1,"closed":-1,"used":1692405310078,"created":1692405310078,"remoteIdentityKey":"BQ/Ck3hKpmyvIPYtXEzWOxpJPEs4Xy9PTtiGOt0Fde8R"},"_chains":{"BcQL2rOLPZGxsc+Ceb9bGh7/P3ch2cXBiz9u/031ehY+":{"chainKey":{"counter":0,"key":"9+Ii2PcQKyqRbftvV6f3bczz2Y4T+bXNrjo9I2tpff8="},"chainType":1,"messageKeys":{}}},"pendingPreKey":{"signedKeyId":3,"baseKey":"BYhSIyjGvBNhw3VDzvhsDKurTj6ewxpy4/ijnHuRkaot","preKeyId":5049102}}},"version":"v1"}