{"_sessions":{"BbCQNBVDqqF7ulUqyEuRExRr77k5iej6x+shjIwQ32Bz":{"registrationId":1036624730,"currentRatchet":{"ephemeralKeyPair":{"pubKey":"Bb5iS+piHSIsk6V4ojH4jH74ALcyyyiAwiLunwmfBHJB","privKey":"ALIWJ6tHmzIsnSZDDTc8tKgoDp3hyOOWQvaYsOSoUWM="},"lastRemoteEphemeralKey":"BR0gUBDJyqsY6K4q4T88R1g15H9e7s+gwd/jJxV51L0X","previousCounter":0,"rootKey":"ZPvFb8DWPxenEShXqfHDO1Xgemtx8jb7vLJCxmQRHh0="},"indexInfo":{"baseKey":"BbCQNBVDqqF7ulUqyEuRExRr77k5iej6x+shjIwQ32Bz","baseKeyType":1,"closed":-1,"used":1692405310426,"created":1692405310426,"remoteIdentityKey":"BfIPx1Rre+GpMNpn0jpnizZcg/3AJHm0AYRWxb1C/+Mf"},"_chains":{"Bb5iS+piHSIsk6V4ojH4jH74ALcyyyiAwiLunwmfBHJB":{"chainKey":{"counter":0,"key":"s3FF2QZ8Ug5zJaCIkUgKfjFYa3spvy7orpWHVYgVYdA="},"chainType":1,"messageKeys":{}}},"pendingPreKey":{"signedKeyId":1,"baseKey":"BbCQNBVDqqF7ulUqyEuRExRr77k5iej6x+shjIwQ32Bz","preKeyId":15601722}}},"version":"v1"}