{"_sessions":{"BbvdkYUtOYZgNyb4I1Rzh5ziOn6GIRIlnFh2JcPDhJBu":{"registrationId":314708857,"currentRatchet":{"ephemeralKeyPair":{"pubKey":"BTC/1PaS62p7zxbZFEnhJFy/LnnpYFD9VBQrfoRJ3iRO","privKey":"sLBBfzt1R9m++09DVs/WsYHQT/t0AZ46uqa8HiZZh3w="},"lastRemoteEphemeralKey":"Bb0aAK55hLLekGVLhNfjQ48WL0GstuK9+vXEfgoER/s3","previousCounter":0,"rootKey":"LSYm/aiD0M+gkL4/GOech/4cMnMs9neIuzWGPXAC+K8="},"indexInfo":{"baseKey":"BbvdkYUtOYZgNyb4I1Rzh5ziOn6GIRIlnFh2JcPDhJBu","baseKeyType":1,"closed":-1,"used":1692405310511,"created":1692405310511,"remoteIdentityKey":"Bbbg2drMByZMKw8nkNWzOYrcH89Y4gUVAhf8yg0GawkP"},"_chains":{"BTC/1PaS62p7zxbZFEnhJFy/LnnpYFD9VBQrfoRJ3iRO":{"chainKey":{"counter":0,"key":"fl9x4BVuCvH4QY0JZO4nAUpZE/9nEZzB+oWNEbpmAvs="},"chainType":1,"messageKeys":{}}},"pendingPreKey":{"signedKeyId":1,"baseKey":"BbvdkYUtOYZgNyb4I1Rzh5ziOn6GIRIlnFh2JcPDhJBu","preKeyId":9340136}}},"version":"v1"}