{"_sessions":{"BaquQUyVWPpo7EDCaPkzKxgqnRKbBZaSq/gx7bzS6sU/":{"registrationId":1520657259,"currentRatchet":{"ephemeralKeyPair":{"pubKey":"BQRCX6NgujsBeTdX7ZDeTDssPLnCC2rAx+l1DSpwimlb","privKey":"UDFaZgZK+bxwCPoIfq9tNQYQgRGDUKfdFVK6nc7XtEI="},"lastRemoteEphemeralKey":"Bar2XaCynoIkAdxEF8HbOOW7JJZYxk7+c27DtzhbKsFR","previousCounter":0,"rootKey":"Bu4Cy4jj9gsFpsaRx7qqvTDirbBlSbG3wfYeDLUUrQA="},"indexInfo":{"baseKey":"BaquQUyVWPpo7EDCaPkzKxgqnRKbBZaSq/gx7bzS6sU/","baseKeyType":1,"closed":-1,"used":1692405310442,"created":1692405310442,"remoteIdentityKey":"Be/EMeQjLVxPM0Bf1wN7rj+37/E1ejQtBxw+IFFBqk1x"},"_chains":{"BQRCX6NgujsBeTdX7ZDeTDssPLnCC2rAx+l1DSpwimlb":{"chainKey":{"counter":0,"key":"o2DAyw37lJaqE4WPs6Wk6NFsPt6N5LqgANR5Phocigo="},"chainType":1,"messageKeys":{}}},"pendingPreKey":{"signedKeyId":3,"baseKey":"BaquQUyVWPpo7EDCaPkzKxgqnRKbBZaSq/gx7bzS6sU/","preKeyId":940179}}},"version":"v1"}