{"_sessions":{"BWN8QA8J6EoaAfP7F9CpeVdDS6+SFqHkxYLxENwf66E2":{"registrationId":824897296,"currentRatchet":{"ephemeralKeyPair":{"pubKey":"BU7R4mkEOPMhDdlreGKPM1+WIcN5gYaFMdU7aqRrPK9E","privKey":"MJCdc/mBGyoTQ2Y9kHRXZMLcTQC3d5leo2lINwxR2V0="},"lastRemoteEphemeralKey":"BbffK8FB6fVgmv1SFAqQjZ/Ugbcg6lpZ6pqp8h6hLLFK","previousCounter":0,"rootKey":"w0VPo4KeEFhV96Ilvfc/VCev+yt5K10/zqdeijhsb68="},"indexInfo":{"baseKey":"BWN8QA8J6EoaAfP7F9CpeVdDS6+SFqHkxYLxENwf66E2","baseKeyType":1,"closed":-1,"used":1692405309726,"created":1692405309726,"remoteIdentityKey":"Be66kkALMFV6LO0eoAkgEEEpxUegczAVNcJuOb4HvT1+"},"_chains":{"BU7R4mkEOPMhDdlreGKPM1+WIcN5gYaFMdU7aqRrPK9E":{"chainKey":{"counter":0,"key":"+FEmNRbP+x08sSWLsn7ME9nx65jqgWrRHgsNF19tKj8="},"chainType":1,"messageKeys":{}}},"pendingPreKey":{"signedKeyId":6,"baseKey":"BWN8QA8J6EoaAfP7F9CpeVdDS6+SFqHkxYLxENwf66E2","preKeyId":10058829}}},"version":"v1"}