{"_sessions":{"BcPAa4irPRpFvPPYp50vefu2kQN7ymbVokp3p+nrVt9d":{"registrationId":2118135057,"currentRatchet":{"ephemeralKeyPair":{"pubKey":"BegRUIfrKGzS3tmLQywsSBrlq5oLTnRS5eb0MAlSVrZE","privKey":"+BsWOjEiMiV+ZD3DNQ6qV6tM0+DIXIFGeasVBjPTa08="},"lastRemoteEphemeralKey":"BR+0T/d1hSgkLBX4Oa/uP4DG+LvXIgJFk4ZA0z9qfVsQ","previousCounter":0,"rootKey":"SJHuWdzCtdmH1uCdwEmpuPlVcFRwJNOPk9rkNsZ3TQ4="},"indexInfo":{"baseKey":"BcPAa4irPRpFvPPYp50vefu2kQN7ymbVokp3p+nrVt9d","baseKeyType":1,"closed":-1,"used":1692405309698,"created":1692405309698,"remoteIdentityKey":"Bd16AZldca6/k1j67ebHKjNCwBoQ6y4aUQINxgS14z5T"},"_chains":{"BegRUIfrKGzS3tmLQywsSBrlq5oLTnRS5eb0MAlSVrZE":{"chainKey":{"counter":0,"key":"Jz/aUseCnyb4nsGuEfdjPuus77HUFEjJKdFBfCJ5+jY="},"chainType":1,"messageKeys":{}}},"pendingPreKey":{"signedKeyId":0,"baseKey":"BcPAa4irPRpFvPPYp50vefu2kQN7ymbVokp3p+nrVt9d"}}},"version":"v1"}