{"_sessions":{"BaOTP1Kc5f0SbHJyyEIbjRaSwDALk/nG4urR7MvLkUwH":{"registrationId":208,"currentRatchet":{"ephemeralKeyPair":{"pubKey":"BSbEFe7OpoPHMn4PQQEST7bdxMLPi80YoNaQOualUR1y","privKey":"cDqsmw8BX7J3mzvb2pUvL/za3LSpw3n5NbRDThulXG4="},"lastRemoteEphemeralKey":"BZ1Qg5u0ZaO+BydiwB5XPB8XS0IEPZSj9XUaPjFzF1V/","previousCounter":0,"rootKey":"hJjeOvscv8/RyX+Je5ye2srHNsOoRlud+Wptcp+T/mo="},"indexInfo":{"baseKey":"BaOTP1Kc5f0SbHJyyEIbjRaSwDALk/nG4urR7MvLkUwH","baseKeyType":1,"closed":-1,"used":1692405308404,"created":1692405308404,"remoteIdentityKey":"BYAlgHaq5XtlAupt4gBl3a6Q/+mUDCI5Y1XbXtCFR8BS"},"_chains":{"BSbEFe7OpoPHMn4PQQEST7bdxMLPi80YoNaQOualUR1y":{"chainKey":{"counter":0,"key":"MxF1bZkmryaJYJ2SzMWTtu46Jr4Hu5PNEaUcGhE/DqM="},"chainType":1,"messageKeys":{}}},"pendingPreKey":{"signedKeyId":1,"baseKey":"BaOTP1Kc5f0SbHJyyEIbjRaSwDALk/nG4urR7MvLkUwH"}}},"version":"v1"}