{"_sessions":{"BSC551dP+ic2JIC4QZy6QJOY0/ez7XHZzoCgkfHWZhRq":{"registrationId":16009,"currentRatchet":{"ephemeralKeyPair":{"pubKey":"BXJY3OVScU59ZjgPDKwpk22sSa/xXiZrmytrPAV3RPRW","privKey":"sL5Bi3JIgdAGsJxj1CijiU9zVDOAculMTZcNjXliGlo="},"lastRemoteEphemeralKey":"BV71XODRHHSL/nsZvbMZf20SZ9UCSY539ZHSjN91n/Qd","previousCounter":0,"rootKey":"eEvbJWhPOH0LwADusoeWgafWMCu0ZSHMColEnYiyquI="},"indexInfo":{"baseKey":"BSC551dP+ic2JIC4QZy6QJOY0/ez7XHZzoCgkfHWZhRq","baseKeyType":1,"closed":-1,"used":1692405308234,"created":1692405308234,"remoteIdentityKey":"BQoEvTdDHmfdmnGfZxpTkEAl3aq+23GFofFdxxjQBt1Y"},"_chains":{"BXJY3OVScU59ZjgPDKwpk22sSa/xXiZrmytrPAV3RPRW":{"chainKey":{"counter":0,"key":"bwEwVCwnX9ozYLo/4T2cMJARP9edXlxw8g3psoYagbw="},"chainType":1,"messageKeys":{}}},"pendingPreKey":{"signedKeyId":1,"baseKey":"BSC551dP+ic2JIC4QZy6QJOY0/ez7XHZzoCgkfHWZhRq"}}},"version":"v1"}