{"_sessions":{"BdJxWIbc4sHv89KyJi4aAXxWGRD5pqfo0pGVceLpPshz":{"registrationId":308245541,"currentRatchet":{"ephemeralKeyPair":{"pubKey":"BdQhAKU8VgYHq4jtSaCPjS+7l6NQ7uCaMoZmaeH8GqE4","privKey":"6AnJN+jETv4nV3COFonLCSJG/826sGG/Zdd5mpgpy04="},"lastRemoteEphemeralKey":"BQgBxzCbhUTtvpYdup4e1YwYMNDfzNUHV53iunKFohdg","previousCounter":0,"rootKey":"RfODUlm69lPeQEWz8pbharFNogbKopm9tvNrvRVW0wA="},"indexInfo":{"baseKey":"BdJxWIbc4sHv89KyJi4aAXxWGRD5pqfo0pGVceLpPshz","baseKeyType":1,"closed":-1,"used":1692405310258,"created":1692405310258,"remoteIdentityKey":"BSvq+lbZeqi/RMFRyZio3XCy6/CTnz3RyNgP/uSFedV8"},"_chains":{"BdQhAKU8VgYHq4jtSaCPjS+7l6NQ7uCaMoZmaeH8GqE4":{"chainKey":{"counter":0,"key":"OTeBNzwxaKQzdeKZZvjGUkKu+nbe1eUgaX5dzmC/tp8="},"chainType":1,"messageKeys":{}}},"pendingPreKey":{"signedKeyId":1,"baseKey":"BdJxWIbc4sHv89KyJi4aAXxWGRD5pqfo0pGVceLpPshz","preKeyId":7036550}}},"version":"v1"}