{"_sessions":{"BV3C3NDRWlyviNScd1RmOfRsKS72md0z+DiwH4pAKD4I":{"registrationId":180776659,"currentRatchet":{"ephemeralKeyPair":{"pubKey":"BWJXK1WfCLcENngT26Wa1ltr7rQz6y/io8kwH0Ysw2wn","privKey":"oP3vhugNo9a6PHjYldD5zgOB5N84EKFz27mrnf+NOG8="},"lastRemoteEphemeralKey":"BXzLnLMswZ+034SrYUncr66oqa4M+i6vW7RLX3sfKeNr","previousCounter":0,"rootKey":"JQXGjntjqTbY0u8JjrP4agiiInC/3G/+v/TcWna2Ok4="},"indexInfo":{"baseKey":"BV3C3NDRWlyviNScd1RmOfRsKS72md0z+DiwH4pAKD4I","baseKeyType":1,"closed":-1,"used":1692405310141,"created":1692405310141,"remoteIdentityKey":"BXdqvSduTeRmqHYRwu0gXB7SZW4/25fPii9izgwJLxJp"},"_chains":{"BWJXK1WfCLcENngT26Wa1ltr7rQz6y/io8kwH0Ysw2wn":{"chainKey":{"counter":0,"key":"e1YEdAKuQ6oy5njrZJZ4o07jQA9GOtOvhL5ydwgg3hs="},"chainType":1,"messageKeys":{}}},"pendingPreKey":{"signedKeyId":20,"baseKey":"BV3C3NDRWlyviNScd1RmOfRsKS72md0z+DiwH4pAKD4I","preKeyId":15596229}}},"version":"v1"}