{"_sessions":{"BdZVSDaqk8vggBkVXRu+HbLetXTQgbsQKP4ecaohpr92":{"registrationId":278751587,"currentRatchet":{"ephemeralKeyPair":{"pubKey":"BScNi19xPTwm6GuGo3HjX6IuxpC73NbzeAt6NxFAdXVb","privKey":"QLpxL0QruUaJTWGwZs9IBSXzd1S4dBtHLfMmmUMmp2M="},"lastRemoteEphemeralKey":"Bb3DM4BsbTaqKmvraOGVZGAXAboTXEM7IxqMszdqDwxJ","previousCounter":0,"rootKey":"aSDdmvmXTwLrvCpeF8XrFLmILeuCpPf0Duejh8UP3Aw="},"indexInfo":{"baseKey":"BdZVSDaqk8vggBkVXRu+HbLetXTQgbsQKP4ecaohpr92","baseKeyType":1,"closed":-1,"used":1692405309004,"created":1692405309004,"remoteIdentityKey":"BTtlIuzSfUWIecifEKljv+q/RaJi4UuwbzW/0U/uIxRL"},"_chains":{"BScNi19xPTwm6GuGo3HjX6IuxpC73NbzeAt6NxFAdXVb":{"chainKey":{"counter":0,"key":"8KJgbMltVBcWAY1uRXvi9+7PoJmfwnhRtQtMydvVS7g="},"chainType":1,"messageKeys":{}}},"pendingPreKey":{"signedKeyId":0,"baseKey":"BdZVSDaqk8vggBkVXRu+HbLetXTQgbsQKP4ecaohpr92","preKeyId":7031564}}},"version":"v1"}