{"_sessions":{"BWZFmKRirDbLqE3YIVB1nvvajPfnQiDzzD6u75MJwoNv":{"registrationId":1858476258,"currentRatchet":{"ephemeralKeyPair":{"pubKey":"BRR38PyqjV0bORQpl7Z3r0peQy0I2hOlN7xrHYuKJq17","privKey":"mPIr7I5FoHuyzuD664ccktnYAUZZbN5JM0meheeL1Uc="},"lastRemoteEphemeralKey":"BfqBbdjBhWYzenRP8QikPfhe2Os6CG1Njk4bHc4F8r4U","previousCounter":0,"rootKey":"m7JaoKDIZdb8YB5njRqrVuKPo9/gzqAC6+6zd+M5wz0="},"indexInfo":{"baseKey":"BWZFmKRirDbLqE3YIVB1nvvajPfnQiDzzD6u75MJwoNv","baseKeyType":1,"closed":-1,"used":1692405308480,"created":1692405308480,"remoteIdentityKey":"BVHWwgjN+dOJR20DL4OtIyQRGhID8VHTMkl50m8ZG/oC"},"_chains":{"BRR38PyqjV0bORQpl7Z3r0peQy0I2hOlN7xrHYuKJq17":{"chainKey":{"counter":0,"key":"MyOII1GHDbTmE2VZ6BVAgzG0m3cBY+NTaEXsAedUt4A="},"chainType":1,"messageKeys":{}}},"pendingPreKey":{"signedKeyId":0,"baseKey":"BWZFmKRirDbLqE3YIVB1nvvajPfnQiDzzD6u75MJwoNv","preKeyId":12098451}}},"version":"v1"}