{"_sessions":{"Ba2NNlvWLBsIlzhauK5XWDDTA2kdHoUCNETn6Tq3U6ZY":{"registrationId":81,"currentRatchet":{"ephemeralKeyPair":{"pubKey":"BaktJe/G48XFkqJqdjeQ2foqeEQb+9oG4ErTk3DP18pt","privKey":"oMmrmrS/0T9f2m9v1RqqA+3qKGafd5SNq1jaEHOD9Gw="},"lastRemoteEphemeralKey":"BRSnIpC/VSTJOn695G1Pe4Hluv6LWNTDd/GVBYz5Y7gF","previousCounter":0,"rootKey":"q7mQfzB5N+nQL4Sicl94/HF/rNb33xEVMS5PAtgCevo="},"indexInfo":{"baseKey":"Ba2NNlvWLBsIlzhauK5XWDDTA2kdHoUCNETn6Tq3U6ZY","baseKeyType":1,"closed":-1,"used":1692405308085,"created":1692405308085,"remoteIdentityKey":"BXIm6dBGme8FOln1OQnr/6xtm1GJ6QQWaVQ/9d1OGGQk"},"_chains":{"BaktJe/G48XFkqJqdjeQ2foqeEQb+9oG4ErTk3DP18pt":{"chainKey":{"counter":0,"key":"1PyLbTMe+WkdeAVZ0cYWfLceJzyTJxRGkxuZUnk61y8="},"chainType":1,"messageKeys":{}}},"pendingPreKey":{"signedKeyId":1,"baseKey":"Ba2NNlvWLBsIlzhauK5XWDDTA2kdHoUCNETn6Tq3U6ZY"}}},"version":"v1"}