{"_sessions":{"BW/NgwTYadECENx4M4yARa/WkcQ0rUdoetvGauCVKR4F":{"registrationId":1752870282,"currentRatchet":{"ephemeralKeyPair":{"pubKey":"BcHRw+dHMtZXfpFHHw/a5w0+UGJLJmrPH96nCRh1F3Jv","privKey":"6JsNostN72XLQeIu+W2/v1fGOWhuM3KsBSCn5zIK10A="},"lastRemoteEphemeralKey":"BcDRVUmLDnpU4uN24+4WHcHRO52nrD4Njj7dACIIGcQl","previousCounter":0,"rootKey":"QnFfxtmy1YEgYE20O1mHbqCY348T3chXiBD3fBq6wII="},"indexInfo":{"baseKey":"BW/NgwTYadECENx4M4yARa/WkcQ0rUdoetvGauCVKR4F","baseKeyType":1,"closed":-1,"used":1692405310174,"created":1692405310174,"remoteIdentityKey":"BWPPUr0G5koLYTvB/2+ra5UhckgEwoaY6eyuYYTEFBkW"},"_chains":{"BcHRw+dHMtZXfpFHHw/a5w0+UGJLJmrPH96nCRh1F3Jv":{"chainKey":{"counter":0,"key":"WHKVHjMV/7Mf+9TdzhX4PwWVNdVD5WaQevQqE9hdF78="},"chainType":1,"messageKeys":{}}},"pendingPreKey":{"signedKeyId":0,"baseKey":"BW/NgwTYadECENx4M4yARa/WkcQ0rUdoetvGauCVKR4F","preKeyId":10800756}}},"version":"v1"}