{"_sessions":{"BZW2WvGCyqaJFiC3xhz3q10IAWC/FwursuCGF0zRfk9g":{"registrationId":1127401357,"currentRatchet":{"ephemeralKeyPair":{"pubKey":"BcZWwl//lJD1ry/KVrHU8PAYsCY/bDbxjRNPALk+FLcV","privKey":"6FsUx0y/O8Z6KHQ2XI6PZwprc3yJXNE/qWa2ZLbTonk="},"lastRemoteEphemeralKey":"BXSlRLWkuO+rL1wbVTe+P3pYI7CDi93tShzZ7r1sL6Ya","previousCounter":0,"rootKey":"9rDPk0E7SUpQe+0JvhdlOlJqk6YEsUZ+mgjrEMKl600="},"indexInfo":{"baseKey":"BZW2WvGCyqaJFiC3xhz3q10IAWC/FwursuCGF0zRfk9g","baseKeyType":1,"closed":-1,"used":1692405310564,"created":1692405310564,"remoteIdentityKey":"BSl2kU8fj5xcMreguzeKKt/kP7WZ69XBKUlFHvxiAAwg"},"_chains":{"BcZWwl//lJD1ry/KVrHU8PAYsCY/bDbxjRNPALk+FLcV":{"chainKey":{"counter":0,"key":"e/KRTnLv9VltwMxFs1Rk6uuI6Dg9STrqmKrhF9Ts1hU="},"chainType":1,"messageKeys":{}}},"pendingPreKey":{"signedKeyId":5,"baseKey":"BZW2WvGCyqaJFiC3xhz3q10IAWC/FwursuCGF0zRfk9g","preKeyId":15852430}}},"version":"v1"}