{"_sessions":{"BUero5SDYDBQkLe91V1ESxoufRImgYnnom5JSDp0Tkte":{"registrationId":139911682,"currentRatchet":{"ephemeralKeyPair":{"pubKey":"BdHPNjJoXJMyJDJM80z/XdBWkoqfNH/k6Py8c7/5eElW","privKey":"CFS3uGbD5bXQIJiw6zaWqLo/Rp2HMmJOLifm2+cByEI="},"lastRemoteEphemeralKey":"BfxbQIedwYvdy9R27TtXr6N7XG0smEaHyxJv+jFCPyZb","previousCounter":0,"rootKey":"r6spPXC8TfXrNoq6NM1QD9ZxJZU0yZfVkOCTR1VP2oo="},"indexInfo":{"baseKey":"BUero5SDYDBQkLe91V1ESxoufRImgYnnom5JSDp0Tkte","baseKeyType":1,"closed":-1,"used":1692405309765,"created":1692405309765,"remoteIdentityKey":"BcZJhu16cjMSUp73yf09/IQ5MNhW9lj98DFjXtoE3dIA"},"_chains":{"BdHPNjJoXJMyJDJM80z/XdBWkoqfNH/k6Py8c7/5eElW":{"chainKey":{"counter":0,"key":"5UCu0MvqB88xybPAJXvM1PPQzlqkP+gvQR66JXXrNx8="},"chainType":1,"messageKeys":{}}},"pendingPreKey":{"signedKeyId":9,"baseKey":"BUero5SDYDBQkLe91V1ESxoufRImgYnnom5JSDp0Tkte","preKeyId":12356161}}},"version":"v1"}