{"_sessions":{"BXbCkkPZEGDu5LKuj0X05yk1rGv6FXEBHGf3SA2UJZZq":{"registrationId":371227673,"currentRatchet":{"ephemeralKeyPair":{"pubKey":"BRdOWdwK2R1zkCU1V4OoE/JzMaJKCIeVWzntGNwY8kA7","privKey":"yHP0I0X29aCEjepAdNkVKiuWzDyWvqGn1uL/mIm7gWw="},"lastRemoteEphemeralKey":"BfDgNpFQmonzUPZIkDr7cwn4lZ0k8PzdFBfnGHIXX3Yn","previousCounter":0,"rootKey":"nRdW4pg3qR2ZGxq8WWfe0OzfqafASPkFrBxFJZuMJnI="},"indexInfo":{"baseKey":"BXbCkkPZEGDu5LKuj0X05yk1rGv6FXEBHGf3SA2UJZZq","baseKeyType":1,"closed":-1,"used":1692405309025,"created":1692405309025,"remoteIdentityKey":"BfERYrOhXhQMuAMXgKEyrd3ZzIAd9rosP5eQcKSGv3se"},"_chains":{"BRdOWdwK2R1zkCU1V4OoE/JzMaJKCIeVWzntGNwY8kA7":{"chainKey":{"counter":0,"key":"yQfjWMMy+BWwGHSZJOASIIZ02PaxgG7992ciP1IufQ0="},"chainType":1,"messageKeys":{}}},"pendingPreKey":{"signedKeyId":5,"baseKey":"BXbCkkPZEGDu5LKuj0X05yk1rGv6FXEBHGf3SA2UJZZq","preKeyId":1886121}}},"version":"v1"}