{"_sessions":{"BdVnXBTq5DW0bOk8fwaRaiITz6eiFOi8QD5HobDAAIhW":{"registrationId":1299725931,"currentRatchet":{"ephemeralKeyPair":{"pubKey":"BVve84tTtkDY5cDWIeERwDbb69Yri/ATghghnhY2loV5","privKey":"MOymDiYMZDLdfHYj/Q5HHxrsSsY0dFmc6dhfj1EC/24="},"lastRemoteEphemeralKey":"BWXZgJOlE29eGSq7FhHB5rNShYfUkEY1AibXUClSLLh3","previousCounter":0,"rootKey":"vesSQFCx9K9p7nWhO+md+/H+PQ88xhk5TzeSTv52rvo="},"indexInfo":{"baseKey":"BdVnXBTq5DW0bOk8fwaRaiITz6eiFOi8QD5HobDAAIhW","baseKeyType":1,"closed":-1,"used":1692405310026,"created":1692405310026,"remoteIdentityKey":"BZJ9y7omDjtRs1MwrNa+RAE28sdWHFnsp5RFoeAivPsn"},"_chains":{"BVve84tTtkDY5cDWIeERwDbb69Yri/ATghghnhY2loV5":{"chainKey":{"counter":0,"key":"8xsunoScgbAE2cwsqxp894kR5rfwPKwp3S/d5P1UUzc="},"chainType":1,"messageKeys":{}}},"pendingPreKey":{"signedKeyId":1,"baseKey":"BdVnXBTq5DW0bOk8fwaRaiITz6eiFOi8QD5HobDAAIhW","preKeyId":14796035}}},"version":"v1"}