{"_sessions":{"Bd+EIuK1dxxM3MISYjC0sbVepyiO7hyVaBtJkS4tL/8r":{"registrationId":1648920802,"currentRatchet":{"ephemeralKeyPair":{"pubKey":"Bbylf1VWISQZKTIezUQuR9YU5suduEqCllw1WJOIhcEQ","privKey":"wOuURgfQqVCZrAI37x5kbX0Xe6KUOKrD/skQPQRqy1k="},"lastRemoteEphemeralKey":"Bd1TK6PjszyChRgcKSpbtkcfn3kvFYlN5ZjVCyuFC3U2","previousCounter":0,"rootKey":"yotJ9mGjA7EVQTmxfQmKAFov19RX5DoOrqabO4i8OK8="},"indexInfo":{"baseKey":"Bd+EIuK1dxxM3MISYjC0sbVepyiO7hyVaBtJkS4tL/8r","baseKeyType":1,"closed":-1,"used":1692405308835,"created":1692405308835,"remoteIdentityKey":"BUT5ZlK5saQQTjaLcEAc1ySAROakaMZ48UKGCsgM9SYK"},"_chains":{"Bbylf1VWISQZKTIezUQuR9YU5suduEqCllw1WJOIhcEQ":{"chainKey":{"counter":0,"key":"jnH+xGjoPK70biaOKMQC6dgK+mSRi3xYZssracT3AYA="},"chainType":1,"messageKeys":{}}},"pendingPreKey":{"signedKeyId":2,"baseKey":"Bd+EIuK1dxxM3MISYjC0sbVepyiO7hyVaBtJkS4tL/8r","preKeyId":8173392}}},"version":"v1"}