{"_sessions":{"BVU1M0ghDHZYojIfy5Fb4owtZjrSSfHbKtu6SGHpQ5N2":{"registrationId":1126974013,"currentRatchet":{"ephemeralKeyPair":{"pubKey":"BavI231pOKJdFCc++rIg0yOkyjfwlGX1fIcLgWv/3+wy","privKey":"sMYYejCxIYGhErtPaGa1fY/5YEpYk8RjAhFUkI+V82Q="},"lastRemoteEphemeralKey":"Bd7Zw2Jl7aoxknY8z84I1gunNjd5EiJIJqBo/9F+h78j","previousCounter":0,"rootKey":"X0BgGOoRhukABnbRh57pwQf9skzQlp8s93rfdeVRv+c="},"indexInfo":{"baseKey":"BVU1M0ghDHZYojIfy5Fb4owtZjrSSfHbKtu6SGHpQ5N2","baseKeyType":1,"closed":-1,"used":1692405309091,"created":1692405309091,"remoteIdentityKey":"BVsCCS0VQLCrQGLfcQ+dbPucfrVNeuF0bsiYvpvIMM5M"},"_chains":{"BavI231pOKJdFCc++rIg0yOkyjfwlGX1fIcLgWv/3+wy":{"chainKey":{"counter":0,"key":"/NFDzJDUNqn3esreGrYNXarLI+VYfDe1iTY9nkrFaqU="},"chainType":1,"messageKeys":{}}},"pendingPreKey":{"signedKeyId":4,"baseKey":"BVU1M0ghDHZYojIfy5Fb4owtZjrSSfHbKtu6SGHpQ5N2","preKeyId":6770526}}},"version":"v1"}