{"_sessions":{"BT2AhZFYOJi7eQbIkmsAvAykZE54IP4eiB/XYVGE/NIp":{"registrationId":2019215792,"currentRatchet":{"ephemeralKeyPair":{"pubKey":"BeX3jHKhk8SXq9aNEAdF/ytgHEb6jwgg1oznNMqlGgAf","privKey":"2JeaHmKt2Q1oY3Eay8O+LwaNeNxEM7rd0W9SoAK1p0k="},"lastRemoteEphemeralKey":"BYY9ZnZmyjSle6ZzwY8FGTyqIBWfHrNaoWoIKodDhYVH","previousCounter":0,"rootKey":"/96HMn58nUrSG8SYnixmD4g7C3zZcerZGcyo9uLy80E="},"indexInfo":{"baseKey":"BT2AhZFYOJi7eQbIkmsAvAykZE54IP4eiB/XYVGE/NIp","baseKeyType":1,"closed":-1,"used":1692405309158,"created":1692405309158,"remoteIdentityKey":"BZK/Y6JCzHyOdNSTyQog0gf0InxfjfwW95NDp/TgX/VR"},"_chains":{"BeX3jHKhk8SXq9aNEAdF/ytgHEb6jwgg1oznNMqlGgAf":{"chainKey":{"counter":0,"key":"40Zk+uzPnCuPEy4tOcUJw1Zq9XbbZb6F468YSOiDtgA="},"chainType":1,"messageKeys":{}}},"pendingPreKey":{"signedKeyId":0,"baseKey":"BT2AhZFYOJi7eQbIkmsAvAykZE54IP4eiB/XYVGE/NIp","preKeyId":11715599}}},"version":"v1"}