{"_sessions":{"BXxsNVYrU93Ow2jwpiVuFPiLpFS7wONiH5MhReZChMNp":{"registrationId":1954745459,"currentRatchet":{"ephemeralKeyPair":{"pubKey":"BWlTXZB2sP2YhR24rRZKF2NGB5HZZLXHHdoFoXbmX8Ug","privKey":"2Aeef7lfXPOXG+lCnR7T+8VDTzjqk/goC91YBUo+MHY="},"lastRemoteEphemeralKey":"BR4qbDNTZDI4HsjBArnFGIBlXGwo1XgxcrIgPqS47eEh","previousCounter":0,"rootKey":"dU70CoXedtibYHC39BMoKLbY42MFoeL7qxYSmGM58RM="},"indexInfo":{"baseKey":"BXxsNVYrU93Ow2jwpiVuFPiLpFS7wONiH5MhReZChMNp","baseKeyType":1,"closed":-1,"used":1692405309867,"created":1692405309867,"remoteIdentityKey":"BbQjyjk/rywMU07aDr8PV/lcl7sPKxFRcacXkSxdRbss"},"_chains":{"BWlTXZB2sP2YhR24rRZKF2NGB5HZZLXHHdoFoXbmX8Ug":{"chainKey":{"counter":0,"key":"P+KqfjY5o2DG0zDLfIe5SZ8nbEXRHYbh6U8VmTY3CdE="},"chainType":1,"messageKeys":{}}},"pendingPreKey":{"signedKeyId":12,"baseKey":"BXxsNVYrU93Ow2jwpiVuFPiLpFS7wONiH5MhReZChMNp","preKeyId":9224494}}},"version":"v1"}