{"_sessions":{"BTUtKIm10h9Aq1RpI4JDAaF47x6uXpiSZrXGAGz2rKhG":{"registrationId":575335980,"currentRatchet":{"ephemeralKeyPair":{"pubKey":"BVWtHK9Wm0yUavAmULIweSllcyXD0hNKNKcOqNOFQUYf","privKey":"+DXo/beQyZZ7t6aZaMRXHrCzfknUrlezPz6EV6GliGs="},"lastRemoteEphemeralKey":"BdTnMehRcBcB5ettA3ZkPeBUPNn1S3WsTXH4gUQVbLo4","previousCounter":0,"rootKey":"Ka3wOYRhI1vlsBgelAYerNlThS9kVRaMp0+yroZpk4Q="},"indexInfo":{"baseKey":"BTUtKIm10h9Aq1RpI4JDAaF47x6uXpiSZrXGAGz2rKhG","baseKeyType":1,"closed":-1,"used":1692405308858,"created":1692405308858,"remoteIdentityKey":"BRYAvrc0zTc6yjqZYJcxuZZvYzkJlERZvhHc8QMMIw4O"},"_chains":{"BVWtHK9Wm0yUavAmULIweSllcyXD0hNKNKcOqNOFQUYf":{"chainKey":{"counter":0,"key":"Nz6nj96HIXd19QethLVpSlryhxiC1D+9p6WeXReMQJ0="},"chainType":1,"messageKeys":{}}},"pendingPreKey":{"signedKeyId":4,"baseKey":"BTUtKIm10h9Aq1RpI4JDAaF47x6uXpiSZrXGAGz2rKhG","preKeyId":16135303}}},"version":"v1"}