{"_sessions":{"Bcni2iba3sste8VhGJ8kWEqQQyp/4cRfBTvvy7qmb4AO":{"registrationId":1707728101,"currentRatchet":{"ephemeralKeyPair":{"pubKey":"BaVzSxYLBGD+6i39ZDnoXnGhHvdNyoLKsVhO5p/B5RI9","privKey":"MOAhQJsr21xvcmzyViek9UY5eZ7+jqgA1i4wK59rgGo="},"lastRemoteEphemeralKey":"Bb4TM9pkb4iDJhlOIEFd0smhXa4SuCgW0xbtzNMduFJJ","previousCounter":0,"rootKey":"BzLQhfbbWzGr6ffiyt0pdR9rRXLvB2SPXWMicuprEUs="},"indexInfo":{"baseKey":"Bcni2iba3sste8VhGJ8kWEqQQyp/4cRfBTvvy7qmb4AO","baseKeyType":1,"closed":-1,"used":1692405308572,"created":1692405308572,"remoteIdentityKey":"BcWMHsov8menz+t0xYtr/YzGyEnAaBmjwk9kYEKah88W"},"_chains":{"BaVzSxYLBGD+6i39ZDnoXnGhHvdNyoLKsVhO5p/B5RI9":{"chainKey":{"counter":0,"key":"eKDy0t8geHLl6OMq10PP9ivZ7jdq5ARoYlJkdBRh+h4="},"chainType":1,"messageKeys":{}}},"pendingPreKey":{"signedKeyId":4,"baseKey":"Bcni2iba3sste8VhGJ8kWEqQQyp/4cRfBTvvy7qmb4AO","preKeyId":16751504}}},"version":"v1"}