{"_sessions":{"BQLTxLse61GkdXw4whPt7Cnj04Jadq4SpBYww9arIh1t":{"registrationId":713663396,"currentRatchet":{"ephemeralKeyPair":{"pubKey":"BXfbE2WizhW6b2+u04Ay1CmEuXZBEDyWyCYqescQqg5p","privKey":"iN3hTtEgLHKoOQyNppu/0zi1yXYR5WIlC7r092KGfUo="},"lastRemoteEphemeralKey":"BclEoWrKglqXAYFmb0MUpo9lR6BUjQF44uDXfeOoSvN0","previousCounter":0,"rootKey":"t7wEqpZHuKptYpEKtoQvrp5r6ysNZ8+6BJlfIJfPddI="},"indexInfo":{"baseKey":"BQLTxLse61GkdXw4whPt7Cnj04Jadq4SpBYww9arIh1t","baseKeyType":1,"closed":-1,"used":1692405308724,"created":1692405308724,"remoteIdentityKey":"Bd0WDwvzAN3pFkScg2UC+I8DRe7viZQo3RoYJnquuz5n"},"_chains":{"BXfbE2WizhW6b2+u04Ay1CmEuXZBEDyWyCYqescQqg5p":{"chainKey":{"counter":0,"key":"fpqk2xJ1fHqfUXy37ZimXJ+Gfkgwg4ilJp2+W6vYtB0="},"chainType":1,"messageKeys":{}}},"pendingPreKey":{"signedKeyId":1,"baseKey":"BQLTxLse61GkdXw4whPt7Cnj04Jadq4SpBYww9arIh1t","preKeyId":16765975}}},"version":"v1"}