{"_sessions":{"BWY71L6AlLY+plxapqZ5Y+X206Iecyuuf/a3UQGfjlZY":{"registrationId":1739712787,"currentRatchet":{"ephemeralKeyPair":{"pubKey":"BcF2k70lH1RQRdX7emRKTqPTszqkzM06DrjMe9Nt7qxi","privKey":"KKSpjMahsysE8HpKSxwLB/ORiVC/wS10X5VpV4v5B0M="},"lastRemoteEphemeralKey":"BQOmu+mwm6yYVoUOy2vcRk48bDwa0paSCmeorGsniCch","previousCounter":0,"rootKey":"HM/2JMAMl7GBXZj+PEIouSC5EYoah4+VSy4Q/AJfOZc="},"indexInfo":{"baseKey":"BWY71L6AlLY+plxapqZ5Y+X206Iecyuuf/a3UQGfjlZY","baseKeyType":1,"closed":-1,"used":1692405309031,"created":1692405309031,"remoteIdentityKey":"BeAL2PE3YTAmWWaD4UZ7vngvWHCyLAWb5Aq0t+dOzEZX"},"_chains":{"BcF2k70lH1RQRdX7emRKTqPTszqkzM06DrjMe9Nt7qxi":{"chainKey":{"counter":0,"key":"0fl7/wNplSQmWjThVNpH1qWHg1z4TJWbV0CNDsq5Z6k="},"chainType":1,"messageKeys":{}}},"pendingPreKey":{"signedKeyId":16,"baseKey":"BWY71L6AlLY+plxapqZ5Y+X206Iecyuuf/a3UQGfjlZY","preKeyId":10292214}}},"version":"v1"}