{"_sessions":{"BWosYmbTpwphNO0Bpwxld5enxiD5ROpc+cPACbJEiage":{"registrationId":111,"currentRatchet":{"ephemeralKeyPair":{"pubKey":"BVCTX30RfULyF49Nart65ycwPYCrTgO6V/j/6GtVCqpQ","privKey":"UJXGm9UZjs8KgOoMUfyZvS/q9oJkkR65zW8m2rwXLUo="},"lastRemoteEphemeralKey":"BTbMAMfGXtNmByvNnSVRldk+LIJBDOmGVs9ySapGXV9y","previousCounter":1,"rootKey":"dYdS6AAzec7NcXe2Je79UsGhAoC44aHsPwYAFzLNT7U="},"indexInfo":{"baseKey":"BWosYmbTpwphNO0Bpwxld5enxiD5ROpc+cPACbJEiage","baseKeyType":2,"closed":-1,"used":1692434587632,"created":1692423253984,"remoteIdentityKey":"Bc+s4juGnoAnMIUHEIOMEGx4VnF9YhqCPNtP5PYtwcsM"},"_chains":{"BdyXCfC89AlzU3qgwYCrKneDPydhRHl730bPUAKvyosc":{"chainKey":{"counter":42},"chainType":2,"messageKeys":{}},"BdFZpbjhXUT/CaW3+2xLoPDIYb6x9cK6kEGb0MDjXuR4":{"chainKey":{"counter":1},"chainType":2,"messageKeys":{}},"BX8QGVkWy7V+juZwmQ05XOVvDJD+wN7NUuKkzoCMTMoe":{"chainKey":{"counter":2},"chainType":2,"messageKeys":{}},"BXEANI1zzOFTGWDRFSB2IL4zysqJzgBSvi4B4ONRfyIf":{"chainKey":{"counter":1},"chainType":2,"messageKeys":{}},"BbC1Qff75Sh1p9H3W6VdXEetowM8o+L+j7iKW1b+y+Y5":{"chainKey":{"counter":1},"chainType":2,"messageKeys":{}},"BdWuNUhMZoCDHrdbadpNYUOvR4cani0znLzePpnNNtQG":{"chainKey":{"counter":18},"chainType":2,"messageKeys":{}},"Bc5V+Al2XPPRXKtVwofCDebY08UpXrtJAihFQdKSHxw4":{"chainKey":{"counter":1},"chainType":2,"messageKeys":{}},"BTbMAMfGXtNmByvNnSVRldk+LIJBDOmGVs9ySapGXV9y":{"chainKey":{"counter":1,"key":"HS28uqrIuuB6ljlBr3qEBuqQeUZrbZ1K0OyIlNG2hAo="},"chainType":2,"messageKeys":{}},"BVCTX30RfULyF49Nart65ycwPYCrTgO6V/j/6GtVCqpQ":{"chainKey":{"counter":10,"key":"Vqa6oJnt9M3Q6U7mKFzlh4LbXLsCxy7lcHLfFwgpUPY="},"chainType":1,"messageKeys":{}}}}},"version":"v1"}