{"_sessions":{"BVGUFGhXR81+J/UdhhvEMjd89FMclzXPAeHzTG6ZYT9R":{"registrationId":661371030,"currentRatchet":{"ephemeralKeyPair":{"pubKey":"BeYZzRhb9BXYDYrPNrwn45piIXHtNFe1dAsoEOrCt/ln","privKey":"QBcem5TMqpP/dlg68NM7wmQDV5pnLv7oQxSYBLAAFl8="},"lastRemoteEphemeralKey":"BUgZ04iOAZVyvcYrQyhwLcwLB4YCCl6Qfx3l144D5sFr","previousCounter":0,"rootKey":"970fza3PnZRMsmguDFAMsyGdctzkvzbvo2bboblOc/8="},"indexInfo":{"baseKey":"BVGUFGhXR81+J/UdhhvEMjd89FMclzXPAeHzTG6ZYT9R","baseKeyType":1,"closed":-1,"used":1692405310505,"created":1692405310505,"remoteIdentityKey":"BS0HZ+HAxONIKWITN4OBJIMm1jKFm9y8vkirWGPY2awW"},"_chains":{"BeYZzRhb9BXYDYrPNrwn45piIXHtNFe1dAsoEOrCt/ln":{"chainKey":{"counter":0,"key":"WQgyAda7F+UY3RHNt8O5a311ynkYvUwdI0nOmZD+Ztg="},"chainType":1,"messageKeys":{}}},"pendingPreKey":{"signedKeyId":0,"baseKey":"BVGUFGhXR81+J/UdhhvEMjd89FMclzXPAeHzTG6ZYT9R","preKeyId":8602992}}},"version":"v1"}