{"_sessions":{"BWRxs5s3ct+Q1rYEupwWutlXtv3lOM8pz0G1CDFBqT5p":{"registrationId":15649,"currentRatchet":{"ephemeralKeyPair":{"pubKey":"BXL5unzyVnsomwiTA8UgGLa9GGeO8rMmDNt24mgURYND","privKey":"iJLXPoYk8/LFjZasaTFxSpOnhc7aIwEJdb+yGT+wo08="},"lastRemoteEphemeralKey":"BfxzWzAqBznAKYy5Nm12dr3cS5Udj0cqVEJ4vdVWfFEu","previousCounter":0,"rootKey":"qEKHtx+hka4cji4u+gm65RpT+I+wMdbiIHBn0OOBcro="},"indexInfo":{"baseKey":"BWRxs5s3ct+Q1rYEupwWutlXtv3lOM8pz0G1CDFBqT5p","baseKeyType":1,"closed":-1,"used":1692405307964,"created":1692405307964,"remoteIdentityKey":"BbD7qv3T6rSGbDo+FwnhOH0tBkTh0NT9KbgCJnT2xr9B"},"_chains":{"BXL5unzyVnsomwiTA8UgGLa9GGeO8rMmDNt24mgURYND":{"chainKey":{"counter":0,"key":"KX6lxemtVaKi8uUb0lTvar9fA+yK1oZJbYBBCXiqA/g="},"chainType":1,"messageKeys":{}}},"pendingPreKey":{"signedKeyId":2,"baseKey":"BWRxs5s3ct+Q1rYEupwWutlXtv3lOM8pz0G1CDFBqT5p"}}},"version":"v1"}