{"_sessions":{"Bd3gYePMjE0Zj2PSbq4I0X0R1d1hVKG5zf8Jikt8ZEJ/":{"registrationId":1693913721,"currentRatchet":{"ephemeralKeyPair":{"pubKey":"BUhZHAlzl9wqo3K1/eicw4ag66SWS3RTdf58ONNGO0M5","privKey":"WNhZsaYf7BuAlPsHr55GLUMeAghJDq7bniBP7HWEE14="},"lastRemoteEphemeralKey":"BWKk/KrSqJstJ02HRrXEX2ylup7hTXUEftsUv5L74DgI","previousCounter":0,"rootKey":"CGGgEG4RsF3X6nl01MTh2fH4HdxFYQtiH7mGwxfYOlI="},"indexInfo":{"baseKey":"Bd3gYePMjE0Zj2PSbq4I0X0R1d1hVKG5zf8Jikt8ZEJ/","baseKeyType":1,"closed":-1,"used":1692405309999,"created":1692405309999,"remoteIdentityKey":"BV8ism8txk5EEI4M6cPNYUtDQ20ZLeoh5tzC9ei8kvxv"},"_chains":{"BUhZHAlzl9wqo3K1/eicw4ag66SWS3RTdf58ONNGO0M5":{"chainKey":{"counter":0,"key":"pjxZ2O2BEx8hKhQADrh7LvbHHng5H2HiO/ed1wjmvgA="},"chainType":1,"messageKeys":{}}},"pendingPreKey":{"signedKeyId":1,"baseKey":"Bd3gYePMjE0Zj2PSbq4I0X0R1d1hVKG5zf8Jikt8ZEJ/","preKeyId":2061827}}},"version":"v1"}