{"_sessions":{"BYap4EB4NL4OcXaRmeepine1ygsDDhpqTgQVxjKG8hdn":{"registrationId":343349070,"currentRatchet":{"ephemeralKeyPair":{"pubKey":"BaJOLsndnJak6PT4q3Lmx4TTFEXh7DCSnPLMuVIfiz0f","privKey":"sFKiqtetcJwrXMU/N0f726wF4EDMHg9rK6iz5AfI0lM="},"lastRemoteEphemeralKey":"BTI2X2oTS15pQGvviVQ3RpY4VD4w2/ng/74xj9j2fJct","previousCounter":0,"rootKey":"flWH+49/OBMydpIIXMkklx0Qo1gS0ZqlXe2uu97+H14="},"indexInfo":{"baseKey":"BYap4EB4NL4OcXaRmeepine1ygsDDhpqTgQVxjKG8hdn","baseKeyType":1,"closed":-1,"used":1692405308939,"created":1692405308939,"remoteIdentityKey":"BZSqGR98zciORBBM9dntLXEP8ifTwz5IiFGZRRosRxxP"},"_chains":{"BaJOLsndnJak6PT4q3Lmx4TTFEXh7DCSnPLMuVIfiz0f":{"chainKey":{"counter":0,"key":"s0I+k/FexHZC5sVLk+KaDc6zSD1JEMrLcMiWuLiO2tc="},"chainType":1,"messageKeys":{}}},"pendingPreKey":{"signedKeyId":10,"baseKey":"BYap4EB4NL4OcXaRmeepine1ygsDDhpqTgQVxjKG8hdn","preKeyId":3382673}}},"version":"v1"}