{"_sessions":{"BSp7cf00qMuFGZJmTRQuWdmYO+z/CP2jt9D3ZbFB3CIG":{"registrationId":37749089,"currentRatchet":{"ephemeralKeyPair":{"pubKey":"BQ8f6Ff3Pyl/udo2xQwGTB32DqJWpJQryDP5MIrkFGJh","privKey":"KMtOiVd2f7pc4hOjDaObuf1ePVOlRkSssok6mLwAAVM="},"lastRemoteEphemeralKey":"BRHuzz9aivMFK/riwtBGPypy1tr4G1LGpD1rrc6GStc3","previousCounter":0,"rootKey":"Qdl0xYEJOXLUY2s9QgNxvknL5KKTxp445eMfgDgQi8Q="},"indexInfo":{"baseKey":"BSp7cf00qMuFGZJmTRQuWdmYO+z/CP2jt9D3ZbFB3CIG","baseKeyType":1,"closed":-1,"used":1692405308853,"created":1692405308853,"remoteIdentityKey":"BXKRH5ZXDOxzadpCgRieo3rBqCGr5nz+SkNScMzOnJcj"},"_chains":{"BQ8f6Ff3Pyl/udo2xQwGTB32DqJWpJQryDP5MIrkFGJh":{"chainKey":{"counter":0,"key":"3JNP4oY3MlFTwc/wyOwTkSwFIHTZr32i4gydBO/6RYs="},"chainType":1,"messageKeys":{}}},"pendingPreKey":{"signedKeyId":9,"baseKey":"BSp7cf00qMuFGZJmTRQuWdmYO+z/CP2jt9D3ZbFB3CIG","preKeyId":16220400}}},"version":"v1"}