{"_sessions":{"BTPcySvTJSIv4D6p+GRHqsYTDBmXrO7X3YArOZ5fZGRG":{"registrationId":600579744,"currentRatchet":{"ephemeralKeyPair":{"pubKey":"BQSUb1BloC5p3CLN5XNpxExJSLphotPBuzIoKtXXbWIl","privKey":"SFG6o00aIFCGCoASiiWJhGpAzkYlLO424QAmg5QVHXA="},"lastRemoteEphemeralKey":"BXCqrlIXxO+LSXLAfsrUNQ285sbqHQqRpl1AV2ZuYA0g","previousCounter":0,"rootKey":"XvwAPos+kbNthMfR3kAD7cC3IB1pNEdEQj1fBtFZNmQ="},"indexInfo":{"baseKey":"BTPcySvTJSIv4D6p+GRHqsYTDBmXrO7X3YArOZ5fZGRG","baseKeyType":1,"closed":-1,"used":1692405307878,"created":1692405307878,"remoteIdentityKey":"BbSFf73VQwFvqPSlNhakqQcOTw4G9gOhaJDtadXmgDM9"},"_chains":{"BQSUb1BloC5p3CLN5XNpxExJSLphotPBuzIoKtXXbWIl":{"chainKey":{"counter":0,"key":"+BOol7n/+/NIx5q41bwRxUaU3QUzlqdsZYhtNNJj1NI="},"chainType":1,"messageKeys":{}}},"pendingPreKey":{"signedKeyId":5,"baseKey":"BTPcySvTJSIv4D6p+GRHqsYTDBmXrO7X3YArOZ5fZGRG","preKeyId":14265419}}},"version":"v1"}