{"_sessions":{"Bbek/5MZAZ0BjWhVIJtX5onoFq+DmpoU5rNtQhTq4m8h":{"registrationId":1409602666,"currentRatchet":{"ephemeralKeyPair":{"pubKey":"Baa7oD6RUDuucUuSZ9Sn9ylsTpD46BElnXJq4x4cxX9t","privKey":"YDcoR0Ii4sGq5KcnsRlqehbTHiQevbGcO0pShvP4+Wk="},"lastRemoteEphemeralKey":"BbzIPBJgDsePq7UHCov4ww+Y2defv/X4md2kGv1gQLUP","previousCounter":0,"rootKey":"cB0qCQK/bPmK6TNXWULIzZJ2UV3a6o6DyJ2IZyACrOM="},"indexInfo":{"baseKey":"Bbek/5MZAZ0BjWhVIJtX5onoFq+DmpoU5rNtQhTq4m8h","baseKeyType":1,"closed":-1,"used":1692405309715,"created":1692405309715,"remoteIdentityKey":"BQWst5Q4VmNjyMU1sN42FnzIOYnGh5byzmeHfTdJhtpC"},"_chains":{"Baa7oD6RUDuucUuSZ9Sn9ylsTpD46BElnXJq4x4cxX9t":{"chainKey":{"counter":0,"key":"/N9rqhpE+tvA8WJQ7ypooL1Dz15m0yhynUZnJqVN1kc="},"chainType":1,"messageKeys":{}}},"pendingPreKey":{"signedKeyId":3,"baseKey":"Bbek/5MZAZ0BjWhVIJtX5onoFq+DmpoU5rNtQhTq4m8h"}}},"version":"v1"}