{"_sessions":{"BQ0vWrHXnS5DlUf59amKhNrrJfnDm48zbV1K/wyONVsh":{"registrationId":1012462591,"currentRatchet":{"ephemeralKeyPair":{"pubKey":"BVGsN7JUe/55L/Tt22kaUTvgJKSvRHF5ADbuFL1WNNBw","privKey":"ePr6VZ7U4SCjEy1IjayxidtKOMCF50ZKvfDFPJiG03A="},"lastRemoteEphemeralKey":"Bf5hkH5etURUercVePmLhFI/iDChPboPA5M0Mh+gSMBd","previousCounter":0,"rootKey":"8VUwMAro5xiVXB7LW2UorLXzaATGmwAfMGh5/UcHlK4="},"indexInfo":{"baseKey":"BQ0vWrHXnS5DlUf59amKhNrrJfnDm48zbV1K/wyONVsh","baseKeyType":1,"closed":-1,"used":1692405310235,"created":1692405310235,"remoteIdentityKey":"BTCa5ZxbVfATLIOCJdRo1YkGxdC4AO4etJNeasldF/R1"},"_chains":{"BVGsN7JUe/55L/Tt22kaUTvgJKSvRHF5ADbuFL1WNNBw":{"chainKey":{"counter":0,"key":"6pxvd8AH7vO3HEFpDaVK+BUdCbAbhX4sDY9F93SJvNE="},"chainType":1,"messageKeys":{}}},"pendingPreKey":{"signedKeyId":0,"baseKey":"BQ0vWrHXnS5DlUf59amKhNrrJfnDm48zbV1K/wyONVsh","preKeyId":4232160}}},"version":"v1"}