{"_sessions":{"BTKpzjge2IuPAjtcBaNxF0ZIRhkPyYqKisN7Xk8QGO9k":{"registrationId":1808333954,"currentRatchet":{"ephemeralKeyPair":{"pubKey":"BQCVY3zY9bPl+P3MLZHjvnVp6vSsdK0qNM3QYI9kHX0e","privKey":"2Lf35XdQvopb7R8S5lypFg1U5qVNuQkFbAopbaX8pl8="},"lastRemoteEphemeralKey":"BUR5A5TbUMcwGudu1wbs3BGWCn/tk8YeSIRcO2Qc9BsG","previousCounter":0,"rootKey":"ArdDAjW51AT9eXVviixXxbXmfn/CRUGbhZm/LOGqNCg="},"indexInfo":{"baseKey":"BTKpzjge2IuPAjtcBaNxF0ZIRhkPyYqKisN7Xk8QGO9k","baseKeyType":1,"closed":-1,"used":1692405309360,"created":1692405309360,"remoteIdentityKey":"Bazs+/FgWKQ5drWpxaOG5S5XoxRjSojd3Dl5l0wdTIVl"},"_chains":{"BQCVY3zY9bPl+P3MLZHjvnVp6vSsdK0qNM3QYI9kHX0e":{"chainKey":{"counter":0,"key":"c6DehivtRNPfCnXO+guze/5OP6w00TYxdT3lzg/t/qU="},"chainType":1,"messageKeys":{}}},"pendingPreKey":{"signedKeyId":1,"baseKey":"BTKpzjge2IuPAjtcBaNxF0ZIRhkPyYqKisN7Xk8QGO9k","preKeyId":6328685}}},"version":"v1"}