{"_sessions":{"BbE9M2XgdSjXzczMpaDz7qPno2XmrSiB+Ec8PUfmSl1B":{"registrationId":1668723311,"currentRatchet":{"ephemeralKeyPair":{"pubKey":"BcqHakyPpurqBey/qpwrMvAmaNtbKhjsRvsx0Hm0nyxp","privKey":"6Me5tGrNdm60jJtWQcnsBMzTqSQbWEUOCcvFxG9YakQ="},"lastRemoteEphemeralKey":"BV6RBt0cCLz0WtzF3XhD2qj7bnhogQ4uwEpIIySbuEs9","previousCounter":0,"rootKey":"OI+Gu3UXuzj38tKWSmboFX6DOQj+YuCb2IxchKuLO+U="},"indexInfo":{"baseKey":"BbE9M2XgdSjXzczMpaDz7qPno2XmrSiB+Ec8PUfmSl1B","baseKeyType":1,"closed":-1,"used":1692405310180,"created":1692405310180,"remoteIdentityKey":"BZfntwP5wepde7IIbHUkxSlU/JDvlpbuFx5zLjD36aBc"},"_chains":{"BcqHakyPpurqBey/qpwrMvAmaNtbKhjsRvsx0Hm0nyxp":{"chainKey":{"counter":0,"key":"Wx0q1HJMXceXp6TuNkPLbqfJ7b7vkW5k92oQWH+Oxvc="},"chainType":1,"messageKeys":{}}},"pendingPreKey":{"signedKeyId":29,"baseKey":"BbE9M2XgdSjXzczMpaDz7qPno2XmrSiB+Ec8PUfmSl1B","preKeyId":6474021}}},"version":"v1"}