{"_sessions":{"BZSr0FuUNj5i5LPWCMVdtOuP1NT8hQtR6jJ9UHgSVWhi":{"registrationId":497363946,"currentRatchet":{"ephemeralKeyPair":{"pubKey":"BcCAmHJzPXzn9yXbYtl05EjbY0GjZpuOcmxLDG2P6QQI","privKey":"2N3NmZqU4nZnffThqi+cXxB9h4BkwDjdERGWT7IUVFk="},"lastRemoteEphemeralKey":"BWNCQ70E/wCFaxCol52tcynYElDjt6ysQoj7JpaNeaJR","previousCounter":0,"rootKey":"7Cr2cQu2RCWTTBs7bvmbbtxzXPzbq3nqt+p78YOJ4Mk="},"indexInfo":{"baseKey":"BZSr0FuUNj5i5LPWCMVdtOuP1NT8hQtR6jJ9UHgSVWhi","baseKeyType":1,"closed":-1,"used":1692405309058,"created":1692405309058,"remoteIdentityKey":"BToUu618V/sZHVhd49mlRdo0P/ZNzcgxfCP5W5kZMcRC"},"_chains":{"BcCAmHJzPXzn9yXbYtl05EjbY0GjZpuOcmxLDG2P6QQI":{"chainKey":{"counter":0,"key":"AOq9fC9hY8I/cwyxRUU/Xi8HVWI4IKvbZgaEhv1BFTE="},"chainType":1,"messageKeys":{}}},"pendingPreKey":{"signedKeyId":0,"baseKey":"BZSr0FuUNj5i5LPWCMVdtOuP1NT8hQtR6jJ9UHgSVWhi","preKeyId":7967499}}},"version":"v1"}