{"_sessions":{"BSWsVY62vhb1qlwE1cYVM7TCYTsNaeQMo55/iaEWG+BH":{"registrationId":744753931,"currentRatchet":{"ephemeralKeyPair":{"pubKey":"BblXwmT9CdLr0ScnAC9EZmEgQ2XybxT3rHWrCiVT5uoa","privKey":"MFMV6zp+wODLkRUeKnn2Z9f5HRtPsIX2EzRHcfpQJVA="},"lastRemoteEphemeralKey":"BSWn6y5/Ay0L4b1mPnT4RqWnk4brQs0blWjr5zplKUsq","previousCounter":0,"rootKey":"OSNSie6o2QEadfg3cbhq6CeDwFyAD+ON12iDQ/Ow4+o="},"indexInfo":{"baseKey":"BSWsVY62vhb1qlwE1cYVM7TCYTsNaeQMo55/iaEWG+BH","baseKeyType":1,"closed":-1,"used":1692405309244,"created":1692405309244,"remoteIdentityKey":"BUH+OMfFYHZF6HmVEe9OuKP+zVoicVITD8gxv2noIn4L"},"_chains":{"BblXwmT9CdLr0ScnAC9EZmEgQ2XybxT3rHWrCiVT5uoa":{"chainKey":{"counter":0,"key":"UJvwMNF72OIFcYdEurFw+A7XR8Z5g2cvd8bGzgUfPY0="},"chainType":1,"messageKeys":{}}},"pendingPreKey":{"signedKeyId":19,"baseKey":"BSWsVY62vhb1qlwE1cYVM7TCYTsNaeQMo55/iaEWG+BH","preKeyId":15361132}}},"version":"v1"}