{"_sessions":{"BUAUXZlnFIGrOop1mM3xrsW0IWYcx07rS5OjupdL10Ul":{"registrationId":703151823,"currentRatchet":{"ephemeralKeyPair":{"pubKey":"BUA46ohOudUzU+S1pjfkiygTY0oMvMEFXXRqa3d87QAL","privKey":"UKX5kW/ecr3FPlejmbFft1xXi7EAAJ1E4layY4zS0Fc="},"lastRemoteEphemeralKey":"BVUhmKPzzI8XTo83BZucNWCVTUli8VpBJYPjfu2+wkBp","previousCounter":0,"rootKey":"Bsl3Ex/QTcrNKnim/jZDAKVo4KxNG/c3h5m8SMOZQkM="},"indexInfo":{"baseKey":"BUAUXZlnFIGrOop1mM3xrsW0IWYcx07rS5OjupdL10Ul","baseKeyType":1,"closed":-1,"used":1692405308800,"created":1692405308800,"remoteIdentityKey":"BQNeaXenYiy5Ov3Nzu63hPlN5O4/m7Zm3X1Wi4rLOWwR"},"_chains":{"BUA46ohOudUzU+S1pjfkiygTY0oMvMEFXXRqa3d87QAL":{"chainKey":{"counter":0,"key":"P8pb/VUbaHflptS/VOBRvgupJHKwxX9zs90AVo7GvfY="},"chainType":1,"messageKeys":{}}},"pendingPreKey":{"signedKeyId":7,"baseKey":"BUAUXZlnFIGrOop1mM3xrsW0IWYcx07rS5OjupdL10Ul","preKeyId":13915197}}},"version":"v1"}