{"_sessions":{"Be19BlTLlXGkLPuMSx6DiwNut1bOMUDiuWrjp1wiXDt5":{"registrationId":2032276884,"currentRatchet":{"ephemeralKeyPair":{"pubKey":"BYFJQN9RA98Pv6Xst8UIN/v5FwibFeJCNIu/L56YNaxR","privKey":"cLTAYD0GLPozLefZ1o6ZYLaq7eFRAC8IA2+tT4w3UFo="},"lastRemoteEphemeralKey":"BTIlTUn0kDbwTKTRYIhbEnr8bBVvy6hkpQPDd1Sr0CxB","previousCounter":0,"rootKey":"KcpnO4LmwfeQqUQLBBU2Js+wpZORGj+XQq6z2nzv2o0="},"indexInfo":{"baseKey":"Be19BlTLlXGkLPuMSx6DiwNut1bOMUDiuWrjp1wiXDt5","baseKeyType":1,"closed":-1,"used":1692405309760,"created":1692405309760,"remoteIdentityKey":"BeYzLRn5Andgk55P2IBCmoYiHgqu5fLjDFyzW0VoPfV5"},"_chains":{"BYFJQN9RA98Pv6Xst8UIN/v5FwibFeJCNIu/L56YNaxR":{"chainKey":{"counter":0,"key":"dAnKUc963I4D5wbNTeKsrYzcYbUmR/E3DoyNi+YXjXs="},"chainType":1,"messageKeys":{}}},"pendingPreKey":{"signedKeyId":3,"baseKey":"Be19BlTLlXGkLPuMSx6DiwNut1bOMUDiuWrjp1wiXDt5","preKeyId":16101770}}},"version":"v1"}