{"_sessions":{"BVuIa24l98fgLU59LK2OYxXN2tmpMBMDSrOBd3mqeVcY":{"registrationId":524218174,"currentRatchet":{"ephemeralKeyPair":{"pubKey":"BWVWgMdtz982IEMNik/vy2MOPVXxm9oUwTLoILZrP6ol","privKey":"KP8IMEeFVM2BTalGX6cDaAuGSuCDeu4Fi/7q7qKZ70E="},"lastRemoteEphemeralKey":"BbDmCOKrZzxYaUI9lI4W5zzeTgk2cFJ3t6gbsx8w5H94","previousCounter":0,"rootKey":"l5yDLAgNjkVCzwE2ceGwPf6I6byqcxNUrFL88j2+SFI="},"indexInfo":{"baseKey":"BVuIa24l98fgLU59LK2OYxXN2tmpMBMDSrOBd3mqeVcY","baseKeyType":1,"closed":-1,"used":1692405308868,"created":1692405308868,"remoteIdentityKey":"BR+4sJJEbbcbJVDoThvI8oxkQoQCwmIStSM2q68d2Lp+"},"_chains":{"BWVWgMdtz982IEMNik/vy2MOPVXxm9oUwTLoILZrP6ol":{"chainKey":{"counter":0,"key":"8wfC3ZfdnSyAlceqvFMbbze5YyqEw4lfk/ak/rpKWfg="},"chainType":1,"messageKeys":{}}},"pendingPreKey":{"signedKeyId":0,"baseKey":"BVuIa24l98fgLU59LK2OYxXN2tmpMBMDSrOBd3mqeVcY","preKeyId":11997884}}},"version":"v1"}