{"_sessions":{"Bcbzot5tr5EorF1/aAKtNAjD4m9ewKrQEfe4BgnbhyJn":{"registrationId":1818932408,"currentRatchet":{"ephemeralKeyPair":{"pubKey":"BSsGEDosva0tChh1OVFCKNd4tI95grH1imdL5eER7+Ur","privKey":"2HJeB6PxwhDFGemQ9hxAomRes49d4RiX6FNydHsnbmY="},"lastRemoteEphemeralKey":"BXZ2N7hmZC8pR5Fltk6BlKy3vAjEY3WcIM57TjQ3MNBP","previousCounter":0,"rootKey":"xszTtlQxoUBmQd94/tfN0C2QlKOB1Rw+I3a7fwgp8Hk="},"indexInfo":{"baseKey":"Bcbzot5tr5EorF1/aAKtNAjD4m9ewKrQEfe4BgnbhyJn","baseKeyType":1,"closed":-1,"used":1692405310274,"created":1692405310274,"remoteIdentityKey":"BWEQ/WAvUi4gWJBbawazXloP7kyjRUYyjLOIeC+t4i5u"},"_chains":{"BSsGEDosva0tChh1OVFCKNd4tI95grH1imdL5eER7+Ur":{"chainKey":{"counter":0,"key":"39a7BkciXJZ/VxCbIJ6kp1tzpodNtzaygigbGqbi/xQ="},"chainType":1,"messageKeys":{}}},"pendingPreKey":{"signedKeyId":3,"baseKey":"Bcbzot5tr5EorF1/aAKtNAjD4m9ewKrQEfe4BgnbhyJn","preKeyId":7090658}}},"version":"v1"}