{"_sessions":{"BZb1NTcikA5Lka04cRHik3zz0XqDhhy7aRjjzaWph6h0":{"registrationId":748012000,"currentRatchet":{"ephemeralKeyPair":{"pubKey":"BcXax61FkY7P+yznkFkK6xCe3HcyeFXIBFDvFyyVwt0o","privKey":"wPwKCAM5EfNm8x/Ll0JMMsJzlqZAKSRCrnuSpiGoxmQ="},"lastRemoteEphemeralKey":"Be77z4qg47ZKmUYb9YDxFrgmkZcPo8FYVduMNWtFXlwA","previousCounter":0,"rootKey":"3AVgDX7SSy4cGYPLiPmx7TzORgT/IimhgaNNtUR+o6Y="},"indexInfo":{"baseKey":"BZb1NTcikA5Lka04cRHik3zz0XqDhhy7aRjjzaWph6h0","baseKeyType":1,"closed":-1,"used":1692405309816,"created":1692405309816,"remoteIdentityKey":"BTXUR4R+t9QDho8v47FIcGTFcNUO3RyAmCXeXtFR7HF8"},"_chains":{"BcXax61FkY7P+yznkFkK6xCe3HcyeFXIBFDvFyyVwt0o":{"chainKey":{"counter":0,"key":"vxtGdkMM0Za4Qh5uENcGmUjibEevYxrwzdtacAk/nuU="},"chainType":1,"messageKeys":{}}},"pendingPreKey":{"signedKeyId":1,"baseKey":"BZb1NTcikA5Lka04cRHik3zz0XqDhhy7aRjjzaWph6h0","preKeyId":14070098}}},"version":"v1"}