{"_sessions":{"Bb7ciytpJKfSzH+JtVwKqec3PTHSEvHQMNLBHX4bgqgU":{"registrationId":1253762743,"currentRatchet":{"ephemeralKeyPair":{"pubKey":"BUbBUOMyYQdHvuuexnvQI0ctobZS2xrqOnSoT1ruQr0w","privKey":"eFgK4rbSaGnAmeWIz91a4LzzwGNiQkDm5PlKUnGHKXc="},"lastRemoteEphemeralKey":"BQV98LY77oG0eSsGF78UTM2gagiX6GarhVZJ9N82AdMN","previousCounter":0,"rootKey":"RzeW8EmO+um/kUgdpdtEq46ICY5AUF8IbdID3sj4Bww="},"indexInfo":{"baseKey":"Bb7ciytpJKfSzH+JtVwKqec3PTHSEvHQMNLBHX4bgqgU","baseKeyType":1,"closed":-1,"used":1692405309704,"created":1692405309704,"remoteIdentityKey":"BUO5le9R3ELGDnP3j4xMiuYV0hlCqSeY5fH1diUb9ugh"},"_chains":{"BUbBUOMyYQdHvuuexnvQI0ctobZS2xrqOnSoT1ruQr0w":{"chainKey":{"counter":0,"key":"0W0QoZk+LZGyNHiZ7a+1av7k6jExgddd+XV/aXr+7Qw="},"chainType":1,"messageKeys":{}}},"pendingPreKey":{"signedKeyId":28,"baseKey":"Bb7ciytpJKfSzH+JtVwKqec3PTHSEvHQMNLBHX4bgqgU","preKeyId":189114}}},"version":"v1"}