{"_sessions":{"BV0DpR5W44YQNLCQrcV73YbpetfEpHGnHNvL20vlnw0b":{"registrationId":1202913053,"currentRatchet":{"ephemeralKeyPair":{"pubKey":"Bdj6P4355TtalP9IQUAqkSMoxoDU7GAr0dhx51ZafEMd","privKey":"qCTTtYjOZvhFy+MxAVNFFwp2npBUx4p6jyEwyjB6jWg="},"lastRemoteEphemeralKey":"Bf+bFXSRrx5aRLxxmOSDwq7iPEF+jFzoWyS6pw56rS4z","previousCounter":0,"rootKey":"QUqmz17E5TZQKMiM1bW9kfQyrArJ5xmMPE4V86b076A="},"indexInfo":{"baseKey":"BV0DpR5W44YQNLCQrcV73YbpetfEpHGnHNvL20vlnw0b","baseKeyType":1,"closed":-1,"used":1692405309137,"created":1692405309137,"remoteIdentityKey":"Bf6jZYP+HGk/KRagfpOX8DnD6+fgsLqvt402rrUt7nEW"},"_chains":{"Bdj6P4355TtalP9IQUAqkSMoxoDU7GAr0dhx51ZafEMd":{"chainKey":{"counter":0,"key":"uH8KVvWNGm+4eiVhsKaQMJGflbD8c5AAcHEzjiXd1q4="},"chainType":1,"messageKeys":{}}},"pendingPreKey":{"signedKeyId":23,"baseKey":"BV0DpR5W44YQNLCQrcV73YbpetfEpHGnHNvL20vlnw0b","preKeyId":9580554}}},"version":"v1"}