{"_sessions":{"Be/SOfXeKF7oFSoVJiFOGKTr8vSNvHI5EUQQiAEG7UY+":{"registrationId":66759268,"currentRatchet":{"ephemeralKeyPair":{"pubKey":"BT2Wxf6LvLSkQ6Fdu6+GsMwm5DIjS7hUhTJ/nbsCgVVd","privKey":"IH8FRwcU+NSIOjZpF4rzRLR3HQgfInYYw3fNwYmdI00="},"lastRemoteEphemeralKey":"BW7SrdqZ5m4zPC0JWwDsuXW1nRz5gUYa/2IuyCKsGIoE","previousCounter":0,"rootKey":"E9oizOvNrWD1Svxw2U3O9vAAGLAxBSK9KBXN6zEmh40="},"indexInfo":{"baseKey":"Be/SOfXeKF7oFSoVJiFOGKTr8vSNvHI5EUQQiAEG7UY+","baseKeyType":1,"closed":-1,"used":1692405310110,"created":1692405310110,"remoteIdentityKey":"BdE9LQoqdkI3COq+JW8sZcKvtrdVIJ6L+aHn19V6QeRe"},"_chains":{"BT2Wxf6LvLSkQ6Fdu6+GsMwm5DIjS7hUhTJ/nbsCgVVd":{"chainKey":{"counter":0,"key":"ycUa2/D9PCxswjWaHvxOLdkgSlAVR1IeAld8faP/xA4="},"chainType":1,"messageKeys":{}}},"pendingPreKey":{"signedKeyId":7,"baseKey":"Be/SOfXeKF7oFSoVJiFOGKTr8vSNvHI5EUQQiAEG7UY+","preKeyId":332832}}},"version":"v1"}