{"_sessions":{"BVsxnvOCS1qkrm+3UD2xpPPUWVNuRz0NiP1dEt385XAf":{"registrationId":361415687,"currentRatchet":{"ephemeralKeyPair":{"pubKey":"BQ0OklWnMXOPtOpMYfsIuc0F973TUFkZngiZ+BrtAsNh","privKey":"sLRYfijTsMZ1d/FCppJ3EMbeXCW9aA656+t5Ivm0C0Q="},"lastRemoteEphemeralKey":"BWl6xPtnBW+05LzTGw4eo57NlgkkPadgeL+op6AH0hBW","previousCounter":0,"rootKey":"k/WLtUqGqk5ztsb9WXPu7QJ1VnyWVLnRfOY4FjI9Knc="},"indexInfo":{"baseKey":"BVsxnvOCS1qkrm+3UD2xpPPUWVNuRz0NiP1dEt385XAf","baseKeyType":1,"closed":-1,"used":1692405308531,"created":1692405308531,"remoteIdentityKey":"BaIj86Q17X5dwS+6HV2Rombi6L/N4KrVUKekRIrKVOIj"},"_chains":{"BQ0OklWnMXOPtOpMYfsIuc0F973TUFkZngiZ+BrtAsNh":{"chainKey":{"counter":0,"key":"Yv8bCQot1WFd5kz8YEXh1Zv0GXdgLvoY/OTJL9yCZP8="},"chainType":1,"messageKeys":{}}},"pendingPreKey":{"signedKeyId":1,"baseKey":"BVsxnvOCS1qkrm+3UD2xpPPUWVNuRz0NiP1dEt385XAf","preKeyId":3379001}}},"version":"v1"}