{"_sessions":{"BeIx/WlKh5/qrtsw8YCKlXf7NIwQ62UmzFcWEVOhn9dE":{"registrationId":1497997713,"currentRatchet":{"ephemeralKeyPair":{"pubKey":"Bc2D33HjjU8dd/Pe5mFUMAFn42c+l5toAnyt+ImzYKAx","privKey":"eOJs3CVHIwam3JxUUz95wrswNwRFhNJGR1wrcD6yG0s="},"lastRemoteEphemeralKey":"BXgyLZwU6lvWGwCxM0NrrSz6XtuJ5YkR5GiiI5PrUr1k","previousCounter":0,"rootKey":"LBaoR4QXPjxu6KIdebiB+mflBLOfmOOzRpD1CVTPfL4="},"indexInfo":{"baseKey":"BeIx/WlKh5/qrtsw8YCKlXf7NIwQ62UmzFcWEVOhn9dE","baseKeyType":1,"closed":-1,"used":1692405308605,"created":1692405308605,"remoteIdentityKey":"BZBqdbchRmLQTfQ0J0BMYAhfAO2EbxoNIp96P+JA5/hm"},"_chains":{"Bc2D33HjjU8dd/Pe5mFUMAFn42c+l5toAnyt+ImzYKAx":{"chainKey":{"counter":0,"key":"jq0GuYoSgzC5waI3mBBpBJgjuQY3d000iuhFeRCnjWw="},"chainType":1,"messageKeys":{}}},"pendingPreKey":{"signedKeyId":6,"baseKey":"BeIx/WlKh5/qrtsw8YCKlXf7NIwQ62UmzFcWEVOhn9dE","preKeyId":11299502}}},"version":"v1"}