{"_sessions":{"BeU2Z9IBq/C3v0kbGT9rBbz7QQeYhzMtJGliTg/guVtg":{"registrationId":51,"currentRatchet":{"ephemeralKeyPair":{"pubKey":"BU+Z9X2/oKParVdOyzIVAM6llTPZYxqSm01hPeEpHWIC","privKey":"6Pf8PN3yoyxXiwWgzGSgFwWpdgz/+o0goUsmSVK0sHA="},"lastRemoteEphemeralKey":"Bbis/dLERYBtAo5nxD+W4jRmGNgxN/31SbWsHn6PlEUP","previousCounter":0,"rootKey":"YhXJS5hnSaCOTWp4EPPJW2XzmXYgb1lqtqAlP10mCx8="},"indexInfo":{"baseKey":"BeU2Z9IBq/C3v0kbGT9rBbz7QQeYhzMtJGliTg/guVtg","baseKeyType":1,"closed":-1,"used":1692405307867,"created":1692405307867,"remoteIdentityKey":"BbrOlPxTFU4lvtOL+212BHzAWSk9UZCtORuGwSNc6lwq"},"_chains":{"BU+Z9X2/oKParVdOyzIVAM6llTPZYxqSm01hPeEpHWIC":{"chainKey":{"counter":0,"key":"wc5KSyfnmU6leOMJKl6AP6bJgQLm4cypOzR+kIkAYZU="},"chainType":1,"messageKeys":{}}},"pendingPreKey":{"signedKeyId":1,"baseKey":"BeU2Z9IBq/C3v0kbGT9rBbz7QQeYhzMtJGliTg/guVtg"}}},"version":"v1"}