{"_sessions":{"BSizBfn/euk77MljTiwR1P9YAjxB+nhp9FpuoldusDMs":{"registrationId":1591243168,"currentRatchet":{"ephemeralKeyPair":{"pubKey":"BXmqlSSBHZPQPM2UsjvHX1XoDc1w0xtMcrNA1wxuPDc5","privKey":"aMQp4jkmOlQd+FbXivMXjNn8vpbL9plOMLm/9q7Gu30="},"lastRemoteEphemeralKey":"BaUUP4kOlIfX7e3z3ervjW/mZwQwFYDorpAyF3waBOEk","previousCounter":0,"rootKey":"9ErsheYHfZAx5/oWyEYr1AyIbMz+yESmeXplGOlmjEM="},"indexInfo":{"baseKey":"BSizBfn/euk77MljTiwR1P9YAjxB+nhp9FpuoldusDMs","baseKeyType":1,"closed":-1,"used":1692405308545,"created":1692405308545,"remoteIdentityKey":"Bd5VQkHf9uhyBCBh+kY02snRWB2QX3J2IzozgIdOYnEp"},"_chains":{"BXmqlSSBHZPQPM2UsjvHX1XoDc1w0xtMcrNA1wxuPDc5":{"chainKey":{"counter":0,"key":"tRt/3oNaifadRBVPFFiR9l7rI7n6M2nE8TRISkM7pTI="},"chainType":1,"messageKeys":{}}},"pendingPreKey":{"signedKeyId":1,"baseKey":"BSizBfn/euk77MljTiwR1P9YAjxB+nhp9FpuoldusDMs","preKeyId":4319012}}},"version":"v1"}