{"_sessions":{"BYTO/RFaDE9hDz0a+hIRBqEhkrXZ1kNqM+CajK+b8xAb":{"registrationId":60977314,"currentRatchet":{"ephemeralKeyPair":{"pubKey":"BceNIutAuzstkCgWfJbjmK4sD7SnBUzE8YUtB9xOQMFP","privKey":"4E0SrF5LWJVAGazd+il5gwVHgKox5GH4WJp66xQqVVo="},"lastRemoteEphemeralKey":"BZoQAgt+bFW29nbHRofK152zGX0FO6OmVFsIu0FfdH0U","previousCounter":0,"rootKey":"Wck3C4RlJKOzLah4n7wbDghdwjoKfKOtUKMDJGFwSUg="},"indexInfo":{"baseKey":"BYTO/RFaDE9hDz0a+hIRBqEhkrXZ1kNqM+CajK+b8xAb","baseKeyType":1,"closed":-1,"used":1692405310597,"created":1692405310597,"remoteIdentityKey":"BQw03Kv/8/R7bSnkG1Uu8I+ZUdq2lrrTnW+h7RwJNFVv"},"_chains":{"BceNIutAuzstkCgWfJbjmK4sD7SnBUzE8YUtB9xOQMFP":{"chainKey":{"counter":0,"key":"Of/cGptvOb58OlukXIJikmd//ABm2ATvxpaBq5hEgm0="},"chainType":1,"messageKeys":{}}},"pendingPreKey":{"signedKeyId":2,"baseKey":"BYTO/RFaDE9hDz0a+hIRBqEhkrXZ1kNqM+CajK+b8xAb","preKeyId":1826245}}},"version":"v1"}