{"_sessions":{"Bb00URgxZST6PmFzlsczLrIlxwtdFaYXeMIXMfT/08k1":{"registrationId":38,"currentRatchet":{"ephemeralKeyPair":{"pubKey":"BRw28I1I93P6uvA2p5oLTPhsHJZPLF521IcsZX5uUA1q","privKey":"QJV1vq0fs59Uhl+RX9cfN6Ehp/x9idh9Xdje5suYKFU="},"lastRemoteEphemeralKey":"BQSVCKza7bUbErCAew+wyfrhnPTdF6NvyIXy6yewoS1l","previousCounter":0,"rootKey":"o0ZW+14DpjYGNWmQuMpf52JN5exDIjVR0ecDFWcao68="},"indexInfo":{"baseKey":"Bb00URgxZST6PmFzlsczLrIlxwtdFaYXeMIXMfT/08k1","baseKeyType":1,"closed":-1,"used":1692405308215,"created":1692405308215,"remoteIdentityKey":"BVr2oNiIIGwPhCZX52kr5Kk+kFCmRifjCcNJsbSu2aQ5"},"_chains":{"BRw28I1I93P6uvA2p5oLTPhsHJZPLF521IcsZX5uUA1q":{"chainKey":{"counter":0,"key":"/6PrvsPfqbJK5b3Ssd1DnmYmrJhE3nHnrPDTHREzVfk="},"chainType":1,"messageKeys":{}}},"pendingPreKey":{"signedKeyId":1,"baseKey":"Bb00URgxZST6PmFzlsczLrIlxwtdFaYXeMIXMfT/08k1","preKeyId":101}}},"version":"v1"}