{"_sessions":{"BR1PTaltU2T8Rf9LnU6ArGUJBZvOqE7lEWRiadlUamsf":{"registrationId":268527558,"currentRatchet":{"ephemeralKeyPair":{"pubKey":"Bcm5L6YTNbmKFUcnA1qZuVLEptH9w2hgFO8aV+kg0NBz","privKey":"UFCnmXdclPc6zaoNz8aIGUwlEmMDBOW7bFeBAxhTM10="},"lastRemoteEphemeralKey":"BQmKipfbvHHGFCPqZ0oEXeOoRw24vdsyjgJYL4lGBfhL","previousCounter":0,"rootKey":"JM22I1EjNIKEYsZE9G8JypJHaH6YsoYXPRh+6+i3uV8="},"indexInfo":{"baseKey":"BR1PTaltU2T8Rf9LnU6ArGUJBZvOqE7lEWRiadlUamsf","baseKeyType":1,"closed":-1,"used":1692405309064,"created":1692405309064,"remoteIdentityKey":"BTTZE5BmKUsOvyzygyFUiXxyfOHcFujV+XEeFSrqDbwy"},"_chains":{"Bcm5L6YTNbmKFUcnA1qZuVLEptH9w2hgFO8aV+kg0NBz":{"chainKey":{"counter":0,"key":"ofuQXAzVko8hLn6PrgGL/NuRRduQGMjJm4c9OqrU+1U="},"chainType":1,"messageKeys":{}}},"pendingPreKey":{"signedKeyId":30,"baseKey":"BR1PTaltU2T8Rf9LnU6ArGUJBZvOqE7lEWRiadlUamsf","preKeyId":9794579}}},"version":"v1"}