{"_sessions":{"BVo8mRb+5s/HHU/1PKVnAWvwpVq/ZbBFRQ+Va2Vcx0B1":{"registrationId":640859367,"currentRatchet":{"ephemeralKeyPair":{"pubKey":"Bc6ClUjfvyp1j5Ezy7sekoJWeB8+pqSgyCACF/dJVmJT","privKey":"aH6WOyLA9krUcopFoD/MOZlUJo+cduCYq1WnngMfhUs="},"lastRemoteEphemeralKey":"BR+TE4wJ13dBTverHrkfB/myl74BK0vhMh3wqNjwREgv","previousCounter":0,"rootKey":"Fnzb4Fo7RIsiw4lTH8FjnDIYvtLbCYB7f70UFpJqaV4="},"indexInfo":{"baseKey":"BVo8mRb+5s/HHU/1PKVnAWvwpVq/ZbBFRQ+Va2Vcx0B1","baseKeyType":1,"closed":-1,"used":1692405309650,"created":1692405309650,"remoteIdentityKey":"BVRIBZ54Ch8Asf0ypRZDvYhYhT4x20Y2+4wsAutqVZsz"},"_chains":{"Bc6ClUjfvyp1j5Ezy7sekoJWeB8+pqSgyCACF/dJVmJT":{"chainKey":{"counter":0,"key":"yxe6VXV4LsyI5viBnm4GdIHroIM/fSZFu2sC3PM0kuc="},"chainType":1,"messageKeys":{}}},"pendingPreKey":{"signedKeyId":3,"baseKey":"BVo8mRb+5s/HHU/1PKVnAWvwpVq/ZbBFRQ+Va2Vcx0B1","preKeyId":2422292}}},"version":"v1"}