{"_sessions":{"BcbwIImXg3Dn9NzoaN0KHF8SryWl0buu7mNOX4n/LZsD":{"registrationId":86200209,"currentRatchet":{"ephemeralKeyPair":{"pubKey":"BcTJI3EUeAszs1+DcUSL4qh0QYP8aU32awNsrGfxl8cU","privKey":"qBSaoIcMa9KC655m6Y7rsWSjV2o4lZSN3HU5ZqYPs30="},"lastRemoteEphemeralKey":"BQf6B8UktbnQmnozVlhaPS+1t2zGWBnBep+1261I5LJ/","previousCounter":0,"rootKey":"9F+jsI8Iqpn4RW9kx/1P94P16BffiEyTiRDtICW88kw="},"indexInfo":{"baseKey":"BcbwIImXg3Dn9NzoaN0KHF8SryWl0buu7mNOX4n/LZsD","baseKeyType":1,"closed":-1,"used":1692405309710,"created":1692405309710,"remoteIdentityKey":"BTKdOcOepsFJA9JizOSYqR9uhdKpJ2o1WhNFY8HJ/xV9"},"_chains":{"BcTJI3EUeAszs1+DcUSL4qh0QYP8aU32awNsrGfxl8cU":{"chainKey":{"counter":0,"key":"uw9mL6a3YeT8GCto1Ttl1ahmboPA2f/9JVCZOFxskOc="},"chainType":1,"messageKeys":{}}},"pendingPreKey":{"signedKeyId":2,"baseKey":"BcbwIImXg3Dn9NzoaN0KHF8SryWl0buu7mNOX4n/LZsD","preKeyId":13382860}}},"version":"v1"}