{"_sessions":{"Bd2De2fIHipkkZlnuHmC6nhQoNlH3eOchYIA7hfw5q9S":{"registrationId":1780,"currentRatchet":{"ephemeralKeyPair":{"pubKey":"BZfCcRls869z0yY7PzokrNAP2lwXHyu6BoeE3dxoILpD","privKey":"WEXefAV3y1LvyOFZh1zVtw36G8k2AhTEiS6wmVHf4HA="},"lastRemoteEphemeralKey":"BVTVSocX4+kVUjLUbGIS/mBHPkZ0dkHZMTPxM2Vg8aAd","previousCounter":0,"rootKey":"XCu8aztjB7IaWE7ryvNr0FkoWyyYIkWZY16a5CwO5R8="},"indexInfo":{"baseKey":"Bd2De2fIHipkkZlnuHmC6nhQoNlH3eOchYIA7hfw5q9S","baseKeyType":1,"closed":-1,"used":1692405307857,"created":1692405307857,"remoteIdentityKey":"BX2BadBfCbKKhcFOykdO8/SuuEb2a7Ke58oSFVIYfewg"},"_chains":{"BZfCcRls869z0yY7PzokrNAP2lwXHyu6BoeE3dxoILpD":{"chainKey":{"counter":0,"key":"AE0fswDvtINiN76b/O6eFMU5EunjmaQzB9hr0l0sxG4="},"chainType":1,"messageKeys":{}}},"pendingPreKey":{"signedKeyId":1,"baseKey":"Bd2De2fIHipkkZlnuHmC6nhQoNlH3eOchYIA7hfw5q9S"}}},"version":"v1"}