{"_sessions":{"BZuNh1y/g0v9ta97b4HBa2uV1SKlKpnH+NVifLLD+DVs":{"registrationId":566284137,"currentRatchet":{"ephemeralKeyPair":{"pubKey":"BXLJFzQcRKO5waGTDfIPy7c1eSJIenNEp9bGInsDxBAT","privKey":"EHsYI+wEssEAIfV2bSMAuVI0RPYzZbnXWL/3plejo0I="},"lastRemoteEphemeralKey":"BSo2ne1kWD1xstrKp9zBcUPu/dVIoAgdKWJOQWKjktRV","previousCounter":0,"rootKey":"l6aJ6jgcynVAH2vobU5tHJ9ZxpKqD/Qs5wFFE/CeEfc="},"indexInfo":{"baseKey":"BZuNh1y/g0v9ta97b4HBa2uV1SKlKpnH+NVifLLD+DVs","baseKeyType":1,"closed":-1,"used":1692405309675,"created":1692405309675,"remoteIdentityKey":"BewPIR9EIyrfj8fPYZ1M3G9+dSXXoG2LUCVZtvvNF3VG"},"_chains":{"BXLJFzQcRKO5waGTDfIPy7c1eSJIenNEp9bGInsDxBAT":{"chainKey":{"counter":0,"key":"crbijwZhTIpyYhhakojrEi1D9VZZIanl7huEhrDpFAw="},"chainType":1,"messageKeys":{}}},"pendingPreKey":{"signedKeyId":4,"baseKey":"BZuNh1y/g0v9ta97b4HBa2uV1SKlKpnH+NVifLLD+DVs","preKeyId":16097958}}},"version":"v1"}