{"_sessions":{"BcCRuHgSQBKiGXXKfIonS4YchQh6OPB3EsbCqLGhGAQW":{"registrationId":1981148743,"currentRatchet":{"ephemeralKeyPair":{"pubKey":"BdzzvZWU19ADsvQKfj0pg6SFrHt3mf/HCSBSKcgdCJk8","privKey":"SFtcenCcHgFhqFAf5o3/VzJAZY6KzE/Qi+3c8lwj5Go="},"lastRemoteEphemeralKey":"Be5ZDrVksW0Wyixh9b2OxWlMWrrxufgc3rhcK3vQInEA","previousCounter":0,"rootKey":"V+5yJpk7UJSsfI0Q4YXNDFaa+0MnvZfG+51pKl8vw6U="},"indexInfo":{"baseKey":"BcCRuHgSQBKiGXXKfIonS4YchQh6OPB3EsbCqLGhGAQW","baseKeyType":1,"closed":-1,"used":1692405309114,"created":1692405309114,"remoteIdentityKey":"Ba/ZWxa3LlaZITeZEXoeT/pTz7PiDjYWQ3bnI2nVYL9Q"},"_chains":{"BdzzvZWU19ADsvQKfj0pg6SFrHt3mf/HCSBSKcgdCJk8":{"chainKey":{"counter":0,"key":"nE46KaJTB1DtnYxl8LcMpb5f+0rDc4KETZgegnzksRk="},"chainType":1,"messageKeys":{}}},"pendingPreKey":{"signedKeyId":0,"baseKey":"BcCRuHgSQBKiGXXKfIonS4YchQh6OPB3EsbCqLGhGAQW","preKeyId":7272242}}},"version":"v1"}