{"_sessions":{"BbKyLmJqfvqh+DGe4Ot3f2ufeRv5eeMAW+3GRKALVpNA":{"registrationId":517362260,"currentRatchet":{"ephemeralKeyPair":{"pubKey":"BUaZhiK0BSOG87WzUqftLik/8jx5FIi21PJkWylx6vFm","privKey":"YJBjVAiBvuLM0gpNXpATOlSrleCYOzL6CXZhvcXWGUM="},"lastRemoteEphemeralKey":"BbEgn8W4qFB65Sr/p59mA19wOUp2cp7DJnrbyWOK03Vh","previousCounter":0,"rootKey":"TakYMsMVfUBUTlpWRxDM+ltIc+5tCRde7uUVqDW3MMk="},"indexInfo":{"baseKey":"BbKyLmJqfvqh+DGe4Ot3f2ufeRv5eeMAW+3GRKALVpNA","baseKeyType":1,"closed":-1,"used":1692405310121,"created":1692405310121,"remoteIdentityKey":"BTruZgceTb10CUy6y616hq3OZtHTChlkFO2JDA/0QGAh"},"_chains":{"BUaZhiK0BSOG87WzUqftLik/8jx5FIi21PJkWylx6vFm":{"chainKey":{"counter":0,"key":"+PramkU8hPIuQ4MHCaxdiXGV1TiIT+SGvE5FsEJZbgY="},"chainType":1,"messageKeys":{}}},"pendingPreKey":{"signedKeyId":1,"baseKey":"BbKyLmJqfvqh+DGe4Ot3f2ufeRv5eeMAW+3GRKALVpNA","preKeyId":3301921}}},"version":"v1"}