{"_sessions":{"BVLCSUn3/4bhzUIL+5EPBJAw+28gNFOKttlJVLzcdF1T":{"registrationId":11042878,"currentRatchet":{"ephemeralKeyPair":{"pubKey":"BaW79G+u1jv22ii+IqSrEcGAg0nTLbAtaTf6YHfiCcwh","privKey":"mNitRI3r7rDiFVoglmCU5kNC8hkFk+pfeeOvD0cCv3o="},"lastRemoteEphemeralKey":"BZcSaXs8GBG3jeiJ9sHrkDnzY4HWjuj8cs/Z4UKAJiw3","previousCounter":0,"rootKey":"TECPOIk8q5/tvUvpb9HnbH8AZ8vfXL2n2oG9koMZMik="},"indexInfo":{"baseKey":"BVLCSUn3/4bhzUIL+5EPBJAw+28gNFOKttlJVLzcdF1T","baseKeyType":1,"closed":-1,"used":1692405310447,"created":1692405310447,"remoteIdentityKey":"BSRFI5T/DsIf9e1JBstlDcxbWEpe3Fn/ij7qhIRH37sR"},"_chains":{"BaW79G+u1jv22ii+IqSrEcGAg0nTLbAtaTf6YHfiCcwh":{"chainKey":{"counter":0,"key":"dSqRjIVo2BfMlp74GJFjPkgliGG+jddB7KLYUBR3/xM="},"chainType":1,"messageKeys":{}}},"pendingPreKey":{"signedKeyId":11,"baseKey":"BVLCSUn3/4bhzUIL+5EPBJAw+28gNFOKttlJVLzcdF1T","preKeyId":8852461}}},"version":"v1"}