{"_sessions":{"BakQ8xtnEYGKvH+wSeX6RrCRJD+kYqqEj3pTJEv5txMq":{"registrationId":1771612052,"currentRatchet":{"ephemeralKeyPair":{"pubKey":"BYOHODyCCo7ZtSNDwpV9a31IrI1myOjWsh2I1guxJHNq","privKey":"CJJI+4cBaYJEdfZUUqZuXnAbIT2X/caXCZNQP/AX7EE="},"lastRemoteEphemeralKey":"Bdx1jZA3wQD24OSjqfp5lNibZdpHIWvPeYWdaeWT87Ee","previousCounter":0,"rootKey":"CpNDMT+qGz0Pdy4cHowM5esZ5adIeWTCb66wmRsMWug="},"indexInfo":{"baseKey":"BakQ8xtnEYGKvH+wSeX6RrCRJD+kYqqEj3pTJEv5txMq","baseKeyType":1,"closed":-1,"used":1692405309590,"created":1692405309590,"remoteIdentityKey":"BeASSO4lvlC359aMZSwslEkaOtpLHrtB2OKk2I0xYWd4"},"_chains":{"BYOHODyCCo7ZtSNDwpV9a31IrI1myOjWsh2I1guxJHNq":{"chainKey":{"counter":0,"key":"Nd0M5UviBxmrOqNaaw4Q5SySDlu02muBXSXn/u/boTI="},"chainType":1,"messageKeys":{}}},"pendingPreKey":{"signedKeyId":1,"baseKey":"BakQ8xtnEYGKvH+wSeX6RrCRJD+kYqqEj3pTJEv5txMq","preKeyId":2388760}}},"version":"v1"}