{"_sessions":{"Bayi19Fg1nmxf43BoDOWWBHmREJ0SdZkXh8rWO5nMuVO":{"registrationId":10779,"currentRatchet":{"ephemeralKeyPair":{"pubKey":"Bd/6dTLfG6GQKVSWJ82rHqfEm5baYxFM6oRrm7yEVglz","privKey":"gKbTxbkFRvu5vAAZsFWegE/QiLTr4pGbZ+TxHRuSiHo="},"lastRemoteEphemeralKey":"BftFa/gw/YHOPa4dzjzjOvoKQoIqB/oZBpBtvDmRT7BN","previousCounter":0,"rootKey":"ZeMI1dDa68PvSg59kFD7pGe1yDyy/oatt/QBXz4U15Q="},"indexInfo":{"baseKey":"Bayi19Fg1nmxf43BoDOWWBHmREJ0SdZkXh8rWO5nMuVO","baseKeyType":1,"closed":-1,"used":1692405307979,"created":1692405307979,"remoteIdentityKey":"BbRqzYyZm64NX71jn/BEwgoNPg+IgPta7OlZP+VZ71dL"},"_chains":{"Bd/6dTLfG6GQKVSWJ82rHqfEm5baYxFM6oRrm7yEVglz":{"chainKey":{"counter":0,"key":"5gHkG7q/2cbXnIUxL+2EtHyShW01M9M16XZfwtQi+IU="},"chainType":1,"messageKeys":{}}},"pendingPreKey":{"signedKeyId":1,"baseKey":"Bayi19Fg1nmxf43BoDOWWBHmREJ0SdZkXh8rWO5nMuVO"}}},"version":"v1"}