{"_sessions":{"Bdwqkq9aQxriwb6o3mmGXEolyrBOKhJmartxNn/1lTkz":{"registrationId":171,"currentRatchet":{"ephemeralKeyPair":{"pubKey":"BV1IiA2w/pYnUaxuxdiIIilGkBHiR+oG1YBnje7wY0AU","privKey":"2NRZ8+v4w5uuoeGClOtbkZ+PRIRvqJ/wETv9GDp8Cns="},"lastRemoteEphemeralKey":"BY/9sqTkyFIul9uqmIOdrKUOYoHK1rdPE4XVjvfHIY1Q","previousCounter":0,"rootKey":"gf2OmhcAwgvGU4uXS3QXqfefV+bgQZM/VLd+mmFjLyQ="},"indexInfo":{"baseKey":"Bdwqkq9aQxriwb6o3mmGXEolyrBOKhJmartxNn/1lTkz","baseKeyType":1,"closed":-1,"used":1692405307984,"created":1692405307984,"remoteIdentityKey":"Bfsi/bVMzCJMAIRGcV0ZOHJSQv74Ar1bMttXi5sjFCdh"},"_chains":{"BV1IiA2w/pYnUaxuxdiIIilGkBHiR+oG1YBnje7wY0AU":{"chainKey":{"counter":0,"key":"+QttTEZZNzbJAfHQBHBb8o0tZSsFnY8dXXD1iwV1Xwg="},"chainType":1,"messageKeys":{}}},"pendingPreKey":{"signedKeyId":1,"baseKey":"Bdwqkq9aQxriwb6o3mmGXEolyrBOKhJmartxNn/1lTkz"}}},"version":"v1"}