{"_sessions":{"Be/vyhv9jkES2Gy39lvzkLkze30Wu8HURfftL083z6U2":{"registrationId":784604845,"currentRatchet":{"ephemeralKeyPair":{"pubKey":"BRLzh+XdjSlA+RuvEP8LL5t5IKu48rBJQpT9CQ1k+6cN","privKey":"APutAIYK81CvLlEw3Fm4gKNFzTBrSZQUXGIF9hdv2Wk="},"lastRemoteEphemeralKey":"BdFq6a38ZBXpbTjGsAU5YNYUZnIzVCpo4UdqgxjI50Ig","previousCounter":0,"rootKey":"KisDQNMx7C5QaO4J+OyO4PFJbzWw34UMvV2XLyGbRU8="},"indexInfo":{"baseKey":"Be/vyhv9jkES2Gy39lvzkLkze30Wu8HURfftL083z6U2","baseKeyType":1,"closed":-1,"used":1692405309861,"created":1692405309861,"remoteIdentityKey":"BRztHHbmUWeod+f5uKv3a4WW5u9yQX16JuLULYeSUGlQ"},"_chains":{"BRLzh+XdjSlA+RuvEP8LL5t5IKu48rBJQpT9CQ1k+6cN":{"chainKey":{"counter":0,"key":"vyK+N9F/JzXuDoU2taTr5PqkkuNy8+pF/XePfWf2N68="},"chainType":1,"messageKeys":{}}},"pendingPreKey":{"signedKeyId":0,"baseKey":"Be/vyhv9jkES2Gy39lvzkLkze30Wu8HURfftL083z6U2","preKeyId":16570827}}},"version":"v1"}