{"_sessions":{"BRcMpoY7eU54m9M9nXr8aei5ex4llU7o0FnviwhzrOMR":{"registrationId":15385,"currentRatchet":{"ephemeralKeyPair":{"pubKey":"BahwKDBpBUbmcs0+UIETYK0jX3kOYk69rMJotbMJ3cEm","privKey":"4JCKPK/ea1MnN3Jeoq6az4s8Ef1v7dHa2btrEeDlMnk="},"lastRemoteEphemeralKey":"BYwhzVIgZbbqUuHEcXf29L6+ykwHuz38C48W00YW5YwC","previousCounter":0,"rootKey":"2xslLZd8ZPd1QXheH8loiKSp6x2di5HaABbltf1iQMw="},"indexInfo":{"baseKey":"BRcMpoY7eU54m9M9nXr8aei5ex4llU7o0FnviwhzrOMR","baseKeyType":1,"closed":-1,"used":1692405308028,"created":1692405308028,"remoteIdentityKey":"BVaV2TTAt3bCQAOS6H3IqjaBfiADqveGVjF8Y7OwEfYL"},"_chains":{"BahwKDBpBUbmcs0+UIETYK0jX3kOYk69rMJotbMJ3cEm":{"chainKey":{"counter":0,"key":"5dOzbgWk2OmMLXRhpbyqVESFmzzIcgopQcGm4hs6238="},"chainType":1,"messageKeys":{}}},"pendingPreKey":{"signedKeyId":1,"baseKey":"BRcMpoY7eU54m9M9nXr8aei5ex4llU7o0FnviwhzrOMR"}}},"version":"v1"}