{"_sessions":{"BWMQUMWfZDxvRKS6rll9HIwVGIUpDMAtICnHqZFvy24Q":{"registrationId":247,"currentRatchet":{"ephemeralKeyPair":{"pubKey":"BQFjLQjL956VBQ+hT7ac2tKPAYZRafBjIp/WNVDcbIQg","privKey":"eLWlw6P8z7sUvj7+3uHWSBc5ol3redKKK8UhOI7v0Gk="},"lastRemoteEphemeralKey":"BSxj60krT2TTQ8+VjZjPGj7EyTa5I2EBBLqPF4z565N3","previousCounter":0,"rootKey":"vVuUlz/eXFlnJQRHWfGlQUYu29RvbpOFT45Ih21kfzI="},"indexInfo":{"baseKey":"BWMQUMWfZDxvRKS6rll9HIwVGIUpDMAtICnHqZFvy24Q","baseKeyType":1,"closed":-1,"used":1692405307847,"created":1692405307847,"remoteIdentityKey":"BUZW6ZAgLUlM6AkwxJCAS79Ql/x1gF7qD0C7y6oTKINS"},"_chains":{"BQFjLQjL956VBQ+hT7ac2tKPAYZRafBjIp/WNVDcbIQg":{"chainKey":{"counter":0,"key":"C/x6FdhImviuuUSCjGemUfaqfgXSkB7Ec6SvkyYOrcI="},"chainType":1,"messageKeys":{}}},"pendingPreKey":{"signedKeyId":1,"baseKey":"BWMQUMWfZDxvRKS6rll9HIwVGIUpDMAtICnHqZFvy24Q"}}},"version":"v1"}