{"_sessions":{"BYc8CokVHCpOsZnMckJjhtV/Is0j+dEIlMALyKlTj+df":{"registrationId":194271699,"currentRatchet":{"ephemeralKeyPair":{"pubKey":"BcO41YeM3zECan4JJm3mb3oxXA9AOSdAM8U8+t4tX98k","privKey":"sAYjkDEmsU4LgHdYKeAO5kQZAOaBcEq/XflFRSrpqWY="},"lastRemoteEphemeralKey":"BYxApbRB0Z3USoaJYdodlLIgrPPFOP7VAZCBh5lOAst/","previousCounter":0,"rootKey":"O+iYezJ7Hq/Yu2TYbV1AwdWfMWGiR8sc7N31LRlHDME="},"indexInfo":{"baseKey":"BYc8CokVHCpOsZnMckJjhtV/Is0j+dEIlMALyKlTj+df","baseKeyType":1,"closed":-1,"used":1692405308687,"created":1692405308687,"remoteIdentityKey":"BfazmJeVda3zVcZ5G1lG2FH3Lj3x9TrMPFOUUCI1MBsB"},"_chains":{"BcO41YeM3zECan4JJm3mb3oxXA9AOSdAM8U8+t4tX98k":{"chainKey":{"counter":0,"key":"BMVxsN9PvcUZh5VJbxTtpXa/Kmovxw67fGSH65rsaf8="},"chainType":1,"messageKeys":{}}},"pendingPreKey":{"signedKeyId":32,"baseKey":"BYc8CokVHCpOsZnMckJjhtV/Is0j+dEIlMALyKlTj+df","preKeyId":1597399}}},"version":"v1"}