{"_sessions":{"BR3VmSfwu9BBVYtSyrjKrVLP3bw7k63oDJ8xlVi+q3Ud":{"registrationId":16254,"currentRatchet":{"ephemeralKeyPair":{"pubKey":"BWtsx9d8267oChYCg5D8dmOVZNI2dSK7wDFyu7+46B8Z","privKey":"6FmT1Fqsnfjgc7rCcBIrsWyfPRUOQq3/N0pUIvmuj0w="},"lastRemoteEphemeralKey":"BSku8mF9nZ5YYJbrxp2cxMKvHxL4U/Jqfy3Hy9ES8rJI","previousCounter":0,"rootKey":"RRe7gEyxTryOEJ1d+sIZ/I3uLMW8KBYrFmWskc+fEKY="},"indexInfo":{"baseKey":"BR3VmSfwu9BBVYtSyrjKrVLP3bw7k63oDJ8xlVi+q3Ud","baseKeyType":1,"closed":-1,"used":1692405308509,"created":1692405308509,"remoteIdentityKey":"BVFqZkELPmr041+Ss0QdbA1giRuZwjkWM0qEydNmKocq"},"_chains":{"BWtsx9d8267oChYCg5D8dmOVZNI2dSK7wDFyu7+46B8Z":{"chainKey":{"counter":0,"key":"NBoq48odgMqFkcRZ1VlpKjtjzCyYTKlOlrNck8XQGRc="},"chainType":1,"messageKeys":{}}},"pendingPreKey":{"signedKeyId":1,"baseKey":"BR3VmSfwu9BBVYtSyrjKrVLP3bw7k63oDJ8xlVi+q3Ud"}}},"version":"v1"}