{"_sessions":{"BanehbFGY+lqHg213IJCro0Xj+dCCXMBBy5NacSVlIwm":{"registrationId":785582964,"currentRatchet":{"ephemeralKeyPair":{"pubKey":"BTq0k5g3kKZSdZLAB9v0r/5ByiigipRE13vvRqyMXcMD","privKey":"iPabrGUBPkR108MKvX6NwbH1Jv7jH41SqiSuJO5EpV0="},"lastRemoteEphemeralKey":"BTY8QSsDNdNj1uyiL9q5qGVUAVlAK9GlXNDE7i0nvE8E","previousCounter":0,"rootKey":"BGMcXhqslLDNke4I7Ly9yxzdl+jHbggoXHe8Tk4CtvM="},"indexInfo":{"baseKey":"BanehbFGY+lqHg213IJCro0Xj+dCCXMBBy5NacSVlIwm","baseKeyType":1,"closed":-1,"used":1692405308716,"created":1692405308716,"remoteIdentityKey":"BdZncrP4EzkAjCE3oackLUSVJ8b0dZKzCKCwelDYc7QY"},"_chains":{"BTq0k5g3kKZSdZLAB9v0r/5ByiigipRE13vvRqyMXcMD":{"chainKey":{"counter":0,"key":"O5Cxabnz/ruL0gDI/ccmrtBT4Vw9fh5w3ZQLHERI+xk="},"chainType":1,"messageKeys":{}}},"pendingPreKey":{"signedKeyId":6,"baseKey":"BanehbFGY+lqHg213IJCro0Xj+dCCXMBBy5NacSVlIwm","preKeyId":3144909}}},"version":"v1"}