{"_sessions":{"Bdve8SHfbvR5wxkJ93qsg8GA61FWiRE1R19FObJkYitn":{"registrationId":2566,"currentRatchet":{"ephemeralKeyPair":{"pubKey":"BRdtz7ajbHAr4R+2/PZ8cSCEfoqfVus1JCvFOU1/tKIt","privKey":"EMcgKCvffyVk88+oiDiI7xPHSEaNIIadpgR0DKqbSn4="},"lastRemoteEphemeralKey":"BXAzTPPgNqEWcdDyjL0zm2o8CL8LOiTXhqNz+mxl+kQM","previousCounter":0,"rootKey":"3xQGlySt6llFCgkBWC+Sj1xDjvVSa6RPLuDALdtnic0="},"indexInfo":{"baseKey":"Bdve8SHfbvR5wxkJ93qsg8GA61FWiRE1R19FObJkYitn","baseKeyType":1,"closed":-1,"used":1692405308453,"created":1692405308453,"remoteIdentityKey":"BUV/aXGMmdxVo4Vf0WOrd9LUGkF6JrpB05TrofLWPf8X"},"_chains":{"BRdtz7ajbHAr4R+2/PZ8cSCEfoqfVus1JCvFOU1/tKIt":{"chainKey":{"counter":0,"key":"twH5hvAK29DGM3tBABkBlFo8stGAE3NMaGaCPoYRjBs="},"chainType":1,"messageKeys":{}}},"pendingPreKey":{"signedKeyId":1,"baseKey":"Bdve8SHfbvR5wxkJ93qsg8GA61FWiRE1R19FObJkYitn","preKeyId":236}}},"version":"v1"}