{"_sessions":{"BdHyLD405P35TjvvJDO00wP8uD/aL378fska4NiGQnoP":{"registrationId":186,"currentRatchet":{"ephemeralKeyPair":{"pubKey":"BW6Zuy0gALVRwM/c8UTDNztM8zyqPCQDIf0uiabzUlgA","privKey":"QOjP3exIz+59rfTNZeBfc15+HtfNyFRYY5YErblGc34="},"lastRemoteEphemeralKey":"BSvKbiB8bqh24+waeDlaB0ntLxRKsKezALuLJ13MIbs5","previousCounter":0,"rootKey":"An5rww4yHt/6sCUYYKZRARr9z2nNaKPLynGyF94H8E8="},"indexInfo":{"baseKey":"BdHyLD405P35TjvvJDO00wP8uD/aL378fska4NiGQnoP","baseKeyType":1,"closed":-1,"used":1692405308208,"created":1692405308208,"remoteIdentityKey":"BdSwf0sLE2hePJ7iTYyixpi8tMmq3lnH8iSPsIRdPPcn"},"_chains":{"BW6Zuy0gALVRwM/c8UTDNztM8zyqPCQDIf0uiabzUlgA":{"chainKey":{"counter":0,"key":"nAmFHC1LBkzsTpLE5vF8ACY7nC8BqMmUXZ31e9sZlIE="},"chainType":1,"messageKeys":{}}},"pendingPreKey":{"signedKeyId":1,"baseKey":"BdHyLD405P35TjvvJDO00wP8uD/aL378fska4NiGQnoP"}}},"version":"v1"}