{"_sessions":{"Be9dhWBB2WMBR5kwuEM28S1SsjKv+itVpmPCY5gGkHZw":{"registrationId":1840974472,"currentRatchet":{"ephemeralKeyPair":{"pubKey":"BRGFZfksGCJBygpwskLELZwa2MOjkm5Q/8h4gkd+dHES","privKey":"8FISwb1C/40XfThshXJIZUFg9kFeP5bsiqLPe6jAeXg="},"lastRemoteEphemeralKey":"BaBNC7ehzZ+uqNgZn+gwf9q4rn/H6x3pZdoeTY5KRqQV","previousCounter":0,"rootKey":"FJTpkF86IZgPzaXpEAZ4BEN94ST4qPLQrY9seLeq1TE="},"indexInfo":{"baseKey":"Be9dhWBB2WMBR5kwuEM28S1SsjKv+itVpmPCY5gGkHZw","baseKeyType":1,"closed":-1,"used":1692405310400,"created":1692405310400,"remoteIdentityKey":"BZc4uJal6ZRcLa93vilRfCMR2JFQlNOV3+qPy609/Xov"},"_chains":{"BRGFZfksGCJBygpwskLELZwa2MOjkm5Q/8h4gkd+dHES":{"chainKey":{"counter":0,"key":"jaIflECjdqF814Y7mwN+0VP7rkhB0I0by2TlLCqsIY0="},"chainType":1,"messageKeys":{}}},"pendingPreKey":{"signedKeyId":24,"baseKey":"Be9dhWBB2WMBR5kwuEM28S1SsjKv+itVpmPCY5gGkHZw","preKeyId":12126619}}},"version":"v1"}