{"_sessions":{"BXt2LaZCHrrIp2Iiczq/i7JaNZ/MBr71wxq5jb1BBQgl":{"registrationId":1518423655,"currentRatchet":{"ephemeralKeyPair":{"pubKey":"BTllJiljC5sL8fUr/CUlemEKsXBWUwsjG4cJiaI+0lBu","privKey":"OH725MkAI4SFEhwKeBIzAUAmCyZglPGcYFq3ZL5nlXQ="},"lastRemoteEphemeralKey":"BbyL5rAq8dvODPi/ubtkDkZRehX/B4Df6/H6Zq7DmxZz","previousCounter":0,"rootKey":"CI/QVXTSLC2fYBgRugt+yATkl3qN9AsDS3GObjsxjSo="},"indexInfo":{"baseKey":"BXt2LaZCHrrIp2Iiczq/i7JaNZ/MBr71wxq5jb1BBQgl","baseKeyType":1,"closed":-1,"used":1692405309131,"created":1692405309131,"remoteIdentityKey":"BX8ZbVgFY/OnZP1BOWXIY8nkMRaPYMUgsxkoIMC8HwgJ"},"_chains":{"BTllJiljC5sL8fUr/CUlemEKsXBWUwsjG4cJiaI+0lBu":{"chainKey":{"counter":0,"key":"0u2vtEOmiAhwlJdIbTy0hhx27nIIFYkkxK+ZZA0D6fg="},"chainType":1,"messageKeys":{}}},"pendingPreKey":{"signedKeyId":19,"baseKey":"BXt2LaZCHrrIp2Iiczq/i7JaNZ/MBr71wxq5jb1BBQgl","preKeyId":4027856}}},"version":"v1"}