{"_sessions":{"BfW3/I9O+DnuDs7yJTSkAxKys3cD2BthI7G7iVKThh0z":{"registrationId":15276,"currentRatchet":{"ephemeralKeyPair":{"pubKey":"BQwb2EkQsdz7Gyj6Ode7GU4EMyzL0LLcGciqzpFkfXpQ","privKey":"eF3HCw/vV7k9l2FSXDXgXKe9Y2vVAjwBsCT1r3s2iH4="},"lastRemoteEphemeralKey":"BX19HLH/BNBClwpvCzy4B6nWKO18abVYu9Inu4A3oREH","previousCounter":0,"rootKey":"hSSQgpYyrUpS1mYnabjqtgfBuJlaJNTuYINAw6Uu2fA="},"indexInfo":{"baseKey":"BfW3/I9O+DnuDs7yJTSkAxKys3cD2BthI7G7iVKThh0z","baseKeyType":1,"closed":-1,"used":1692405308375,"created":1692405308375,"remoteIdentityKey":"BeEcYmtHqiiwSqiACGcER2XW378r0SvoAvl/e6p5kV1K"},"_chains":{"BQwb2EkQsdz7Gyj6Ode7GU4EMyzL0LLcGciqzpFkfXpQ":{"chainKey":{"counter":0,"key":"uyh9AuWMwMhempcAQGYRNWqpcOys0ULukyA0kY7qTEw="},"chainType":1,"messageKeys":{}}},"pendingPreKey":{"signedKeyId":5,"baseKey":"BfW3/I9O+DnuDs7yJTSkAxKys3cD2BthI7G7iVKThh0z","preKeyId":2477}}},"version":"v1"}