{"_sessions":{"BWyJPmMBed9UAMH5+/rhaATWHquy0irtcIXM7gXXqV8p":{"registrationId":2096348012,"currentRatchet":{"ephemeralKeyPair":{"pubKey":"BTBOkBunpzWA/7bf3poleLCxSTaq2fHheXdpuYJv+Vdf","privKey":"aBx6ySv95bkC8wk3OOSEoyVeQm7NzzPSaxpeyVZpUUk="},"lastRemoteEphemeralKey":"BfwgEkMS2MESZ26oZxBJwi72swENAB87sfGD0pL0ckMG","previousCounter":0,"rootKey":"i3eXcq9lFyRAw93i62lkXePfD88SWw70aP12AvW3FM0="},"indexInfo":{"baseKey":"BWyJPmMBed9UAMH5+/rhaATWHquy0irtcIXM7gXXqV8p","baseKeyType":1,"closed":-1,"used":1692405309694,"created":1692405309694,"remoteIdentityKey":"BbCAvehRlaV5sjG6b+rNbVI8EVkGeUvX2joD8UxX7AE+"},"_chains":{"BTBOkBunpzWA/7bf3poleLCxSTaq2fHheXdpuYJv+Vdf":{"chainKey":{"counter":0,"key":"8fvoOrXzgk4mgBkkPT5HTsjDujwwWuzaWfy5l41o0DA="},"chainType":1,"messageKeys":{}}},"pendingPreKey":{"signedKeyId":5,"baseKey":"BWyJPmMBed9UAMH5+/rhaATWHquy0irtcIXM7gXXqV8p","preKeyId":4593237}}},"version":"v1"}