{"_sessions":{"BY0UBx/V2pe5C4MfTJFeEk419msWVkDUlgadijiLv2UO":{"registrationId":56082080,"currentRatchet":{"ephemeralKeyPair":{"pubKey":"BRrAlmwAaKsNJ5S+3WpEyXlLvi5Fos+oa2sbuxY4xdBU","privKey":"uDRs/1pA/Bv/1wydzh0XdxA1gVNgk0OU68fNN/j6DkE="},"lastRemoteEphemeralKey":"BRl0KbyNd5uXmOW23mWgzDkRDqo01lOKoEanNO4DyK5i","previousCounter":0,"rootKey":"2e32IEz3DDMgG0PyOc4woQ6tF20xXV1Sk/K4miTg/XY="},"indexInfo":{"baseKey":"BY0UBx/V2pe5C4MfTJFeEk419msWVkDUlgadijiLv2UO","baseKeyType":1,"closed":-1,"used":1692405309381,"created":1692405309381,"remoteIdentityKey":"BYhXNCJls5EDg/22hWLgbdjbAFZJRO59QJCygrgEDwch"},"_chains":{"BRrAlmwAaKsNJ5S+3WpEyXlLvi5Fos+oa2sbuxY4xdBU":{"chainKey":{"counter":0,"key":"U3ATV01WocEv50yN5jxvI/7wxvEAfTJimtwGqp0i/Qk="},"chainType":1,"messageKeys":{}}},"pendingPreKey":{"signedKeyId":18,"baseKey":"BY0UBx/V2pe5C4MfTJFeEk419msWVkDUlgadijiLv2UO","preKeyId":1945151}}},"version":"v1"}