{"_sessions":{"BYvbXB7Yu/5x/GW5DIAaQxePN74xxE6P2MDycyCs/uAq":{"registrationId":1147576379,"currentRatchet":{"ephemeralKeyPair":{"pubKey":"BY2E+3SKM4f0U+QSMCgJfBk9YW0ZYcF8sMY+17Lvkt9w","privKey":"AAgMqsvHCuwyE1pBwNbfmKU8/iVHC+kw/FtluxBeuGU="},"lastRemoteEphemeralKey":"BS06n0zujoENsqOJe3kHduJnxgi50Dt7+5ViaNeyGwox","previousCounter":0,"rootKey":"bn47eyFm6itizcenWiX49JV61aOBkvzHuZYznMaVhaA="},"indexInfo":{"baseKey":"BYvbXB7Yu/5x/GW5DIAaQxePN74xxE6P2MDycyCs/uAq","baseKeyType":1,"closed":-1,"used":1692405309925,"created":1692405309925,"remoteIdentityKey":"BZ0sDHiXTlAl9vjl3CugE4yHeWPhbRNDvD/VnsVuwCom"},"_chains":{"BY2E+3SKM4f0U+QSMCgJfBk9YW0ZYcF8sMY+17Lvkt9w":{"chainKey":{"counter":0,"key":"zkYvJXE3a+5qAGzsIJ+avvbT2OnQ4K5+OKvz5h8GIds="},"chainType":1,"messageKeys":{}}},"pendingPreKey":{"signedKeyId":0,"baseKey":"BYvbXB7Yu/5x/GW5DIAaQxePN74xxE6P2MDycyCs/uAq"}}},"version":"v1"}