{"_sessions":{"BbtbGtrR3bg/L0mCRp/ySEE3mxj58ROiasQKts65Sxo5":{"registrationId":456724165,"currentRatchet":{"ephemeralKeyPair":{"pubKey":"BfS2Jswk/PoCRRSda1xc1D44+pOUvliI0NK5SCIrFup7","privKey":"yN1orxlEVcDEfNiDb7rKfcHjFefOplPOVMp8w++zzEs="},"lastRemoteEphemeralKey":"BaR7tLUHsy+Ph02mjtwFt6ma8K7LO5+qs9fI8iOd+Thy","previousCounter":0,"rootKey":"RERmZAgfsY9XViaBzZlbNopyaM7rcbivzGOaZaGapp4="},"indexInfo":{"baseKey":"BbtbGtrR3bg/L0mCRp/ySEE3mxj58ROiasQKts65Sxo5","baseKeyType":1,"closed":-1,"used":1692405308645,"created":1692405308645,"remoteIdentityKey":"BbFL+QFgtkEAGp49FjUSRon71LdZ1Y1c35PR5ekI6Rs2"},"_chains":{"BfS2Jswk/PoCRRSda1xc1D44+pOUvliI0NK5SCIrFup7":{"chainKey":{"counter":0,"key":"Dh46K6vPUihW5y7uC3G9WkuZT/01oGHClnNIeRmYSzM="},"chainType":1,"messageKeys":{}}},"pendingPreKey":{"signedKeyId":4,"baseKey":"BbtbGtrR3bg/L0mCRp/ySEE3mxj58ROiasQKts65Sxo5","preKeyId":11858915}}},"version":"v1"}