{"_sessions":{"BVNoDroT+FlyAOXbL/8oTi1btYT55drzTxM3sMY4EJAv":{"registrationId":765712208,"currentRatchet":{"ephemeralKeyPair":{"pubKey":"BZZLkR+iUfsvWKyiJu0IIGfn6LHtvn6gKy5PAHujYqxp","privKey":"UCcxr967x7HhrtGwZvjnoUj66relO2xA5aej2pTZd2A="},"lastRemoteEphemeralKey":"BZkTivBIH0uIkpNMB7t0vzvcmD0fn4q7KzLFQWs/CAJ1","previousCounter":0,"rootKey":"r4FMpTCXdxKuNzD/jrcDFzYYdwWVn6Su+aYILnBku2k="},"indexInfo":{"baseKey":"BVNoDroT+FlyAOXbL/8oTi1btYT55drzTxM3sMY4EJAv","baseKeyType":1,"closed":-1,"used":1692405309628,"created":1692405309628,"remoteIdentityKey":"BYXCtjWOPz41NMHO20VGOeuk7zkiasZ5TuFXNCZxNFwj"},"_chains":{"BZZLkR+iUfsvWKyiJu0IIGfn6LHtvn6gKy5PAHujYqxp":{"chainKey":{"counter":0,"key":"MD43lfWTfOnuxprO58mXcP2J8/pDTsA3W+m0kc3/GaY="},"chainType":1,"messageKeys":{}}},"pendingPreKey":{"signedKeyId":1,"baseKey":"BVNoDroT+FlyAOXbL/8oTi1btYT55drzTxM3sMY4EJAv","preKeyId":7363769}}},"version":"v1"}