{"_sessions":{"BZSvAaDYxAoO4PVMgdYViWFL52zZYCVw+sBxLVHEXwpb":{"registrationId":171,"currentRatchet":{"ephemeralKeyPair":{"pubKey":"BVVF2GPMB27JFtfOCO/5e+N6pKNi4RiN4PfYmFCz4+w0","privKey":"wGzByD51rTJtHS3yCEcIfNhowGjTM+HW4o4r/Z3Y6X8="},"lastRemoteEphemeralKey":"BZH8oMXUnemhieVv+xXnHHyHH980z5X40N+dsUFl3L8H","previousCounter":0,"rootKey":"5iEugEhAR8k0KDOMay6e5Y3tSj1S7X9CJJ+mPNxOLzI="},"indexInfo":{"baseKey":"BZSvAaDYxAoO4PVMgdYViWFL52zZYCVw+sBxLVHEXwpb","baseKeyType":1,"closed":-1,"used":1692405308418,"created":1692405308418,"remoteIdentityKey":"BT2396AKSsRPalrNOoF/9xJBLA4bRqrYlWl0M14LCg8d"},"_chains":{"BVVF2GPMB27JFtfOCO/5e+N6pKNi4RiN4PfYmFCz4+w0":{"chainKey":{"counter":0,"key":"yEQ07fCehA6g6NIPisZZLKfu4Yxm6ZqfqJBCypx+8bw="},"chainType":1,"messageKeys":{}}},"pendingPreKey":{"signedKeyId":1,"baseKey":"BZSvAaDYxAoO4PVMgdYViWFL52zZYCVw+sBxLVHEXwpb"}}},"version":"v1"}