{"_sessions":{"BVp76LPuR4zjBOwLalA+i5dS/J7uqA8wWbwKGYlrVys5":{"registrationId":548510735,"currentRatchet":{"ephemeralKeyPair":{"pubKey":"BRx8f7iiNFBYtUm3VIv9ki7jvXH170A0EBITXhu0OKUh","privKey":"KNFXxHD8Uqy1N9K0iZUpmMKHdmRuwyNp2IBn5s2j62A="},"lastRemoteEphemeralKey":"BQyUzbd5Z17XqE0CcXYTdxsAPeuD1vNrjTWxgfTZLNUS","previousCounter":0,"rootKey":"6/UilAjm1J+9pBm2A5qtmk8GKzh5EaUIrKNg1mF7oWY="},"indexInfo":{"baseKey":"BVp76LPuR4zjBOwLalA+i5dS/J7uqA8wWbwKGYlrVys5","baseKeyType":1,"closed":-1,"used":1692405308884,"created":1692405308884,"remoteIdentityKey":"BeLPHST2UO3baqPQKYND9R/i0/hwHHTnj9S1n4DMqVNU"},"_chains":{"BRx8f7iiNFBYtUm3VIv9ki7jvXH170A0EBITXhu0OKUh":{"chainKey":{"counter":0,"key":"4lv9UvJamoS9Xx4zMMrDRLh+zZKVeomOwEdVPSvkguo="},"chainType":1,"messageKeys":{}}},"pendingPreKey":{"signedKeyId":33,"baseKey":"BVp76LPuR4zjBOwLalA+i5dS/J7uqA8wWbwKGYlrVys5","preKeyId":15543589}}},"version":"v1"}