{"_sessions":{"BTNV87c9R4GbOnhrIooUHZtmt1H4CK9AJPfX5lWYrKEZ":{"registrationId":1706390949,"currentRatchet":{"ephemeralKeyPair":{"pubKey":"BWbRi/QOhj5DeR049Z82sPP/SRZvFJl4+z15ytBS85UZ","privKey":"wOm/7euW3yExfqckY+eIBDsjwdCNEBwycEH6pfIuB3E="},"lastRemoteEphemeralKey":"BVmfw9ZIea6jwqYldLLSAbFdMn2kRNXdP1EUxb3aOkI6","previousCounter":0,"rootKey":"uCePSX4JocUH1xopZe/AaSd4D//zitTqO6FFsF94lhA="},"indexInfo":{"baseKey":"BTNV87c9R4GbOnhrIooUHZtmt1H4CK9AJPfX5lWYrKEZ","baseKeyType":1,"closed":-1,"used":1692405308239,"created":1692405308239,"remoteIdentityKey":"Bb2MATioN3UFAduoMd0v9LUeLo8t+RY0KazXSPNCcAB3"},"_chains":{"BWbRi/QOhj5DeR049Z82sPP/SRZvFJl4+z15ytBS85UZ":{"chainKey":{"counter":0,"key":"YrYXmsPJ2X8rw7LSlvj0PdpEC2MT+9vnZk0MJrlaUT4="},"chainType":1,"messageKeys":{}}},"pendingPreKey":{"signedKeyId":1,"baseKey":"BTNV87c9R4GbOnhrIooUHZtmt1H4CK9AJPfX5lWYrKEZ"}}},"version":"v1"}