{"_sessions":{"BVGKOwWfCZW/Io37khQfH+dJonvOvuGmRSADOW5oCFRc":{"registrationId":2102331289,"currentRatchet":{"ephemeralKeyPair":{"pubKey":"BXFFRRV0uV6HdHZKasuScHuzhMI5vAVINLbVbOchFwEt","privKey":"YHPYlxuIE89OEXpJl+b9UB8WsWSkjMLMaUwu/K3LzU0="},"lastRemoteEphemeralKey":"BRrg75nVthaiQPCnpALrU9R7/2qL41hHqYe3Ny3kDPIi","previousCounter":0,"rootKey":"MF5FkyOtVHFGdIXDqUYID2dzJ+8Cj9/VGa60bi28818="},"indexInfo":{"baseKey":"BVGKOwWfCZW/Io37khQfH+dJonvOvuGmRSADOW5oCFRc","baseKeyType":1,"closed":-1,"used":1692405309633,"created":1692405309633,"remoteIdentityKey":"BbFBHuyUjZRCM9yxykglrbqSXM8DoQ/lxkMrOk7B5iAX"},"_chains":{"BXFFRRV0uV6HdHZKasuScHuzhMI5vAVINLbVbOchFwEt":{"chainKey":{"counter":0,"key":"AASQhfbEBLGMagSQF0Ad30WYNzaOpuorWbMpL/EUm2M="},"chainType":1,"messageKeys":{}}},"pendingPreKey":{"signedKeyId":4,"baseKey":"BVGKOwWfCZW/Io37khQfH+dJonvOvuGmRSADOW5oCFRc","preKeyId":16105882}}},"version":"v1"}