{"_sessions":{"BT2qfs5NGfLBzYK2io1cCzOX5A+OBROaAxT9VoJUMgxY":{"registrationId":8667397,"currentRatchet":{"ephemeralKeyPair":{"pubKey":"Bd6eObrSUZuqV2SdHt6KuFJoogzV88vVnAn8soAWKE54","privKey":"EO/rGaVA9S4HwmzdfMbK6t6D0xtwcnQs2v5w3ivKtmY="},"lastRemoteEphemeralKey":"BRzSR6P5/lNIClAghcgE4+CmCqsFW/c9qx7Wz1TEfZs6","previousCounter":0,"rootKey":"w421ySXZ+SqjSkCEb3oO9joDd7jsCHv6W/3xUTd1Nbc="},"indexInfo":{"baseKey":"BT2qfs5NGfLBzYK2io1cCzOX5A+OBROaAxT9VoJUMgxY","baseKeyType":1,"closed":-1,"used":1692405310100,"created":1692405310100,"remoteIdentityKey":"Bf477E+CO38T2E/B+zHE/sPXv7ZZ4plYW80Dmq7ee5tK"},"_chains":{"Bd6eObrSUZuqV2SdHt6KuFJoogzV88vVnAn8soAWKE54":{"chainKey":{"counter":0,"key":"n1ntfxwVivEqBalDh+M55+338vyKuYJu9QNNLJoG7X8="},"chainType":1,"messageKeys":{}}},"pendingPreKey":{"signedKeyId":7,"baseKey":"BT2qfs5NGfLBzYK2io1cCzOX5A+OBROaAxT9VoJUMgxY","preKeyId":15168435}}},"version":"v1"}