{"_sessions":{"Beac/gelBcMzX6Y/t/xyJ+jknyvVgASYByz1kJ9eRZAv":{"registrationId":93,"currentRatchet":{"ephemeralKeyPair":{"pubKey":"BWtOLZ3zoz5I4GPk66rqcP3rjvX9dZJ7oWTYOKS9E5la","privKey":"8F0vBmPN1EyuNYKjKIFJNJsZiC8GM3pzn8TF4p901Gk="},"lastRemoteEphemeralKey":"BYLTv83vWjbz8GEa9SLKXz0DscjHGkiQKiVLSNFLU3FZ","previousCounter":0,"rootKey":"u8ATf1YLSuwlaLoA3bG8oAHit7npmqLLJ/2Yy8jsal0="},"indexInfo":{"baseKey":"Beac/gelBcMzX6Y/t/xyJ+jknyvVgASYByz1kJ9eRZAv","baseKeyType":1,"closed":-1,"used":1692405308409,"created":1692405308409,"remoteIdentityKey":"BYbFRZeqhR0MIzBm86koGdtS9+VM+0lIQeW4xwUxPhlV"},"_chains":{"BWtOLZ3zoz5I4GPk66rqcP3rjvX9dZJ7oWTYOKS9E5la":{"chainKey":{"counter":0,"key":"hzX7WfGTzgjhq/57ojyAsBe3XSNUZ6EUxR1r2sxQ13k="},"chainType":1,"messageKeys":{}}},"pendingPreKey":{"signedKeyId":1,"baseKey":"Beac/gelBcMzX6Y/t/xyJ+jknyvVgASYByz1kJ9eRZAv"}}},"version":"v1"}