{"_sessions":{"BZYOwRD7flnnusQEZADqGGMWZdes0+J3ZHT9JjwX4Jhg":{"registrationId":1499770407,"currentRatchet":{"ephemeralKeyPair":{"pubKey":"BZmn7U9x1geoCtONFIHvNp7IKGDJL+Hg/kE/hqWDP7VE","privKey":"2AcLxxGwKsC+yMn12UFP/LKNp47kNblN0rxvJNywrUQ="},"lastRemoteEphemeralKey":"Bb4RxBxOX2cSrdjgqhytn2S2vW5Je7nlg0C4nj6odnNS","previousCounter":0,"rootKey":"lXMywhM9Fxse4ynXqKPmq9Xhqkw2bl4OD4ynR9nJ6JE="},"indexInfo":{"baseKey":"BZYOwRD7flnnusQEZADqGGMWZdes0+J3ZHT9JjwX4Jhg","baseKeyType":1,"closed":-1,"used":1692405309446,"created":1692405309446,"remoteIdentityKey":"BX/2XhNds5dv5C9mzH1pntZEgeWdSJqq3hGA9bkLV75r"},"_chains":{"BZmn7U9x1geoCtONFIHvNp7IKGDJL+Hg/kE/hqWDP7VE":{"chainKey":{"counter":0,"key":"JsKsjdzBTqpT/7UGmivdrYY8QCtZ3BUECnVysfXLXEI="},"chainType":1,"messageKeys":{}}},"pendingPreKey":{"signedKeyId":6,"baseKey":"BZYOwRD7flnnusQEZADqGGMWZdes0+J3ZHT9JjwX4Jhg","preKeyId":3948928}}},"version":"v1"}