{"_sessions":{"BV2fNn4hyVQR9hNgrFwlp1xPQl4vWV6Gc2BLdqvXGBJt":{"registrationId":1206909984,"currentRatchet":{"ephemeralKeyPair":{"pubKey":"BVqytWTZWsbxUVNvOVoOcCzlVtdHlZrMZysiY8IaZTsN","privKey":"wEMUU3Ml5Df4gLXRso27iZ29x2dTtB2WyQfnaU02eF4="},"lastRemoteEphemeralKey":"BZWrRtlM6cquirBAmJm3/yjNZP65itwm13/Fk/2hvwdB","previousCounter":0,"rootKey":"zlOYf2th0rm0HgEe2Tah+3tvyvP70tV2lisBphFxOPM="},"indexInfo":{"baseKey":"BV2fNn4hyVQR9hNgrFwlp1xPQl4vWV6Gc2BLdqvXGBJt","baseKeyType":1,"closed":-1,"used":1692405308812,"created":1692405308812,"remoteIdentityKey":"BQT18EqUQ56Wgd6CUiHc3Hv41ZxBojHA5C1xmsz7BbVr"},"_chains":{"BVqytWTZWsbxUVNvOVoOcCzlVtdHlZrMZysiY8IaZTsN":{"chainKey":{"counter":0,"key":"h6kXrsEJcJiLEA521+RRwrYJKzlTk+3FkiKUs6ihya0="},"chainType":1,"messageKeys":{}}},"pendingPreKey":{"signedKeyId":1,"baseKey":"BV2fNn4hyVQR9hNgrFwlp1xPQl4vWV6Gc2BLdqvXGBJt","preKeyId":8668283}}},"version":"v1"}