{"_sessions":{"BcRCPjEf2wesy5r7RFzsO7ghXpe81G9+Ll6eIJer58UE":{"registrationId":152,"currentRatchet":{"ephemeralKeyPair":{"pubKey":"Bc9y4eH9yNO63IPdXFX+DAsriVksbSICbWWVQaXc+VMH","privKey":"sFzsl+py8PzpWPbP6gOyDYeOhNLlOa1hgckUMfZKS0c="},"lastRemoteEphemeralKey":"BW9UOUecazIzM+5vod12ggKmjS9ySuqUggsXAOHP3WNN","previousCounter":0,"rootKey":"XEtF7eAc+cTkF1G6KkgipzhmBrDNPO4mYMTC+/Zxc6o="},"indexInfo":{"baseKey":"BcRCPjEf2wesy5r7RFzsO7ghXpe81G9+Ll6eIJer58UE","baseKeyType":1,"closed":-1,"used":1692405307974,"created":1692405307974,"remoteIdentityKey":"BdB5LUpSRO8Yikizc1yvmc28bMnvtulLu1MrP6IJeSBZ"},"_chains":{"Bc9y4eH9yNO63IPdXFX+DAsriVksbSICbWWVQaXc+VMH":{"chainKey":{"counter":0,"key":"uPPdIuaoRDAwvqP5qSbWuNXnE2eESKgZTFQK5BA4QmM="},"chainType":1,"messageKeys":{}}},"pendingPreKey":{"signedKeyId":1,"baseKey":"BcRCPjEf2wesy5r7RFzsO7ghXpe81G9+Ll6eIJer58UE"}}},"version":"v1"}