{"_sessions":{"BdU8r9wfk++hj4dsEHWpVk5qA6GKson2gYwcdjp9NPQW":{"registrationId":202,"currentRatchet":{"ephemeralKeyPair":{"pubKey":"Bcim+tGc79SI0BHIvao+kb27mhtPtX9J0UIXnMGdAxUj","privKey":"cAkIXzBY1x1hGAEIDdJL4wF/vlvbWJZxzWIIv62Kp1M="},"lastRemoteEphemeralKey":"BdiwmKblIpVAwkPDUFVqzoAPQiIAiIu7yBCNtlIam2xB","previousCounter":2,"rootKey":"zpBnzvKwM0IyIL+zRpbDSt+MtKzWKuOXtQiDZnoYiVg="},"indexInfo":{"baseKey":"BdU8r9wfk++hj4dsEHWpVk5qA6GKson2gYwcdjp9NPQW","baseKeyType":1,"closed":-1,"used":1692420044532,"created":1692418787875,"remoteIdentityKey":"BWs24vglHeGDst7zPnBHfLgUVNazH0uLlnVwsf8hO4oM"},"_chains":{"BYvB5MxZmkMZzX/G1+6lA0gCqDlBrkRSZYcky7Y+OL4u":{"chainKey":{"counter":0},"chainType":2,"messageKeys":{}},"BcTtTM2xNgdnU4UC7QyFd41DdiyPRvZBKd4RUgQrPaU4":{"chainKey":{"counter":0},"chainType":2,"messageKeys":{}},"BY59xC/Nnb5b0S2K1EfyMReEji03k2LAaZLnEx25xh5h":{"chainKey":{"counter":0},"chainType":2,"messageKeys":{}},"BehopmkZc2IQX6dR00Lwt8fDSMBQ9S4EkWZ6KhLIQDVj":{"chainKey":{"counter":0},"chainType":2,"messageKeys":{}},"BX8jsNHrEhYB75BvmdGJec5Kx9/zCtx3Zbt1YK7qXWk1":{"chainKey":{"counter":1},"chainType":2,"messageKeys":{}},"BdiwmKblIpVAwkPDUFVqzoAPQiIAiIu7yBCNtlIam2xB":{"chainKey":{"counter":0,"key":"6sqeslrbDZSvFwxi1aZykqubaRHO2RvPzCwrh+Kx2vA="},"chainType":2,"messageKeys":{}},"Bcim+tGc79SI0BHIvao+kb27mhtPtX9J0UIXnMGdAxUj":{"chainKey":{"counter":0,"key":"ATyhF4STkQh1XsmLNMQWm0q5Q2HxXM1JB24hy6EfXik="},"chainType":1,"messageKeys":{}}}}},"version":"v1"}