{"_sessions":{"BWPnlJTHKc6kuua9dyNGH8DFtDthwqUOplYHTU5ZPaZJ":{"registrationId":1371101704,"currentRatchet":{"ephemeralKeyPair":{"pubKey":"BX0LhU1r8X/Pb+eeY1K5qrBQMmW4cDvvyKGkkoJKfOsI","privKey":"4HEaDUqc8IxeL4cszh4ksIoBq+vc6KDO4pcNE6droVo="},"lastRemoteEphemeralKey":"BZH+GGh1Uem6qB/nKLhse4bOvDjyjXVPB8XfSkQUvkwj","previousCounter":0,"rootKey":"/gcZEFp7S5Lckc3KiRAcPMqMWxXGqUztDftLVt8zDdU="},"indexInfo":{"baseKey":"BWPnlJTHKc6kuua9dyNGH8DFtDthwqUOplYHTU5ZPaZJ","baseKeyType":1,"closed":-1,"used":1692405310203,"created":1692405310203,"remoteIdentityKey":"BeU2jeXH1kEM45lCCgkfRQF7SOcBRFxxv9Gw1THGVahT"},"_chains":{"BX0LhU1r8X/Pb+eeY1K5qrBQMmW4cDvvyKGkkoJKfOsI":{"chainKey":{"counter":0,"key":"Jdnn2jDHA/PbUCpMbhzhptN8RsVYohpHelUQTWOzf+c="},"chainType":1,"messageKeys":{}}},"pendingPreKey":{"signedKeyId":38,"baseKey":"BWPnlJTHKc6kuua9dyNGH8DFtDthwqUOplYHTU5ZPaZJ","preKeyId":5017423}}},"version":"v1"}