{"_sessions":{"BdklMz9cIxsu9SwTRxaHaoDfyPSbLuUAEXxMgz+lNqED":{"registrationId":1080885091,"currentRatchet":{"ephemeralKeyPair":{"pubKey":"BUuGOWRxnQeMJv5i6pIrwXTK/XklZjgKlBlu4f6xxUJ0","privKey":"wF/bbwGVIy7XhoR9LmrW3ATEx6eDTcQEs4lw+BrHuk4="},"lastRemoteEphemeralKey":"BeL4jz7hv3ojN4SGr+lU6fAOtOdFRY0faH4PAFbajIxT","previousCounter":0,"rootKey":"LKN3dGRBYYLCbyzIc/74iKIHDcw5JSahVY62SnR5vNQ="},"indexInfo":{"baseKey":"BdklMz9cIxsu9SwTRxaHaoDfyPSbLuUAEXxMgz+lNqED","baseKeyType":1,"closed":-1,"used":1692405309579,"created":1692405309579,"remoteIdentityKey":"BW4dbT1a6kUrK7jdbhmo7rpW9wOgJk24AME223q07rIt"},"_chains":{"BUuGOWRxnQeMJv5i6pIrwXTK/XklZjgKlBlu4f6xxUJ0":{"chainKey":{"counter":0,"key":"N0S9d+mqdOlwUkkMlwrtJpewwgzY1UFEpv/NLdeOt18="},"chainType":1,"messageKeys":{}}},"pendingPreKey":{"signedKeyId":12,"baseKey":"BdklMz9cIxsu9SwTRxaHaoDfyPSbLuUAEXxMgz+lNqED","preKeyId":7563348}}},"version":"v1"}