{"_sessions":{"Bf+5FzgmCfhBgGN5lpdRllTB1B3GrzlGpF3eH0UAiGlh":{"registrationId":182853746,"currentRatchet":{"ephemeralKeyPair":{"pubKey":"BTamFhts4HPZpZoqlKevNkh0LXodrmqZNNsVH/02iVA9","privKey":"+K+JLVgWXH6bxsGwf/bDIIzL5snEpCjU/HYiqZLa2lQ="},"lastRemoteEphemeralKey":"BeHV9rXXxZN/BgF2wVmDkGg4W35vBpYc+L9kcG3X81oy","previousCounter":0,"rootKey":"27HjN2q+zq3swdQu8XRkuX0N5h0HSo80fUpSvb5olww="},"indexInfo":{"baseKey":"Bf+5FzgmCfhBgGN5lpdRllTB1B3GrzlGpF3eH0UAiGlh","baseKeyType":1,"closed":-1,"used":1692405309426,"created":1692405309426,"remoteIdentityKey":"BYWP/zpgr0cLk0GW+9r5YhKjfNWz7hyc+nG7Tp3V1EQV"},"_chains":{"BTamFhts4HPZpZoqlKevNkh0LXodrmqZNNsVH/02iVA9":{"chainKey":{"counter":0,"key":"MXQ4c1rY5m8bQEZr7oyNVOcuh2EaPsTrtPj5KkS3XCQ="},"chainType":1,"messageKeys":{}}},"pendingPreKey":{"signedKeyId":4725461,"baseKey":"Bf+5FzgmCfhBgGN5lpdRllTB1B3GrzlGpF3eH0UAiGlh","preKeyId":3233}}},"version":"v1"}