{"_sessions":{"BV7zo1qDvIRQ+OhHZFGev7l+4jBh2S1mgow7K37M6SsM":{"registrationId":1054907068,"currentRatchet":{"ephemeralKeyPair":{"pubKey":"BTl3YoY3XHjODOkFSz7q345byDiIPkoqRIajaZCO6M06","privKey":"mDL0MHvdzWXjGq0/f8YxyYqSnmkxsLbGoWjkkA6IgV8="},"lastRemoteEphemeralKey":"BfmvyzqXSB6MbgTkzVX6P0+LhqN+bWptXZdABn84oYYW","previousCounter":0,"rootKey":"+WBya8A8xJv0xSPzExCnNgQ+brScMF4u0vKatrOkf6o="},"indexInfo":{"baseKey":"BV7zo1qDvIRQ+OhHZFGev7l+4jBh2S1mgow7K37M6SsM","baseKeyType":1,"closed":-1,"used":1692405310340,"created":1692405310340,"remoteIdentityKey":"BfsI1e7s4IniOhDO5fu2wb296fPnRFQ2a4nEMPVXiTgH"},"_chains":{"BTl3YoY3XHjODOkFSz7q345byDiIPkoqRIajaZCO6M06":{"chainKey":{"counter":0,"key":"ZHOEKhvFloOmFIKJ2Oc+ciS50gOk/mBwqWoilA5YEoc="},"chainType":1,"messageKeys":{}}},"pendingPreKey":{"signedKeyId":1,"baseKey":"BV7zo1qDvIRQ+OhHZFGev7l+4jBh2S1mgow7K37M6SsM","preKeyId":7328984}}},"version":"v1"}