{"_sessions":{"BfHId9odgLBMfMUCJWiLQ3s9Zu8dLxrNAf2d/dY8O/4C":{"registrationId":1605933167,"currentRatchet":{"ephemeralKeyPair":{"pubKey":"BaApbT6eXKiCeWLkYrqnTiHQ6wqlRW7SpIpTN8PiPOVl","privKey":"OKNObSr17/Ibk8xI2fqmw45HxtyrgBOy6RDsfjhzqlo="},"lastRemoteEphemeralKey":"BdToaJaiV5sl76bUERRRp1IDzdM/flHh1l1EVoL06hwt","previousCounter":0,"rootKey":"3cR1wrYThCHek5lmBzGlg23eyViSLQa5JOTIL7O+590="},"indexInfo":{"baseKey":"BfHId9odgLBMfMUCJWiLQ3s9Zu8dLxrNAf2d/dY8O/4C","baseKeyType":1,"closed":-1,"used":1692405309262,"created":1692405309262,"remoteIdentityKey":"BYGT5DDsRuLPpSzqrq3EXMk+kD4Q9/B9Wt2SjQx5xdVb"},"_chains":{"BaApbT6eXKiCeWLkYrqnTiHQ6wqlRW7SpIpTN8PiPOVl":{"chainKey":{"counter":0,"key":"o0DZqcuavQrb4/p9sYppWeRyCfQ0s7lmLMWvEiEpE3M="},"chainType":1,"messageKeys":{}}},"pendingPreKey":{"signedKeyId":7,"baseKey":"BfHId9odgLBMfMUCJWiLQ3s9Zu8dLxrNAf2d/dY8O/4C","preKeyId":1380661}}},"version":"v1"}