{"_sessions":{"BVqGSWN3NqaubsWKW0aZkO5KtFYRhzGxYVSSzGvJ548I":{"registrationId":664712734,"currentRatchet":{"ephemeralKeyPair":{"pubKey":"BTL95gya6+pSJRaSqpXBjUn5hQpcPgJ/7yva5KnYOts0","privKey":"yPu1zT1qosSh9CcQAr9RvJDn3ZiFjLxCCA7EjwLVq3Y="},"lastRemoteEphemeralKey":"BRfNaVZqm5GtxAamy27mhG5z4Y4c0VEvH6MiAEHplvl4","previousCounter":0,"rootKey":"hCQDZIxhaNelf9k0MDzkd3Qdo22eGVOcZ8G2WotIxQk="},"indexInfo":{"baseKey":"BVqGSWN3NqaubsWKW0aZkO5KtFYRhzGxYVSSzGvJ548I","baseKeyType":1,"closed":-1,"used":1692405310570,"created":1692405310570,"remoteIdentityKey":"BdQTvwBlg3m3ybgQwXp2Xa1y/xX1WLR02LQEBQcK8/w4"},"_chains":{"BTL95gya6+pSJRaSqpXBjUn5hQpcPgJ/7yva5KnYOts0":{"chainKey":{"counter":0,"key":"I5Cy374EhEr8HipCJDXT07xQ9yfPRxjmaa0qMR8cXI4="},"chainType":1,"messageKeys":{}}},"pendingPreKey":{"signedKeyId":4,"baseKey":"BVqGSWN3NqaubsWKW0aZkO5KtFYRhzGxYVSSzGvJ548I","preKeyId":8034152}}},"version":"v1"}