{"_sessions":{"BT1N+HxlSovwPff9qLCyHk5nMbQJ+rfIknLXdbIqHtFS":{"registrationId":15477,"currentRatchet":{"ephemeralKeyPair":{"pubKey":"BQwzQ51fivpGWpmjNzOQP9p6A/Jx95h+BBr7QjdUTFAc","privKey":"GBlGRYWR5Tb6FQc8bmEjmfjMwydXut+Xhc3S3e5A0XM="},"lastRemoteEphemeralKey":"BdOjOU3T5LcD0Bj95jkcSJsANQbbpdaFFZnk3jNDHU9g","previousCounter":0,"rootKey":"d3eDV8YIupSEWo0VxzmTc/yujrFK4/BwvaIB8LWqo9Y="},"indexInfo":{"baseKey":"BT1N+HxlSovwPff9qLCyHk5nMbQJ+rfIknLXdbIqHtFS","baseKeyType":1,"closed":-1,"used":1692405308504,"created":1692405308504,"remoteIdentityKey":"BfkSFF3jjsdXiCzTemf+tXQWWklQKZ1511/nALi0q2Eg"},"_chains":{"BQwzQ51fivpGWpmjNzOQP9p6A/Jx95h+BBr7QjdUTFAc":{"chainKey":{"counter":0,"key":"SrhHroCrQdPheIHIQmtEmf12jCfgO9v38TdL/t/NVjg="},"chainType":1,"messageKeys":{}}},"pendingPreKey":{"signedKeyId":1,"baseKey":"BT1N+HxlSovwPff9qLCyHk5nMbQJ+rfIknLXdbIqHtFS"}}},"version":"v1"}