{"_sessions":{"BTyU/Ue6Ko98Wx5b5F0FK9QN9GT/MXIp/zmbhPNHV+YP":{"registrationId":805632175,"currentRatchet":{"ephemeralKeyPair":{"pubKey":"BZoNP63Ahswt4kSLo4qZEJcCqKkkWAQxxF35QHBjC0N8","privKey":"GKUdoW5TumjGoKpFiHA1Nbzi02JjDfzscFWSezwIWX4="},"lastRemoteEphemeralKey":"BVnbX/ceYYC2QUBXnBjnehEzc43VtbOOtGXWs//vJOsv","previousCounter":0,"rootKey":"/+b9uIXDxl/zqDH0RU/G2YZoRkVobzyuA+OMph2vNQE="},"indexInfo":{"baseKey":"BTyU/Ue6Ko98Wx5b5F0FK9QN9GT/MXIp/zmbhPNHV+YP","baseKeyType":1,"closed":-1,"used":1692405309962,"created":1692405309962,"remoteIdentityKey":"BfcumljvlRUPUUOVV9uuiVxDeIs9MV6JpVgkMDwjXXoj"},"_chains":{"BZoNP63Ahswt4kSLo4qZEJcCqKkkWAQxxF35QHBjC0N8":{"chainKey":{"counter":0,"key":"dj0wJG1aUX2kiyDBqgC+f/E94ep10IBckzjUxZNdZLo="},"chainType":1,"messageKeys":{}}},"pendingPreKey":{"signedKeyId":35,"baseKey":"BTyU/Ue6Ko98Wx5b5F0FK9QN9GT/MXIp/zmbhPNHV+YP","preKeyId":502215}}},"version":"v1"}