{"_sessions":{"BfU54yBR+N5veCek4GeobeLw/YKqgugi/kS3ihgb1kZA":{"registrationId":424809731,"currentRatchet":{"ephemeralKeyPair":{"pubKey":"BR7NudqNQOJtd8K5fXipWNsPfWa1fUQfv3ZWbbB3qvoq","privKey":"kJSDr7P0jKBIiIsXmFZ/7zxoE/yVzrz/+RRgDqikfnc="},"lastRemoteEphemeralKey":"BaeZSRhGbEmoU9IfGGINNYHXSEiKKQ3d8c14zcruAqZv","previousCounter":0,"rootKey":"QoGJyqcuGT45j/64chwU0+KWn/feQZ32/rG9NLRAKYM="},"indexInfo":{"baseKey":"BfU54yBR+N5veCek4GeobeLw/YKqgugi/kS3ihgb1kZA","baseKeyType":1,"closed":-1,"used":1692405310136,"created":1692405310136,"remoteIdentityKey":"BXDcRHDP9Rd1l1IJ3tFnrDRQotPRb+v2Y/FUikWk3kBx"},"_chains":{"BR7NudqNQOJtd8K5fXipWNsPfWa1fUQfv3ZWbbB3qvoq":{"chainKey":{"counter":0,"key":"QyE1uUzSW92dxXsEffPjQbHYUzu283Wd3dpHjxIeGqs="},"chainType":1,"messageKeys":{}}},"pendingPreKey":{"signedKeyId":10,"baseKey":"BfU54yBR+N5veCek4GeobeLw/YKqgugi/kS3ihgb1kZA","preKeyId":9228021}}},"version":"v1"}