{"_sessions":{"Bepz6whrM27sx9hxJf0/eKbdVdCYPkZGtFd3RtZ7UGh6":{"registrationId":155,"currentRatchet":{"ephemeralKeyPair":{"pubKey":"BfqQTRZVT18oSZoSuB2KzsdiSB9bvNHh/M2k7Cpb4xQj","privKey":"yLHiLGPswUrKUi0+HP1g/NRj/iSe5Xbuun4R0CBjtEk="},"lastRemoteEphemeralKey":"BeGZFuBhxWOeLHd+X5VfuoyY3V17tpSR01Esvk/33/BD","previousCounter":0,"rootKey":"ml/Qn2wCWlno9FOAqVE0PUPZO9PCQ0qoEWcbyPfuDIY="},"indexInfo":{"baseKey":"Bepz6whrM27sx9hxJf0/eKbdVdCYPkZGtFd3RtZ7UGh6","baseKeyType":1,"closed":-1,"used":1692405308319,"created":1692405308319,"remoteIdentityKey":"BXV4qvS6aEPJp8N6LvDYWIG+o6uHUDHUUOlliwmOo6Iv"},"_chains":{"BfqQTRZVT18oSZoSuB2KzsdiSB9bvNHh/M2k7Cpb4xQj":{"chainKey":{"counter":0,"key":"VAQe1naBIGGlwESH0+5kmhZknzpLEFE4+RWVme7jEi8="},"chainType":1,"messageKeys":{}}},"pendingPreKey":{"signedKeyId":1,"baseKey":"Bepz6whrM27sx9hxJf0/eKbdVdCYPkZGtFd3RtZ7UGh6"}}},"version":"v1"}