{"_sessions":{"BTeQHC5zRc/jEBOfOh5TA9qQYEDDe+eJRGaP0gkcOrJq":{"registrationId":1540666933,"currentRatchet":{"ephemeralKeyPair":{"pubKey":"BYMAt8qtbDGJOe1/w20Fc3ZGarbGO4xrKx7N0My7LKUd","privKey":"YGO0QKCSTQwp7iYYcT9slr2GEzx/aDXADduH6fnxCn4="},"lastRemoteEphemeralKey":"BR37n49TDOeOxXlf1S4bHqAUStMtfNCLOcGPJbKiaZNl","previousCounter":0,"rootKey":"iRPihJ3+HF5FOfVXVx+0kjP1AsrtTN1pQ445i8i3ARU="},"indexInfo":{"baseKey":"BTeQHC5zRc/jEBOfOh5TA9qQYEDDe+eJRGaP0gkcOrJq","baseKeyType":1,"closed":-1,"used":1692405309075,"created":1692405309075,"remoteIdentityKey":"BeztnrzA3hPQps+0B8nrpCVvxYTR9O9Lg/bVhRXWQWsw"},"_chains":{"BYMAt8qtbDGJOe1/w20Fc3ZGarbGO4xrKx7N0My7LKUd":{"chainKey":{"counter":0,"key":"SeNUhPpa0DR8uT+7wSe8POYvvGp7J6qyCDhbkrXlAIE="},"chainType":1,"messageKeys":{}}},"pendingPreKey":{"signedKeyId":4,"baseKey":"BTeQHC5zRc/jEBOfOh5TA9qQYEDDe+eJRGaP0gkcOrJq","preKeyId":4897001}}},"version":"v1"}