{"_sessions":{"BYxlIqkG+/3YUzd6x4jutyCwqNQu4Iy2SKgUV1R0J8Uh":{"registrationId":730781901,"currentRatchet":{"ephemeralKeyPair":{"pubKey":"BdfoaV+LEtdKFeqHvl/JrRtIC+AiVdSw8x8rBqGwhXML","privKey":"WB7QkjRpuUf0s0+tj1aElUEPBdhcTLEA8SR9Kg51XVs="},"lastRemoteEphemeralKey":"BfhLjCnYZwiclM8gqC3W1LEp78i498DMDeF0PPRAtRcj","previousCounter":0,"rootKey":"HEIcL/VTiAX3d6yvgYP4ohlFFJVcroreDeqExEmYFZY="},"indexInfo":{"baseKey":"BYxlIqkG+/3YUzd6x4jutyCwqNQu4Iy2SKgUV1R0J8Uh","baseKeyType":1,"closed":-1,"used":1692405309435,"created":1692405309435,"remoteIdentityKey":"BQevsHg2wzQMv4XULug2ZyUWRzAW1XpLfpfNioQNPhcA"},"_chains":{"BdfoaV+LEtdKFeqHvl/JrRtIC+AiVdSw8x8rBqGwhXML":{"chainKey":{"counter":0,"key":"YJZ6UfICL7WiwYF5hcubwsKfdz1dXg4IlpavuNKpR08="},"chainType":1,"messageKeys":{}}},"pendingPreKey":{"signedKeyId":0,"baseKey":"BYxlIqkG+/3YUzd6x4jutyCwqNQu4Iy2SKgUV1R0J8Uh"}}},"version":"v1"}