{"_sessions":{"BeKhz9PG1K5FtCYASsmLhKIxFvbfo0h7yc25pFTc0YoZ":{"registrationId":291553446,"currentRatchet":{"ephemeralKeyPair":{"pubKey":"BWgH+TzlE3X51a4BQkfcPePua0BOpsLF8C7YAm1/oJxA","privKey":"CIWyAsNimv24YlclfnvJ9slCn+vewLL27b4t4HIQR1g="},"lastRemoteEphemeralKey":"BUr/wtvxy8lC/NuE9XD/p7bXDLq3jJagksYiDMTMKWlg","previousCounter":0,"rootKey":"kDMUgkQgwhUgokq4Jr7H9NLFH0gbaRGU8xKyNnBQB5w="},"indexInfo":{"baseKey":"BeKhz9PG1K5FtCYASsmLhKIxFvbfo0h7yc25pFTc0YoZ","baseKeyType":1,"closed":-1,"used":1692405310297,"created":1692405310297,"remoteIdentityKey":"BXXgeBTj7/sq/eKKaBtCv5LOYyLC1Hx8gPmvq92YN6QW"},"_chains":{"BWgH+TzlE3X51a4BQkfcPePua0BOpsLF8C7YAm1/oJxA":{"chainKey":{"counter":0,"key":"F6dXW7e/vTK9Fd+DjNSPjBMRGRwA7ckNkyQkYK2UxjI="},"chainType":1,"messageKeys":{}}},"pendingPreKey":{"signedKeyId":0,"baseKey":"BeKhz9PG1K5FtCYASsmLhKIxFvbfo0h7yc25pFTc0YoZ","preKeyId":8733469}}},"version":"v1"}