{"_sessions":{"BcPKw8KC3Gj3FzhUZEtke5YBeX+pXqAIZ6WJpar+kp5d":{"registrationId":1305212506,"currentRatchet":{"ephemeralKeyPair":{"pubKey":"BTkIZKfW7IzaYCVjKFt/lTLHcRgTczhDbzsXLjRjOj0+","privKey":"sArQATJBavMXWGFYFi5qt19PaqZbcI4b1aHQjfxYCHY="},"lastRemoteEphemeralKey":"BQVVymKWiV5Y0RV+EUNcCAZvV/fUpPUC/9BdSoi4+PNB","previousCounter":0,"rootKey":"ES41WO4vbCujSSftvXO9x/KqHHeYKXamQIY3RNBVMOk="},"indexInfo":{"baseKey":"BcPKw8KC3Gj3FzhUZEtke5YBeX+pXqAIZ6WJpar+kp5d","baseKeyType":1,"closed":-1,"used":1692405310372,"created":1692405310372,"remoteIdentityKey":"BROz6+0f7uY0GeRUVMUOT4GjgYueZysJ+sDje7nnq98J"},"_chains":{"BTkIZKfW7IzaYCVjKFt/lTLHcRgTczhDbzsXLjRjOj0+":{"chainKey":{"counter":0,"key":"7UfU8IU0ZEGNac0CPkyEW5NOLQWZc2wiMbFVLDuVWos="},"chainType":1,"messageKeys":{}}},"pendingPreKey":{"signedKeyId":16,"baseKey":"BcPKw8KC3Gj3FzhUZEtke5YBeX+pXqAIZ6WJpar+kp5d","preKeyId":12244319}}},"version":"v1"}