{"_sessions":{"BebWCSG+fYP7MluV0CjSQ5JxuSJGEILQ6cBmf+tYpPwc":{"registrationId":623959000,"currentRatchet":{"ephemeralKeyPair":{"pubKey":"BZBmemI9Y0PpiNanEBcbGOf/yQpXaxYhOea+NLRgpXQ1","privKey":"MP7eRz5521GA/KitMFfmWIa2c89j6cbKXrw94ksSfEc="},"lastRemoteEphemeralKey":"BUOko6qePWQjFZrTnAfaIfb8qV7Ck4o6U2KxZDQeD8VV","previousCounter":0,"rootKey":"UwV6JFFRrMFZKHjljhwzpJnPA4hUX8vXeBaSfVQEHjw="},"indexInfo":{"baseKey":"BebWCSG+fYP7MluV0CjSQ5JxuSJGEILQ6cBmf+tYpPwc","baseKeyType":1,"closed":-1,"used":1692405310197,"created":1692405310197,"remoteIdentityKey":"BXUSCV5WiVkMuh6pbF/ABBuXLQwHlxzZxNyoc4QET1ZU"},"_chains":{"BZBmemI9Y0PpiNanEBcbGOf/yQpXaxYhOea+NLRgpXQ1":{"chainKey":{"counter":0,"key":"JmV1hQWJ1LRlTnF5jRK3ZXb+0GLAYV38RxGHT1g1DEI="},"chainType":1,"messageKeys":{}}},"pendingPreKey":{"signedKeyId":8,"baseKey":"BebWCSG+fYP7MluV0CjSQ5JxuSJGEILQ6cBmf+tYpPwc","preKeyId":9858093}}},"version":"v1"}