{"_sessions":{"BUg8T0vszHjFK2CngBE/fOzgLPyxLlEirokO6ioSF6Ab":{"registrationId":1479794997,"currentRatchet":{"ephemeralKeyPair":{"pubKey":"BeG2NFJowW+z2xKoAarHdxVzRF3zvz/DdqMcVE489hcH","privKey":"0FCvitjkIA+dg7mFggFUxvndWqA5ilqaF9izuZXC4X8="},"lastRemoteEphemeralKey":"BY1/yidxJiRke9gauCBYxOdanIxysgc+Nz53n/qxQ9QV","previousCounter":0,"rootKey":"66aG2sQqtxRHpfxtgoKxpDUTonprak+dMNMEW1DvVZE="},"indexInfo":{"baseKey":"BUg8T0vszHjFK2CngBE/fOzgLPyxLlEirokO6ioSF6Ab","baseKeyType":1,"closed":-1,"used":1692405308806,"created":1692405308806,"remoteIdentityKey":"BZBJgRse40mWRpB628XTuHaPEhTP2lxBidvL4Dlt6pNE"},"_chains":{"BeG2NFJowW+z2xKoAarHdxVzRF3zvz/DdqMcVE489hcH":{"chainKey":{"counter":0,"key":"WdmENMI4g/1DVe75Tfqa9Tyuc+uETDzV/0RdpMVMQxE="},"chainType":1,"messageKeys":{}}},"pendingPreKey":{"signedKeyId":29,"baseKey":"BUg8T0vszHjFK2CngBE/fOzgLPyxLlEirokO6ioSF6Ab","preKeyId":12686887}}},"version":"v1"}