{"_sessions":{"BdRiV89GKjsrHDC54NfhywBqC6S21FMD/ILSN/OJUcEI":{"registrationId":797865481,"currentRatchet":{"ephemeralKeyPair":{"pubKey":"BZMsvaa171GRulD+lfqk9Oi2Xvir8XZlS0AEOsX/w09M","privKey":"4N250r/6wEXcCYfPNCftRWSVqWDB/aEJ1+vXCwjJz1g="},"lastRemoteEphemeralKey":"BRzfKQhuwo14CPacpQgwtp0hoR4l+a5JFFWKYiFfCntY","previousCounter":0,"rootKey":"cIbPJ8eFHQRO3dIXSGBaU6m8GE47wG1n1QcXl+r8hrM="},"indexInfo":{"baseKey":"BdRiV89GKjsrHDC54NfhywBqC6S21FMD/ILSN/OJUcEI","baseKeyType":1,"closed":-1,"used":1692405309462,"created":1692405309462,"remoteIdentityKey":"BeSem/WZ/VdWSyxNFHA6UwuIjhxCat5AYZD1LnRon8UA"},"_chains":{"BZMsvaa171GRulD+lfqk9Oi2Xvir8XZlS0AEOsX/w09M":{"chainKey":{"counter":0,"key":"PBP5ZRN3VFlQV/PhSuw9Nvf9MYmv3tsOev8i8nSjfVA="},"chainType":1,"messageKeys":{}}},"pendingPreKey":{"signedKeyId":9314627,"baseKey":"BdRiV89GKjsrHDC54NfhywBqC6S21FMD/ILSN/OJUcEI","preKeyId":2781}}},"version":"v1"}