{"_sessions":{"BUhdQuE6sdA+UWAqVX4V4AC2B439jMtaU58s4eHXAMhh":{"registrationId":1966670569,"currentRatchet":{"ephemeralKeyPair":{"pubKey":"BXi92CKho9GUIk7xM2kFjjlzo3KM42f3uxU3i8vPONtH","privKey":"qAJqI/rH2U+zkWzEEj4vsjpFfPR0Vk9nnbnpggouCVc="},"lastRemoteEphemeralKey":"BQR74fNjtBWajIwdoYq7m1Fh/kkdTiBtF1JHSI3e6qVh","previousCounter":0,"rootKey":"blnWAnXRtrEcEcrIpf+Ph0Rq6sOPAOSEV3PQNFUuEK0="},"indexInfo":{"baseKey":"BUhdQuE6sdA+UWAqVX4V4AC2B439jMtaU58s4eHXAMhh","baseKeyType":1,"closed":-1,"used":1692405309198,"created":1692405309198,"remoteIdentityKey":"Bd4g13vXbKnFTk4Rz1WhcSrNM38SjJG/We04QsM+lS4n"},"_chains":{"BXi92CKho9GUIk7xM2kFjjlzo3KM42f3uxU3i8vPONtH":{"chainKey":{"counter":0,"key":"YpbcbXwKaTAbzR49VAg7c5bAF0/u50L9xP0eUiJgP9Y="},"chainType":1,"messageKeys":{}}},"pendingPreKey":{"signedKeyId":4,"baseKey":"BUhdQuE6sdA+UWAqVX4V4AC2B439jMtaU58s4eHXAMhh","preKeyId":14215978}}},"version":"v1"}