{"_sessions":{"BbcEcL+2ehqYbhcWBS4061UYR2UVBto2IjVwRsdVrjkn":{"registrationId":963518304,"currentRatchet":{"ephemeralKeyPair":{"pubKey":"BaRo7BE04APyza9Ggzr7JrSNfDM8KwoKoVZnNSNBdNhl","privKey":"QFEVOyQ/tIDQKbrf8mEYkejwuSbW+5QzWsLJrPs2vUs="},"lastRemoteEphemeralKey":"BVmHb1xEmejzA82vEkxhfv4Tny+NE9UKPznn+IWqC614","previousCounter":0,"rootKey":"bWCfVCPRVeiestRk+5gIclWDXGIVTrs6bSeB1a9t6nA="},"indexInfo":{"baseKey":"BbcEcL+2ehqYbhcWBS4061UYR2UVBto2IjVwRsdVrjkn","baseKeyType":1,"closed":-1,"used":1692405309069,"created":1692405309069,"remoteIdentityKey":"BSHb6UKZjEPP5aaw82BRiVY2eed2o2SuY4E9wOnkEOcg"},"_chains":{"BaRo7BE04APyza9Ggzr7JrSNfDM8KwoKoVZnNSNBdNhl":{"chainKey":{"counter":0,"key":"nRL/gM6r4KzTrq3tFFmsziehgdwOK6KUn9zqbFDzbIk="},"chainType":1,"messageKeys":{}}},"pendingPreKey":{"signedKeyId":6,"baseKey":"BbcEcL+2ehqYbhcWBS4061UYR2UVBto2IjVwRsdVrjkn","preKeyId":15767983}}},"version":"v1"}