{"_sessions":{"BQ3MIb7OJNnqr2BVo5pioLGT+KigSKhj2qfUUh+InmhD":{"registrationId":1300008174,"currentRatchet":{"ephemeralKeyPair":{"pubKey":"BRMWwOuAgRqYsdTjKFQPUnxZ/m4GXD1hYTkXvJwpKAVG","privKey":"cHFFi7ag9LBF2hQrV1qdXz7KYdaMeV344NhyKsgfL1U="},"lastRemoteEphemeralKey":"BeJmIOdUYBGwQ3qLeI2cLZDJcyKe8WbS1Kbdz/k/D2RZ","previousCounter":0,"rootKey":"89Zt4V1FqFVbFMkc3TA8hAXB12waVPq8+wfgRcl8SFQ="},"indexInfo":{"baseKey":"BQ3MIb7OJNnqr2BVo5pioLGT+KigSKhj2qfUUh+InmhD","baseKeyType":1,"closed":-1,"used":1692405310152,"created":1692405310152,"remoteIdentityKey":"BYp4u18Ji5VLo1RHVI+j8u6QtaiurI1GtJP9zg2bF7kb"},"_chains":{"BRMWwOuAgRqYsdTjKFQPUnxZ/m4GXD1hYTkXvJwpKAVG":{"chainKey":{"counter":0,"key":"qBGAInCAoTMSRQlNXiSTApACWexhDyC8gd/DNT9cahA="},"chainType":1,"messageKeys":{}}},"pendingPreKey":{"signedKeyId":1,"baseKey":"BQ3MIb7OJNnqr2BVo5pioLGT+KigSKhj2qfUUh+InmhD","preKeyId":4917041}}},"version":"v1"}