{"_sessions":{"BQUgvscZoctMgJAkQib8QMVlNtgABRoZoT8pacA+zlYh":{"registrationId":130,"currentRatchet":{"ephemeralKeyPair":{"pubKey":"BRafa6k91WVl3UGWciKMDfpEejSX1SUUL19aLDRHflVf","privKey":"8IH7nL5Dedh690MIM/DymwDAcnq6fHU1dP6LEf6VUmc="},"lastRemoteEphemeralKey":"BbKc+RId2dF/oPIV4Yn7BPwDwusvEoS0xaLGg0ID5JE4","previousCounter":0,"rootKey":"xK7lPKvMCXV+moVJ+lJiMlWGsRqcdBm7QR8SxiViGoM="},"indexInfo":{"baseKey":"BQUgvscZoctMgJAkQib8QMVlNtgABRoZoT8pacA+zlYh","baseKeyType":1,"closed":-1,"used":1692405308183,"created":1692405308183,"remoteIdentityKey":"BRtx38N7eCCaS6OSvooTNMdowli9jcBIRJqq28op1qAK"},"_chains":{"BRafa6k91WVl3UGWciKMDfpEejSX1SUUL19aLDRHflVf":{"chainKey":{"counter":0,"key":"qFxZgAS2ES8ywfpBQ3h6NnXGqsaVvz20+n/xFno609k="},"chainType":1,"messageKeys":{}}},"pendingPreKey":{"signedKeyId":1,"baseKey":"BQUgvscZoctMgJAkQib8QMVlNtgABRoZoT8pacA+zlYh"}}},"version":"v1"}