{"_sessions":{"BSDHfDs74oOtDatHBMIqn3u+MDALzNNYlTQvlUchCvt6":{"registrationId":1880217811,"currentRatchet":{"ephemeralKeyPair":{"pubKey":"BSPTZg7x3grvKzXjoHriqZf+xpLUjXtVVO1Z/ru061Y6","privKey":"qL3Kwx0JRa9S2U7/Sy2B/AuJHokcFpm9RvUZ4AYdX3E="},"lastRemoteEphemeralKey":"BeRp7BcmdgHBnilea/hnPcWvZYqwR7B7UkYyyvNqaIl/","previousCounter":0,"rootKey":"wQC/UMWpJAW8qwgy1JT8PndWV4UnDhYWEZO3sE0PgHU="},"indexInfo":{"baseKey":"BSDHfDs74oOtDatHBMIqn3u+MDALzNNYlTQvlUchCvt6","baseKeyType":1,"closed":-1,"used":1692405310036,"created":1692405310036,"remoteIdentityKey":"Bam2afLX0GIcsfEO+54+j9Cb6SnwFH9b9cEBgLlfCHxL"},"_chains":{"BSPTZg7x3grvKzXjoHriqZf+xpLUjXtVVO1Z/ru061Y6":{"chainKey":{"counter":0,"key":"rbqgInif59LmhHf1z6ECba2KlOu9k7/hBODs8yhDgDw="},"chainType":1,"messageKeys":{}}},"pendingPreKey":{"signedKeyId":15,"baseKey":"BSDHfDs74oOtDatHBMIqn3u+MDALzNNYlTQvlUchCvt6","preKeyId":9124017}}},"version":"v1"}