{"_sessions":{"BcqiR3yoDsLPYC6gwbOMBBmneJ3jNxxz1DI5lEmFHTIT":{"registrationId":139243147,"currentRatchet":{"ephemeralKeyPair":{"pubKey":"BdZQJsWByC+xGJ9zc6xiBMcnmFj2iU17eejbzKBW0vBL","privKey":"IK86Q7nl+wAGCRyCseVQ7kjYdf7J1SbUVqaQZuUynVM="},"lastRemoteEphemeralKey":"BW3tKR9oLijxcTRMnzYVkKgB+EskqUaK2wvM18go64F1","previousCounter":0,"rootKey":"I5GC6lILDITn0ZJmsOyezY4khp6zfNeRIgIHXt9gkQc="},"indexInfo":{"baseKey":"BcqiR3yoDsLPYC6gwbOMBBmneJ3jNxxz1DI5lEmFHTIT","baseKeyType":1,"closed":-1,"used":1692405309226,"created":1692405309226,"remoteIdentityKey":"BfLqM0BiRv5sjC5DR+xG0OaoV3WuN7UHNH3ckOdeO4ZM"},"_chains":{"BdZQJsWByC+xGJ9zc6xiBMcnmFj2iU17eejbzKBW0vBL":{"chainKey":{"counter":0,"key":"HTytRfo3byL+6e+XhjA3Jq7c4DEd492BO3RlYVxc3vc="},"chainType":1,"messageKeys":{}}},"pendingPreKey":{"signedKeyId":9,"baseKey":"BcqiR3yoDsLPYC6gwbOMBBmneJ3jNxxz1DI5lEmFHTIT","preKeyId":826633}}},"version":"v1"}