{"_sessions":{"BU0rIn/DyguMY4Vnz1BfnIpGNQ7QmFYP+ooNcNWkN3sr":{"registrationId":995979834,"currentRatchet":{"ephemeralKeyPair":{"pubKey":"Bcx6cxTpTE43/Nk7WDhGYnal9gQkI8CI0+3gS2gxaLQp","privKey":"YGcMD8/Dq7RILyXrqYAAQ2wW1PWfPkPoZam8W/flrmc="},"lastRemoteEphemeralKey":"BRvqnPtUwq8jSk2QK1YxCG2iEGN4bRIuoAITsXWL5kgF","previousCounter":0,"rootKey":"8Cjwprhzzb5oP4j78PtuL/vjl3LG6fKxXpE+o6j+Q9Y="},"indexInfo":{"baseKey":"BU0rIn/DyguMY4Vnz1BfnIpGNQ7QmFYP+ooNcNWkN3sr","baseKeyType":1,"closed":-1,"used":1692405308818,"created":1692405308818,"remoteIdentityKey":"BeslVweJdd4xDTAO7RwuS5vcIM+peKxjEgvY4WB0tg4C"},"_chains":{"Bcx6cxTpTE43/Nk7WDhGYnal9gQkI8CI0+3gS2gxaLQp":{"chainKey":{"counter":0,"key":"M1DGHwSveY5duYTgzar+RqK6gLOHk+nI6SlBUkSh6DE="},"chainType":1,"messageKeys":{}}},"pendingPreKey":{"signedKeyId":19,"baseKey":"BU0rIn/DyguMY4Vnz1BfnIpGNQ7QmFYP+ooNcNWkN3sr","preKeyId":1571231}}},"version":"v1"}