{"_sessions":{"BUTxg6HMhTI8bQcm3Rrf13EAZZvo3qgYMMd6f8Da8sMu":{"registrationId":125777660,"currentRatchet":{"ephemeralKeyPair":{"pubKey":"BVK+2P0EERj4C85oxiF+fyA4tsd8HIQE5CAhu7vWXboy","privKey":"KBVkunXACqZTjCKB8FuONgiNwDr4/jDLXJJIGzZA/WQ="},"lastRemoteEphemeralKey":"BVL80NKyElXZRGOh1yJddc9rQvfjqqxl5v+sDO22IDFo","previousCounter":0,"rootKey":"WbI0yNbXzMBxO9i/e2wjUv03NB5+fN3zKHSx0cxi4qA="},"indexInfo":{"baseKey":"BUTxg6HMhTI8bQcm3Rrf13EAZZvo3qgYMMd6f8Da8sMu","baseKeyType":1,"closed":-1,"used":1692405310357,"created":1692405310357,"remoteIdentityKey":"Bb+DXhqBRHjonamSNzX3zERtp6Qbf9RwBV0NBEErGw0S"},"_chains":{"BVK+2P0EERj4C85oxiF+fyA4tsd8HIQE5CAhu7vWXboy":{"chainKey":{"counter":0,"key":"COVtgCCC5qBXhWyUhYBuRusXItLhFi0eU5b6WilFEbU="},"chainType":1,"messageKeys":{}}},"pendingPreKey":{"signedKeyId":0,"baseKey":"BUTxg6HMhTI8bQcm3Rrf13EAZZvo3qgYMMd6f8Da8sMu","preKeyId":11537722}}},"version":"v1"}