{"_sessions":{"BS9a6QMte8sOV/PGdOonV+MRVuvYWSvu/D2N/nzM7z9F":{"registrationId":1702977414,"currentRatchet":{"ephemeralKeyPair":{"pubKey":"BVTV8FDjbeorBcXrJ5hHQ1Awf9C6Z1ywuMr6pW/dIF1S","privKey":"qAByNOKqs1/qn7yHrT1vXXtCQzu4F3DSg2ZY+xJHCGo="},"lastRemoteEphemeralKey":"BXvdTQcIZHGxxutzFjsBVQuJ5+BO9vW7lDyIdZFZWPpn","previousCounter":0,"rootKey":"WVor55fnL5Qfymt4Uc0xAYAjuvPFYosiVxTolXobCTU="},"indexInfo":{"baseKey":"BS9a6QMte8sOV/PGdOonV+MRVuvYWSvu/D2N/nzM7z9F","baseKeyType":1,"closed":-1,"used":1692405310126,"created":1692405310126,"remoteIdentityKey":"BZ11OhN+SfFsXC/GqIhrxVBTTHbl3F8KJKtEgH5CkLBD"},"_chains":{"BVTV8FDjbeorBcXrJ5hHQ1Awf9C6Z1ywuMr6pW/dIF1S":{"chainKey":{"counter":0,"key":"JVFxsbF5MF/g+L+wWVgy3bo+I7nxgjRAWHei2ZNCVc0="},"chainType":1,"messageKeys":{}}},"pendingPreKey":{"signedKeyId":4,"baseKey":"BS9a6QMte8sOV/PGdOonV+MRVuvYWSvu/D2N/nzM7z9F","preKeyId":2892630}}},"version":"v1"}