{"_sessions":{"BYC3xMUvE/k0LuGXg3/17on4o0lerKPZfenrLxuZ9i1S":{"registrationId":187376669,"currentRatchet":{"ephemeralKeyPair":{"pubKey":"BY7bUJeEjdNUrHozOhLkxlSuNsjzsC7CQzE/7E98AxQ1","privKey":"sOuB5QmAQdfoiNAbws0zzo/CE5En/8+IFs5zYJh/tVI="},"lastRemoteEphemeralKey":"BfBFb91498B03urB/1Iajtq/D/69wyQmy3uK1Noysaoj","previousCounter":0,"rootKey":"WaW4m66ccCbiMqFfJNmRCcQWZzuWc1J7+Ezt+cSyi/I="},"indexInfo":{"baseKey":"BYC3xMUvE/k0LuGXg3/17on4o0lerKPZfenrLxuZ9i1S","baseKeyType":1,"closed":-1,"used":1692405308879,"created":1692405308879,"remoteIdentityKey":"BYCTNZ8MYjy/dYGjHNbP2khNLkmUjxTjZzK6oshjwcBb"},"_chains":{"BY7bUJeEjdNUrHozOhLkxlSuNsjzsC7CQzE/7E98AxQ1":{"chainKey":{"counter":0,"key":"wMYReHFI9Gy2ve2OD5ECWUdWrY9xTQb4jlQo82nHLso="},"chainType":1,"messageKeys":{}}},"pendingPreKey":{"signedKeyId":2,"baseKey":"BYC3xMUvE/k0LuGXg3/17on4o0lerKPZfenrLxuZ9i1S","preKeyId":10887759}}},"version":"v1"}