{"_sessions":{"BWVtSDyt0kmjgGImZmM5OvpdbkOow5TtWynrn35xM6M3":{"registrationId":216,"currentRatchet":{"ephemeralKeyPair":{"pubKey":"Beh8vFMzyfMOnhVeE2iAmG3tlVX3syeihLYqPwTAGjkj","privKey":"CASGAA7vjncv60xW9/l0Pc4vmNhBdTXcC/a48KIxFlU="},"lastRemoteEphemeralKey":"BdGTImLLfOTPedA/lAXAQReG/NkmpvaFWDHTD3pdSVJZ","previousCounter":0,"rootKey":"UjJFWUtZ+BAQfIPz+0N8ZrLO66Xjmrt/kfk+Yv4ck/o="},"indexInfo":{"baseKey":"BWVtSDyt0kmjgGImZmM5OvpdbkOow5TtWynrn35xM6M3","baseKeyType":1,"closed":-1,"used":1692405308022,"created":1692405308022,"remoteIdentityKey":"BdbPneBpCcUpp2j+rBGXmc/V9MG8S0oa8lDtWO1nhpgY"},"_chains":{"Beh8vFMzyfMOnhVeE2iAmG3tlVX3syeihLYqPwTAGjkj":{"chainKey":{"counter":0,"key":"Qe+u4NYktHbIV5xecB88IaegLx5itb7fdUZtkkYrBZg="},"chainType":1,"messageKeys":{}}},"pendingPreKey":{"signedKeyId":1,"baseKey":"BWVtSDyt0kmjgGImZmM5OvpdbkOow5TtWynrn35xM6M3"}}},"version":"v1"}