{"_sessions":{"BZp/P3nIIgcwWqM/gCLk+39urWqvYWB6sP+p1HSnv/t4":{"registrationId":831370264,"currentRatchet":{"ephemeralKeyPair":{"pubKey":"BZPuuGo1KK3mmHn6u3EV6tK62kZTl3ZhLaLBblK1Pv1X","privKey":"YL4LrWWdqN6JPwyU2lD6hjePheChBtcXqmYoTjDhO24="},"lastRemoteEphemeralKey":"BTf3uG7LGgkuXH7dvocmXGsNMkJu/J76vpUHocH/dxtC","previousCounter":0,"rootKey":"M7/ne7sUAdRDTMKa/PNtBT5r4iQwZpDNsh25D5qSXZ8="},"indexInfo":{"baseKey":"BZp/P3nIIgcwWqM/gCLk+39urWqvYWB6sP+p1HSnv/t4","baseKeyType":1,"closed":-1,"used":1692405309180,"created":1692405309180,"remoteIdentityKey":"BbpN4Fb4nGJUWzCzBtGjiARfqFUi1ueuK1nUKFN7ft0q"},"_chains":{"BZPuuGo1KK3mmHn6u3EV6tK62kZTl3ZhLaLBblK1Pv1X":{"chainKey":{"counter":0,"key":"9ZjRlQIoh+MEyg8vBcyYULMbhM6nH4e+/jl42TmDvsE="},"chainType":1,"messageKeys":{}}},"pendingPreKey":{"signedKeyId":11,"baseKey":"BZp/P3nIIgcwWqM/gCLk+39urWqvYWB6sP+p1HSnv/t4","preKeyId":5034742}}},"version":"v1"}