{"_sessions":{"BaRxgus6nFLZDkt5ZlFWrqjaRe8IGyFfY967Ln03j1dI":{"registrationId":1847284930,"currentRatchet":{"ephemeralKeyPair":{"pubKey":"BdkiYK+cxxe8cNFyw33DF4Oj6iOCwy5CfDX0ppehKsl5","privKey":"KCfWQ6ovngMPIk3ckz8ZXGanC4BOX7wWXJfet9nF32w="},"lastRemoteEphemeralKey":"BQ1r8+a+FHw2fAiFkuy01uYRWA5GWofYAGq1ePzXD3lD","previousCounter":0,"rootKey":"I+ynAB1kHXrftEI92+mavHCpvw1zt5aM7762CsxhvSg="},"indexInfo":{"baseKey":"BaRxgus6nFLZDkt5ZlFWrqjaRe8IGyFfY967Ln03j1dI","baseKeyType":1,"closed":-1,"used":1692405310263,"created":1692405310263,"remoteIdentityKey":"BYTPff3JXpluNsughwboIM6Lg1RDaagamfk1EpsiItBL"},"_chains":{"BdkiYK+cxxe8cNFyw33DF4Oj6iOCwy5CfDX0ppehKsl5":{"chainKey":{"counter":0,"key":"vuMABq+xAcq2a2G82KMOACM5RpphTk5AptQO77Q7Km0="},"chainType":1,"messageKeys":{}}},"pendingPreKey":{"signedKeyId":4,"baseKey":"BaRxgus6nFLZDkt5ZlFWrqjaRe8IGyFfY967Ln03j1dI","preKeyId":10084491}}},"version":"v1"}