{"_sessions":{"BSZUL29Ei+kM851WXIiPeilVCdjCLCFfgjVQBG2GZ1Bs":{"registrationId":447507658,"currentRatchet":{"ephemeralKeyPair":{"pubKey":"BU0z4aXgZlj2mJuJwV1cjvirUZb8uH9BUP14SWz1CKwS","privKey":"uOUbA5XYKZaDISANXh5XwyHm0p6zlhr4703vQ52KlnU="},"lastRemoteEphemeralKey":"BeQFcKvm9JQ9MVTm2WmvrLBGr72nvsvHCcOOtlVmcUUR","previousCounter":0,"rootKey":"OYtf4kvIrw9C6NONvBq9+Wv/G0upwUGEDQ0ge/Rb9Jk="},"indexInfo":{"baseKey":"BSZUL29Ei+kM851WXIiPeilVCdjCLCFfgjVQBG2GZ1Bs","baseKeyType":1,"closed":-1,"used":1692405309988,"created":1692405309988,"remoteIdentityKey":"BQJX9jA7zmvvK2uHFkd73vfYuj6fuXn9sZGEIsJ5Y5QK"},"_chains":{"BU0z4aXgZlj2mJuJwV1cjvirUZb8uH9BUP14SWz1CKwS":{"chainKey":{"counter":0,"key":"/sFZXsTZwvafww22JbYsvlzvhtNf/aJqCYTfZ4bjhIU="},"chainType":1,"messageKeys":{}}},"pendingPreKey":{"signedKeyId":1,"baseKey":"BSZUL29Ei+kM851WXIiPeilVCdjCLCFfgjVQBG2GZ1Bs","preKeyId":9712049}}},"version":"v1"}