{"_sessions":{"BSRcu8pHTOUH+Jyg195FK8cM60xlUliDUAaMW11wf4wv":{"registrationId":1923518246,"currentRatchet":{"ephemeralKeyPair":{"pubKey":"BXwy2gNOCeN53AoQFKrgBb3l63LJCqy3ahb1VXHLjLxD","privKey":"oMK1lGYaFb+0P24ruE3usTOhr8MJ2l1cWmRyZfb6dWU="},"lastRemoteEphemeralKey":"BYNEEtpX+TEYzKqxONBZgsS3M5bG1GeiTLNBC6t3/tYj","previousCounter":0,"rootKey":"il34bGqex13aNhOSVE3xdE2gWbLqVlrG/BXH/GyrhDc="},"indexInfo":{"baseKey":"BSRcu8pHTOUH+Jyg195FK8cM60xlUliDUAaMW11wf4wv","baseKeyType":1,"closed":-1,"used":1692405309221,"created":1692405309221,"remoteIdentityKey":"BZqG3RcHIzYfR7/Pp++XFGC2Ym/1LBX+J9h08jh4dnoV"},"_chains":{"BXwy2gNOCeN53AoQFKrgBb3l63LJCqy3ahb1VXHLjLxD":{"chainKey":{"counter":0,"key":"gKUYvEa29e9+SnwaYMk97RNV1crbQBIgMrSSXbkuOok="},"chainType":1,"messageKeys":{}}},"pendingPreKey":{"signedKeyId":4,"baseKey":"BSRcu8pHTOUH+Jyg195FK8cM60xlUliDUAaMW11wf4wv","preKeyId":6782496}}},"version":"v1"}