{"_sessions":{"BZgBXDFxNHVYYHWXion1zdseoRKR90pDJzk8aPWUyKMs":{"registrationId":2064320908,"currentRatchet":{"ephemeralKeyPair":{"pubKey":"Ba0dCk7ono8SXG0CXyuTFSF6DWz7ZbUZEP9D100JKJNO","privKey":"wIGh5LX9AlcEw6/sCsYbV+3dygo+06Ill1q0A/7Z/ng="},"lastRemoteEphemeralKey":"BbVNVWa9oibIBHi0k8ZtKrvRCCFSA4w7r8jywg7TNSQM","previousCounter":0,"rootKey":"VgOSIeMvN1sWJsu2Si9JQGNVyUtqSUiF/TMGO7sSAC0="},"indexInfo":{"baseKey":"BZgBXDFxNHVYYHWXion1zdseoRKR90pDJzk8aPWUyKMs","baseKeyType":1,"closed":-1,"used":1692405308950,"created":1692405308950,"remoteIdentityKey":"BZcXGTaBpzKXrkXYrAYfk0Nqyn6A1sIcxjnMIHN8gE8R"},"_chains":{"Ba0dCk7ono8SXG0CXyuTFSF6DWz7ZbUZEP9D100JKJNO":{"chainKey":{"counter":0,"key":"HT1KfiGDC19aRHM+8mVKTW+4RrddkrwlG9u8V2Xy2Ng="},"chainType":1,"messageKeys":{}}},"pendingPreKey":{"signedKeyId":5,"baseKey":"BZgBXDFxNHVYYHWXion1zdseoRKR90pDJzk8aPWUyKMs","preKeyId":16619334}}},"version":"v1"}