{"_sessions":{"BYG8ARjo81DfEy5nllAeHLLATD5y+sdVaoFOmE9bB3Ih":{"registrationId":1652846115,"currentRatchet":{"ephemeralKeyPair":{"pubKey":"BURyIHt1N1AlV4LUKm489OochHVrtq6LkAeh/+j0ZxAr","privKey":"AHC/la8VuOdBt7ovmkAaxAqOZ+AWqIyGwzEokeCguWE="},"lastRemoteEphemeralKey":"BejShaCE5TFnD4sYRAZCZeX75NDjY2SHsXBWkTYNzDsU","previousCounter":0,"rootKey":"JlZpm6YyFDOQIPRJfbtwFX5nq9QrZP7bUOBTBd3F04Q="},"indexInfo":{"baseKey":"BYG8ARjo81DfEy5nllAeHLLATD5y+sdVaoFOmE9bB3Ih","baseKeyType":1,"closed":-1,"used":1692405309148,"created":1692405309148,"remoteIdentityKey":"BbowxSblnihBCDsjpXisGkliSWgNARYPLKn9RI7PLPpX"},"_chains":{"BURyIHt1N1AlV4LUKm489OochHVrtq6LkAeh/+j0ZxAr":{"chainKey":{"counter":0,"key":"aR2EaouX7O8jD1H+PU8y3FsWq87HDYunwKDcLdZ+nrg="},"chainType":1,"messageKeys":{}}},"pendingPreKey":{"signedKeyId":32,"baseKey":"BYG8ARjo81DfEy5nllAeHLLATD5y+sdVaoFOmE9bB3Ih","preKeyId":12826462}}},"version":"v1"}