{"_sessions":{"BfVDHvjCINxm4Q+6ZRREKnbSLEyw5QDqHLNgnHTi8Hwy":{"registrationId":1434441686,"currentRatchet":{"ephemeralKeyPair":{"pubKey":"BfUlrV2o4zk0XE4GCVf0vwQ5H2/6YNxGAsCXe7kblm5I","privKey":"UNwR4MT0xRLAFFdHFtygloPMXB3T2tBgGmndX8bXsUk="},"lastRemoteEphemeralKey":"BfMOCbUg+yGvCYxGAf+i6CAWz5ibMbUoSeav4q8hF6RM","previousCounter":0,"rootKey":"qrTTu6eTLt04uEjzRa4xcXTQjLbizHucG+k255addZk="},"indexInfo":{"baseKey":"BfVDHvjCINxm4Q+6ZRREKnbSLEyw5QDqHLNgnHTi8Hwy","baseKeyType":1,"closed":-1,"used":1692405310308,"created":1692405310308,"remoteIdentityKey":"BQTFuB5bD9mIsgZP3liSvd4EJEsuH3PLmfqLH3jB3eYx"},"_chains":{"BfUlrV2o4zk0XE4GCVf0vwQ5H2/6YNxGAsCXe7kblm5I":{"chainKey":{"counter":0,"key":"/79s9jQTdDkNRc7o1KFaxRsAcM/mHU6Q5sLLA2J+c6k="},"chainType":1,"messageKeys":{}}},"pendingPreKey":{"signedKeyId":3,"baseKey":"BfVDHvjCINxm4Q+6ZRREKnbSLEyw5QDqHLNgnHTi8Hwy","preKeyId":11112913}}},"version":"v1"}