{"_sessions":{"BV3y0pzevnb5VsJ+KWEStLToPiSRGpIHVDRc4thWvJgO":{"registrationId":1924202021,"currentRatchet":{"ephemeralKeyPair":{"pubKey":"BaOaXSB/R6Xa4Y803jo6/GX6Xbuc3IV8EmfPmq3Lc7dB","privKey":"0PjjZF/pxY5D754Nm7uA/bspJnNp7gpgJQjYE6vTwng="},"lastRemoteEphemeralKey":"BXQqdnUtjkSkGXMigGUJFzEcX79QqeapcN19JpxKa5Mc","previousCounter":0,"rootKey":"ZzccxZVuQYkj7MHcbOiXkxy9DbAgaeBkFNmcB4m2Dlw="},"indexInfo":{"baseKey":"BV3y0pzevnb5VsJ+KWEStLToPiSRGpIHVDRc4thWvJgO","baseKeyType":1,"closed":-1,"used":1692405309810,"created":1692405309810,"remoteIdentityKey":"BbUmvcvCRwpwwcvmGDsG+Ml5J6QGvXPRn1FlYZyiji1V"},"_chains":{"BaOaXSB/R6Xa4Y803jo6/GX6Xbuc3IV8EmfPmq3Lc7dB":{"chainKey":{"counter":0,"key":"mnni9juM1jR6lMp5HBhNwHFEUj7duC/FbtNo/5BcV5s="},"chainType":1,"messageKeys":{}}},"pendingPreKey":{"signedKeyId":19,"baseKey":"BV3y0pzevnb5VsJ+KWEStLToPiSRGpIHVDRc4thWvJgO","preKeyId":6712838}}},"version":"v1"}