{"_sessions":{"BT+0cpocfN90Fj/ZNV3yV3vfBAAmpMeS4qNxdZhjpL8R":{"registrationId":903512287,"currentRatchet":{"ephemeralKeyPair":{"pubKey":"BYWKJIa4Cq8sleVFMOKSapYlpCYneR5hMmhZIZEl2S4p","privKey":"OPd90Xy/ouYHZgoTPLewWSNLh8SzlflSomL4kWOq1Ww="},"lastRemoteEphemeralKey":"BeR2C4xXA8HdxnogSNhC6qmYw7/ArMYmF4cNZByTBH5Q","previousCounter":0,"rootKey":"iGcmwzF/gp0o3mLgtG6K3nbdnp7ZA6D1SXTtymzAh/U="},"indexInfo":{"baseKey":"BT+0cpocfN90Fj/ZNV3yV3vfBAAmpMeS4qNxdZhjpL8R","baseKeyType":1,"closed":-1,"used":1692405310068,"created":1692405310068,"remoteIdentityKey":"Bc+WCvrZeyp3Sy1yuM9RdGzdN3PtFESb/pjTjr1KE9Jh"},"_chains":{"BYWKJIa4Cq8sleVFMOKSapYlpCYneR5hMmhZIZEl2S4p":{"chainKey":{"counter":0,"key":"cUU4+0fA/pklLsVsprdWAXQ46Ul6usuEKtQZsqDlBXw="},"chainType":1,"messageKeys":{}}},"pendingPreKey":{"signedKeyId":0,"baseKey":"BT+0cpocfN90Fj/ZNV3yV3vfBAAmpMeS4qNxdZhjpL8R","preKeyId":14272484}}},"version":"v1"}