{"_sessions":{"BQLiywcDoWYEPThZJDEWQJTihaBaJjsz8Y/5NWhKVnUF":{"registrationId":221996633,"currentRatchet":{"ephemeralKeyPair":{"pubKey":"BQzBjvAYhIpm3yVvr6drh5/QGRRO0baj5C338nwbWBBJ","privKey":"8KTxMQD/4X+i5yW8MN7bUgj5tssf9H/zAiocdpVJ3VA="},"lastRemoteEphemeralKey":"BUyyEI+2IPwN1IaqJFZnUmnm9RcY8cd3Jd35qtxJoWxT","previousCounter":0,"rootKey":"WQPr1R5Up43PNxHRvZP+m7mc75qfhR4Jj7sskY6qkg4="},"indexInfo":{"baseKey":"BQLiywcDoWYEPThZJDEWQJTihaBaJjsz8Y/5NWhKVnUF","baseKeyType":1,"closed":-1,"used":1692405309793,"created":1692405309793,"remoteIdentityKey":"Balw0ztcTg3g8+ntCyvvRcpaQZMCqGOrw2+jkxR9x0lz"},"_chains":{"BQzBjvAYhIpm3yVvr6drh5/QGRRO0baj5C338nwbWBBJ":{"chainKey":{"counter":0,"key":"0eXFXq3y+KEsMFmXLxRdzGwGF0gCnTwJod3/21mrHAQ="},"chainType":1,"messageKeys":{}}},"pendingPreKey":{"signedKeyId":15,"baseKey":"BQLiywcDoWYEPThZJDEWQJTihaBaJjsz8Y/5NWhKVnUF","preKeyId":14766301}}},"version":"v1"}