{"_sessions":{"BSLhOJpAsevqtpJ3mFJGZyqZ9hWXs2/2372P4K5serIZ":{"registrationId":393883128,"currentRatchet":{"ephemeralKeyPair":{"pubKey":"Bay0D6iKPguCaFlhRF1sV9+54Wle59H4lkWY7Nfs8Q4f","privKey":"INms25oecNsWX+eLBamvCgA63d3eDTmhL2/3Z8R6Fkc="},"lastRemoteEphemeralKey":"BU+Eorz1+UbTgb5rLgL6Plq3PQqRFnAD56Lbw5vLMGhN","previousCounter":0,"rootKey":"vHuzoPR5bqsFxFBnXPjGKjiX8/fXI1Se8NrvWDMy3T0="},"indexInfo":{"baseKey":"BSLhOJpAsevqtpJ3mFJGZyqZ9hWXs2/2372P4K5serIZ","baseKeyType":1,"closed":-1,"used":1692405308639,"created":1692405308639,"remoteIdentityKey":"BV64JDusL5UuxBjI+lK4OiiSH2LtVmb/wwcYvAZtk8EL"},"_chains":{"Bay0D6iKPguCaFlhRF1sV9+54Wle59H4lkWY7Nfs8Q4f":{"chainKey":{"counter":0,"key":"AhbcQ/9UeCgf2mkrBsv2yvfIqJ3MosojZ2JWvjf9+Xg="},"chainType":1,"messageKeys":{}}},"pendingPreKey":{"signedKeyId":2,"baseKey":"BSLhOJpAsevqtpJ3mFJGZyqZ9hWXs2/2372P4K5serIZ","preKeyId":6685309}}},"version":"v1"}