{"_sessions":{"BZAETN/HDZv2o4a7paTylURbKoJEtHcojpW2r/zI8vIo":{"registrationId":1203611985,"currentRatchet":{"ephemeralKeyPair":{"pubKey":"BXhRNbU0cn9SgO00fvfpJhJzUVpjiANzlAAPqJruqYJS","privKey":"YCuZkvYVx8ULwSu+cMmgDNWackYunFqqkHjAo7w+r18="},"lastRemoteEphemeralKey":"BWgsNYM3Ab86gPO0YZaMc6VyMLLXZyG6PYDAzonLgy05","previousCounter":0,"rootKey":"NriW68i3hE7afMrmTaWZBQV2uQhF6uL+Mj/0ES4A2mg="},"indexInfo":{"baseKey":"BZAETN/HDZv2o4a7paTylURbKoJEtHcojpW2r/zI8vIo","baseKeyType":1,"closed":-1,"used":1692405310421,"created":1692405310421,"remoteIdentityKey":"BcEq/Ta++hROiar9AryeEo22KgOJ+hS4e5R0lNqeK1UU"},"_chains":{"BXhRNbU0cn9SgO00fvfpJhJzUVpjiANzlAAPqJruqYJS":{"chainKey":{"counter":0,"key":"gBagAeflmc781nRku5/6RS/MYwqJ44z/M3j6myPV5cs="},"chainType":1,"messageKeys":{}}},"pendingPreKey":{"signedKeyId":0,"baseKey":"BZAETN/HDZv2o4a7paTylURbKoJEtHcojpW2r/zI8vIo","preKeyId":7915403}}},"version":"v1"}