{"_sessions":{"BW6Xt31fzT0Jd1oF1ufxEj9W4YD9q82N1NLOV3I5L7kD":{"registrationId":847968334,"currentRatchet":{"ephemeralKeyPair":{"pubKey":"BU2erJC/TTLKuI8GBBZnlzutO5w1VcRT8TplnCSLGmN1","privKey":"UAjFJAdGLxO4g0EzHXCNk4Ovn6UPDsMCoLONE36ue20="},"lastRemoteEphemeralKey":"BWUdxyHJu/cEflb6vgIMJbgARXFCAeBv3zDM9HyqSZZD","previousCounter":0,"rootKey":"ul1DYDyhyjW8FfcelphJWa2HX3QyCBSlw6a86I/pet4="},"indexInfo":{"baseKey":"BW6Xt31fzT0Jd1oF1ufxEj9W4YD9q82N1NLOV3I5L7kD","baseKeyType":1,"closed":-1,"used":1692405310351,"created":1692405310351,"remoteIdentityKey":"BZqe0k2k6VEFY367a/plhG3yP2kQKy+1CLPWc7JnoC11"},"_chains":{"BU2erJC/TTLKuI8GBBZnlzutO5w1VcRT8TplnCSLGmN1":{"chainKey":{"counter":0,"key":"1Qfh2+qTjKaGMEEZQj2r2RhyNi/AEBADuj+NWgX5JI4="},"chainType":1,"messageKeys":{}}},"pendingPreKey":{"signedKeyId":2,"baseKey":"BW6Xt31fzT0Jd1oF1ufxEj9W4YD9q82N1NLOV3I5L7kD","preKeyId":16154796}}},"version":"v1"}