{"_sessions":{"BZqINhAKR56cmv11GUARnHK0gZGddG0RmqJwZqVYI1tg":{"registrationId":279169458,"currentRatchet":{"ephemeralKeyPair":{"pubKey":"BR0CbqBtXUPr7LdLBVONROeqcOpv+wGoeRvWC/adeA0/","privKey":"aJ2JRBlwHGqPBfcAutbVmTX4WFgdJPzoNH0EPC7WL38="},"lastRemoteEphemeralKey":"BafvMj41hzM0PcVQxtCZcIb5ozRMnwAgHBj8kcM/Q2w0","previousCounter":0,"rootKey":"jHyCJ1mkwEjRTLqApJ4rGdq9HDrQY4wo2TFyVy3BTyM="},"indexInfo":{"baseKey":"BZqINhAKR56cmv11GUARnHK0gZGddG0RmqJwZqVYI1tg","baseKeyType":1,"closed":-1,"used":1692405800384,"created":1692405800384,"remoteIdentityKey":"BaP5LOf9Wc1Bobpud8v0tsw4dFV746JS+8DGbAparnJ+"},"_chains":{"BR0CbqBtXUPr7LdLBVONROeqcOpv+wGoeRvWC/adeA0/":{"chainKey":{"counter":0,"key":"qNpUTyrigEpunO1PIHb/NieOcwMABVFBrb6h3OrXtCo="},"chainType":1,"messageKeys":{}}},"pendingPreKey":{"signedKeyId":0,"baseKey":"BZqINhAKR56cmv11GUARnHK0gZGddG0RmqJwZqVYI1tg","preKeyId":9688938}}},"version":"v1"}