{"_sessions":{"BRTD5qYEPcptoP3xQrQygLilVaUbPW3SuqBch4VU/vRQ":{"registrationId":623748125,"currentRatchet":{"ephemeralKeyPair":{"pubKey":"BRG+IQ5nSfo8XL+r0GCwnF695bQOuWxLbOpCXFvPkAxo","privKey":"2M+qrkJE1rZKh4LiVD0q8HQ6EvxMCA1hcWGm6AoVpXU="},"lastRemoteEphemeralKey":"BQMBBHw52rJqc21hlaLErylhFYhTuOjkgpbIE920wcgv","previousCounter":0,"rootKey":"G6qnM7aBv/x3MvwoOMx74T0iOHv+viIRq16sCfcY+sg="},"indexInfo":{"baseKey":"BRTD5qYEPcptoP3xQrQygLilVaUbPW3SuqBch4VU/vRQ","baseKeyType":1,"closed":-1,"used":1692406478178,"created":1692406478178,"remoteIdentityKey":"BXhJQ25Fa8y50CJVY56uLooJOXBxJIpQCdChbQlgFUAV"},"_chains":{"BRG+IQ5nSfo8XL+r0GCwnF695bQOuWxLbOpCXFvPkAxo":{"chainKey":{"counter":0,"key":"6DuqIMZRa5FckwVBTgbihVjFskgJc+UJyox+gNXDoDU="},"chainType":1,"messageKeys":{}}},"pendingPreKey":{"signedKeyId":17,"baseKey":"BRTD5qYEPcptoP3xQrQygLilVaUbPW3SuqBch4VU/vRQ","preKeyId":15964024}}},"version":"v1"}