{"_sessions":{"BW5iZhH/yZdF/2W4KNQJyhBWNVdM7y2NUw1N82fMTpwp":{"registrationId":291259608,"currentRatchet":{"ephemeralKeyPair":{"pubKey":"BZDi+9/AepOX4QEo6U9Z3p0pie1hg25A3w0iCTEQJhVD","privKey":"OGD8xGGZBT5BKFv8JRhqEqH049DPfhKF0GYejcAB9VA="},"lastRemoteEphemeralKey":"BVEbIO0t1q/mvUGcfwJpskRZ2ZLc9vZxqHrtCc+yvJBO","previousCounter":0,"rootKey":"oAVzt8NyQLHOWCaJnkaZQXQCLGSU9pmIR1FHtrESwvI="},"indexInfo":{"baseKey":"BW5iZhH/yZdF/2W4KNQJyhBWNVdM7y2NUw1N82fMTpwp","baseKeyType":1,"closed":-1,"used":1692405309520,"created":1692405309520,"remoteIdentityKey":"BfLEGABpQny4i95Xc2GNAyY8Fhacdc9awu9C0b6M4+Na"},"_chains":{"BZDi+9/AepOX4QEo6U9Z3p0pie1hg25A3w0iCTEQJhVD":{"chainKey":{"counter":0,"key":"Gz4aeAUTIfSUE87zlLBOWsbLKxGLtKExvL1jfmPOUAc="},"chainType":1,"messageKeys":{}}},"pendingPreKey":{"signedKeyId":18,"baseKey":"BW5iZhH/yZdF/2W4KNQJyhBWNVdM7y2NUw1N82fMTpwp","preKeyId":8809533}}},"version":"v1"}