{"_sessions":{"Bb2bT6zLfozxBmCOOoLUM49kKcCCYLcCRsggEVcjsj1E":{"registrationId":1630807836,"currentRatchet":{"ephemeralKeyPair":{"pubKey":"BfgmRg3v5pLAWvpkx6MQYlJuIVYHVItzmfDrvf4mJyhW","privKey":"2O/9Ov6kmhz4TYsxLQf33Eee4NcRKnzfGEwZdvJ2JnQ="},"lastRemoteEphemeralKey":"Bcfvx9RrkiXowiWg5PMrAKQiXLFipG6UkQ9Ai6vp6CtW","previousCounter":0,"rootKey":"SwPNBsPZA48hTBim0XASfxPg2K6+VHN47dWaq7xgfBk="},"indexInfo":{"baseKey":"Bb2bT6zLfozxBmCOOoLUM49kKcCCYLcCRsggEVcjsj1E","baseKeyType":1,"closed":-1,"used":1692405310548,"created":1692405310548,"remoteIdentityKey":"BXrqxQuCW5HrQjm+OLV6pQyVmAAhg/7DqDZH2LSbGiUY"},"_chains":{"BfgmRg3v5pLAWvpkx6MQYlJuIVYHVItzmfDrvf4mJyhW":{"chainKey":{"counter":0,"key":"AZR9Dz+aS1sc6nxt0IH2f1B4pMhmAJr69xXEbYdodoc="},"chainType":1,"messageKeys":{}}},"pendingPreKey":{"signedKeyId":11,"baseKey":"Bb2bT6zLfozxBmCOOoLUM49kKcCCYLcCRsggEVcjsj1E","preKeyId":2407246}}},"version":"v1"}