{"_sessions":{"BfXTBOY9MvsSvxBwiRC9ImsEHpp3V7LB3aMxvtdjU2VU":{"registrationId":1411425849,"currentRatchet":{"ephemeralKeyPair":{"pubKey":"BZ5RDa8+WPRYJdDUonrXJU1+SHjcBL4ZxEvI9d230fxV","privKey":"CPiQ32sRrV37mPBk5PTpRy8H4MunnUpgmMJrx0NYWHo="},"lastRemoteEphemeralKey":"BaONH3krgnbO03YmBD53rLDWZ4aHvuoCbo6jLG+HPTsQ","previousCounter":0,"rootKey":"HPV9/pfCS8VxSA95XuruBXvxxLhfiD45vlGA97+RKD4="},"indexInfo":{"baseKey":"BfXTBOY9MvsSvxBwiRC9ImsEHpp3V7LB3aMxvtdjU2VU","baseKeyType":1,"closed":-1,"used":1692405309547,"created":1692405309547,"remoteIdentityKey":"BWCNYWoosePzS08V9S61M8l75gvw9PSu4sOkwPLCwB1w"},"_chains":{"BZ5RDa8+WPRYJdDUonrXJU1+SHjcBL4ZxEvI9d230fxV":{"chainKey":{"counter":0,"key":"gh/VF3AzkOBYm8qP+/hi89LA9SYUHh5sp+ePOj0Bi7E="},"chainType":1,"messageKeys":{}}},"pendingPreKey":{"signedKeyId":4,"baseKey":"BfXTBOY9MvsSvxBwiRC9ImsEHpp3V7LB3aMxvtdjU2VU","preKeyId":5264868}}},"version":"v1"}