{"_sessions":{"BZBOUuMFmClKLAca/mF3N1YMooz0s0YQIMf/6PUb6zwd":{"registrationId":604593511,"currentRatchet":{"ephemeralKeyPair":{"pubKey":"BYqc0af1rdNbHS2xpdbStSdGweRew6FdTvcDW+JCJ7QO","privKey":"QFWRH4ESIbb5giMgdGxvRT7a054E/u7mOX6dnNjSHWU="},"lastRemoteEphemeralKey":"BQSv4AEJ3welZLlSwkAU/T4LFy6OzlqCUUVnMHo7SsZ6","previousCounter":0,"rootKey":"br3GODuVix4KZN4iLRnA8kHadR5A50M/O7mauLOK48M="},"indexInfo":{"baseKey":"BZBOUuMFmClKLAca/mF3N1YMooz0s0YQIMf/6PUb6zwd","baseKeyType":1,"closed":-1,"used":1692405309042,"created":1692405309042,"remoteIdentityKey":"BaemXcpEoWHc+x8Wsxb6aK//EYp1PI3CbY4UNL9CD4oA"},"_chains":{"BYqc0af1rdNbHS2xpdbStSdGweRew6FdTvcDW+JCJ7QO":{"chainKey":{"counter":0,"key":"UEokcKmsEioLYx3//fnFuBlk6++zFJhMgVnqQqnNoiM="},"chainType":1,"messageKeys":{}}},"pendingPreKey":{"signedKeyId":28,"baseKey":"BZBOUuMFmClKLAca/mF3N1YMooz0s0YQIMf/6PUb6zwd","preKeyId":5006059}}},"version":"v1"}