{"_sessions":{"BWjUSyDs0WbXJcVxTmT2XKnZEx9MP3xmvPxwvla1//JD":{"registrationId":158946092,"currentRatchet":{"ephemeralKeyPair":{"pubKey":"BUHqKf9VQudep5QcRxO9z+NshhsPaFINt43cG9cTciFo","privKey":"EIv31IhtICOyZqTnFx5iUwoWZXXsMZ/4eyacqzmjokE="},"lastRemoteEphemeralKey":"BX4QE/wGjBklEXDP6fZq3U3BoscbKynD3tl3rSEac+pN","previousCounter":0,"rootKey":"3xhwLEFMlY6og9VH6HzXDu5DD0DO9PTkoSlo7fH+EMk="},"indexInfo":{"baseKey":"BWjUSyDs0WbXJcVxTmT2XKnZEx9MP3xmvPxwvla1//JD","baseKeyType":1,"closed":-1,"used":1692405309781,"created":1692405309781,"remoteIdentityKey":"BSljSgZVGcRXr9iKesWWYyd3GOtYZfO3SGoJq22RT1c4"},"_chains":{"BUHqKf9VQudep5QcRxO9z+NshhsPaFINt43cG9cTciFo":{"chainKey":{"counter":0,"key":"/vZBXTROzkG9BRd4fPBnqJJp32iYmmL9nbPj0BpgBXc="},"chainType":1,"messageKeys":{}}},"pendingPreKey":{"signedKeyId":0,"baseKey":"BWjUSyDs0WbXJcVxTmT2XKnZEx9MP3xmvPxwvla1//JD","preKeyId":1136449}}},"version":"v1"}