{"_sessions":{"BUc8cibJi8UtRL3FN0dpGjlyeDD7ORu5oJXvPNXT6esD":{"registrationId":1916000812,"currentRatchet":{"ephemeralKeyPair":{"pubKey":"BXza6mLOqZWQRgNXocvVPS5nIW2G5Ku2i9QMTEL9pVZ1","privKey":"6LZBipbYTba0+rWCJTJjWLOtcBYR9lHF1+2qHvPUs2c="},"lastRemoteEphemeralKey":"BSD4rw+MwA/lrgifJqNkf5OJl3j6d9mME9DKuxdsdZ4j","previousCounter":0,"rootKey":"Sip94HyV9M3wKRGI3FDmHh8RGNBIIjzg3XtMSYrDqRk="},"indexInfo":{"baseKey":"BUc8cibJi8UtRL3FN0dpGjlyeDD7ORu5oJXvPNXT6esD","baseKeyType":1,"closed":-1,"used":1692405309488,"created":1692405309488,"remoteIdentityKey":"BZAMQxxeJGwHMByUGCRXr0mIyER9mevffeWAYCB30jNP"},"_chains":{"BXza6mLOqZWQRgNXocvVPS5nIW2G5Ku2i9QMTEL9pVZ1":{"chainKey":{"counter":0,"key":"47/4ypvo+k3IS70Bgto8cU3LwIEnsKBjCSasfW0FHXk="},"chainType":1,"messageKeys":{}}},"pendingPreKey":{"signedKeyId":23,"baseKey":"BUc8cibJi8UtRL3FN0dpGjlyeDD7ORu5oJXvPNXT6esD","preKeyId":4291889}}},"version":"v1"}