{"_sessions":{"BTcjwIsa3RzeWe4472/g+1iYGGVpLldsRUp/e6DpAuFw":{"registrationId":532196980,"currentRatchet":{"ephemeralKeyPair":{"pubKey":"BV/D6fEEftsCSncdZ87AkBY2wqkN8hKRQnwt5YV2kl1M","privKey":"0IC/XgtcbuKS8tBcf7wgWwsrAumFKp8/FWyqdRz/K3I="},"lastRemoteEphemeralKey":"BV9xVMktJg1+RPoBCBF0q1WkgaD+fy6W4reTnF8/xjNU","previousCounter":0,"rootKey":"0XGSruSpeQ3Kn7lSRIPWIle5pK5eO9onQSGdZwzQMHk="},"indexInfo":{"baseKey":"BTcjwIsa3RzeWe4472/g+1iYGGVpLldsRUp/e6DpAuFw","baseKeyType":1,"closed":-1,"used":1692405310404,"created":1692405310404,"remoteIdentityKey":"BVG0jvTM+IwMhnSGs4b0UvTIpT6IPIvaOaBmJwDuo/ZO"},"_chains":{"BV/D6fEEftsCSncdZ87AkBY2wqkN8hKRQnwt5YV2kl1M":{"chainKey":{"counter":0,"key":"14VH2uJUeonBUAA3Y6dw7o3c3dvGmWgdouSuBPRUwGQ="},"chainType":1,"messageKeys":{}}},"pendingPreKey":{"signedKeyId":0,"baseKey":"BTcjwIsa3RzeWe4472/g+1iYGGVpLldsRUp/e6DpAuFw"}}},"version":"v1"}