{"_sessions":{"BQpxLV/3JbpcJnKNdzAZhiPa1bqL6ernSFhArhQ3Pdtz":{"registrationId":2107173051,"currentRatchet":{"ephemeralKeyPair":{"pubKey":"BceFu87DrYBVqHPzgLYjpwoL81GhlxnWXiWTjQIvLc5T","privKey":"mKaa/I5zta2aNNQYHlSnA5e5u+538mDiHmYRyWrGgWA="},"lastRemoteEphemeralKey":"BVIi7usCyT4t/2h3+W/64MEkCnbC6Z0BhI7izR/ueUQ/","previousCounter":0,"rootKey":"6rpu5N1lS5qRy4qeBfNdLTcC+GURyB7ydN9vfs4xRzI="},"indexInfo":{"baseKey":"BQpxLV/3JbpcJnKNdzAZhiPa1bqL6ernSFhArhQ3Pdtz","baseKeyType":1,"closed":-1,"used":1692405308693,"created":1692405308693,"remoteIdentityKey":"BWiWOaJdgGuDLV51E9QFknudl4ou+zr7f69YdlT1ZPtW"},"_chains":{"BceFu87DrYBVqHPzgLYjpwoL81GhlxnWXiWTjQIvLc5T":{"chainKey":{"counter":0,"key":"o+gQ41qzH3XxLQQyNViWd8DnQbaZNtpQQZUaJW/KPEw="},"chainType":1,"messageKeys":{}}},"pendingPreKey":{"signedKeyId":4,"baseKey":"BQpxLV/3JbpcJnKNdzAZhiPa1bqL6ernSFhArhQ3Pdtz","preKeyId":9516033}}},"version":"v1"}