{"_sessions":{"Bb29YkHPcm9Nw2kpDR30N6mMZ0ZjoAIuqYaUCwB4ICxt":{"registrationId":1570,"currentRatchet":{"ephemeralKeyPair":{"pubKey":"BSkjsgBX7gSoRghzVzO5jALT4R7bJ5Ai+UJGLirEjC46","privKey":"OEnXzqsmTyPhQFej5R1+hDcdmk7lXlfA9YIvoz9CH1k="},"lastRemoteEphemeralKey":"BTaadEi5RxUXO4qGeFabeBsdIs0oe53orpW2V9glUkg3","previousCounter":0,"rootKey":"2ZurLm5FtOvS3lmM0Vd/7HnAn9Ez5G2OOwefxmMnRRE="},"indexInfo":{"baseKey":"Bb29YkHPcm9Nw2kpDR30N6mMZ0ZjoAIuqYaUCwB4ICxt","baseKeyType":1,"closed":-1,"used":1692405308171,"created":1692405308171,"remoteIdentityKey":"BeLc6mIGRBnKH7UF5Fd0GGka2dVtKGpbqFRDelg2RWkU"},"_chains":{"BSkjsgBX7gSoRghzVzO5jALT4R7bJ5Ai+UJGLirEjC46":{"chainKey":{"counter":0,"key":"RukqFQ3K6zpwotf/oRTDxofKL+SvkP9jco18+LCCWk8="},"chainType":1,"messageKeys":{}}},"pendingPreKey":{"signedKeyId":1,"baseKey":"Bb29YkHPcm9Nw2kpDR30N6mMZ0ZjoAIuqYaUCwB4ICxt"}}},"version":"v1"}