{"_sessions":{"BRvJ7rIQS847DDvV+IkLIvgo4yFjQLU0+30qzpizJGYm":{"registrationId":357,"currentRatchet":{"ephemeralKeyPair":{"pubKey":"Ba0wdw+M6wTscEBhmm8YhE9tAKZhi5OUsk7HrTzKicZn","privKey":"KIuLjC1HQIoNA2WOhD7kxOTT3xzCn83LErmsD/Oo7Uc="},"lastRemoteEphemeralKey":"BWVR4wfCeTExjkcbVPNn4boMLKVFCGAZ2DTYr+JwYt4B","previousCounter":0,"rootKey":"SuftXBo3QgREc1iKhP/9Ld3edgO5p78p0j9/PKaBKJs="},"indexInfo":{"baseKey":"BRvJ7rIQS847DDvV+IkLIvgo4yFjQLU0+30qzpizJGYm","baseKeyType":1,"closed":-1,"used":1692405307883,"created":1692405307883,"remoteIdentityKey":"BV7P35yzePuzRk4k8tQdPVYMeFZjgaUQjFbxLNNUJqJ9"},"_chains":{"Ba0wdw+M6wTscEBhmm8YhE9tAKZhi5OUsk7HrTzKicZn":{"chainKey":{"counter":0,"key":"V1M3tI9nBlpBVfrB3jWkgNLfgBRX9aQOD19/VOsv2tg="},"chainType":1,"messageKeys":{}}},"pendingPreKey":{"signedKeyId":1,"baseKey":"BRvJ7rIQS847DDvV+IkLIvgo4yFjQLU0+30qzpizJGYm"}}},"version":"v1"}