{"_sessions":{"BXHIeZlq2I+VZqXQuMazQJdVCqgJudSZYj3wg3p2ECkC":{"registrationId":1412767320,"currentRatchet":{"ephemeralKeyPair":{"pubKey":"BZq3cHakovg4kP6bffEGlXxtTxjNmvQDo7a9O8dcmEU0","privKey":"WCvBntxNuY6vJCQjedPprSHeS2zzeYN79Ad6qrFOEFs="},"lastRemoteEphemeralKey":"BeU4GF4CqLCsHuOE4JoHKzyFnPGiPS1h6NiU8aGICB9W","previousCounter":0,"rootKey":"mS3g6w2mHTbLLFbiWY1NVkbyCKdvqw2nyx95y5dY8J8="},"indexInfo":{"baseKey":"BXHIeZlq2I+VZqXQuMazQJdVCqgJudSZYj3wg3p2ECkC","baseKeyType":1,"closed":-1,"used":1692405308535,"created":1692405308535,"remoteIdentityKey":"BdtpiytaVGVhcoP4CFt7WRUtazScrCpkk3HCUroLfLkb"},"_chains":{"BZq3cHakovg4kP6bffEGlXxtTxjNmvQDo7a9O8dcmEU0":{"chainKey":{"counter":0,"key":"0VozDbqkkp+jxLCvyzNFxvJEFyGYXDBh0Csk2S8RgWM="},"chainType":1,"messageKeys":{}}},"pendingPreKey":{"signedKeyId":6,"baseKey":"BXHIeZlq2I+VZqXQuMazQJdVCqgJudSZYj3wg3p2ECkC"}}},"version":"v1"}