{"_sessions":{"BZgD3lIdTekfF+z+7iH4OvLX1pUpzsilcxzN9hKS2DpE":{"registrationId":585165780,"currentRatchet":{"ephemeralKeyPair":{"pubKey":"BRaRotNQgLERergK7+VQwhq7tR1KftQ1AtaiylgrFDAL","privKey":"EIpn2we6GwgeQtJxSznWfFS8OK6n13YWxkhocAdBH0o="},"lastRemoteEphemeralKey":"BYes+LO6SRgM1PG19qpB6PBOOag4lB43tnIJyDzFCgtH","previousCounter":0,"rootKey":"dSNQLZH9fpfZacYQsFJ7NeDBRRd25n26MMftRHiI7fQ="},"indexInfo":{"baseKey":"BZgD3lIdTekfF+z+7iH4OvLX1pUpzsilcxzN9hKS2DpE","baseKeyType":1,"closed":-1,"used":1692405310527,"created":1692405310527,"remoteIdentityKey":"BQn6P1IOs7bVAxQ9x7h6Atn7aemSPdLqqePu0jnQKW03"},"_chains":{"BRaRotNQgLERergK7+VQwhq7tR1KftQ1AtaiylgrFDAL":{"chainKey":{"counter":0,"key":"tq2qRfJuJtq0pAsvOEWj/I9OVBQxKN2Txzv675IkHE0="},"chainType":1,"messageKeys":{}}},"pendingPreKey":{"signedKeyId":0,"baseKey":"BZgD3lIdTekfF+z+7iH4OvLX1pUpzsilcxzN9hKS2DpE","preKeyId":16640279}}},"version":"v1"}