{"_sessions":{"BTrOqlBTO5m1S+/TOOs1GlriSZPAtzcLQq2CCMsYOCkl":{"registrationId":956246240,"currentRatchet":{"ephemeralKeyPair":{"pubKey":"BYHn+J49S7qR2vA2WUEURoFplhxR1UjsxZU6MxBhrl4L","privKey":"yFIJfvJOqHhZ8hZvGhJEosePIahL4NiF3u2w11+pNHU="},"lastRemoteEphemeralKey":"BcagKnnZRLslfCZU7e2yTdyx5YFuACwDLoT/w0j47blY","previousCounter":0,"rootKey":"BhnblFurLh5GwD0DhLGyML6SNLyGdXWjiQHNL6ZEIkQ="},"indexInfo":{"baseKey":"BTrOqlBTO5m1S+/TOOs1GlriSZPAtzcLQq2CCMsYOCkl","baseKeyType":1,"closed":-1,"used":1692405308633,"created":1692405308633,"remoteIdentityKey":"BZr/3uNbPEDW+Aq5zGTS86fU6VulPDhNR6DvVHP/KgJz"},"_chains":{"BYHn+J49S7qR2vA2WUEURoFplhxR1UjsxZU6MxBhrl4L":{"chainKey":{"counter":0,"key":"sx+9upy2F4Nxm2DERV/xa0E81IawgZ3awa0ZgN9sFc4="},"chainType":1,"messageKeys":{}}},"pendingPreKey":{"signedKeyId":10,"baseKey":"BTrOqlBTO5m1S+/TOOs1GlriSZPAtzcLQq2CCMsYOCkl","preKeyId":8402777}}},"version":"v1"}