{"_sessions":{"BewdLkhe4F7hE1eZVtKZGruKPo9d7Zq4cO6Ta1cT3twS":{"registrationId":1913931305,"currentRatchet":{"ephemeralKeyPair":{"pubKey":"BcH+zKUubLsbYVv5uM/x0OglACNKzss5SE/2dPze3M8R","privKey":"uHBJZ9yiIvhakjtjvvabVKZev8d1pzPLbQtnrW0NumE="},"lastRemoteEphemeralKey":"BdDjMvW6oDFnpha5EXOpSFoK/BisC+0i7i3+LkjHtBcg","previousCounter":0,"rootKey":"2WVAJoc3cq6W3qnPnCr3QZrB8XhR8U5PafT78XAVZ8w="},"indexInfo":{"baseKey":"BewdLkhe4F7hE1eZVtKZGruKPo9d7Zq4cO6Ta1cT3twS","baseKeyType":1,"closed":-1,"used":1692405309878,"created":1692405309878,"remoteIdentityKey":"BYeQNu5atU3XGCF3ZA6f5fUHXogj9f4Q9sAvGoX6YtoY"},"_chains":{"BcH+zKUubLsbYVv5uM/x0OglACNKzss5SE/2dPze3M8R":{"chainKey":{"counter":0,"key":"C+Z8X9UySz7dE1oPJTolf4YMFv6DA2GDw8EbQSe1TBk="},"chainType":1,"messageKeys":{}}},"pendingPreKey":{"signedKeyId":0,"baseKey":"BewdLkhe4F7hE1eZVtKZGruKPo9d7Zq4cO6Ta1cT3twS","preKeyId":12277462}}},"version":"v1"}