{"_sessions":{"Ba9VGhjZUwqKrLhNA7K/EgnZAIS5GApey4PwODF5Zq8W":{"registrationId":164871167,"currentRatchet":{"ephemeralKeyPair":{"pubKey":"BUPgLpN//Yi+LLrh0SoomSLU2q+ycjYmOFGdSGUheVI8","privKey":"KI4wDjhog9IL5SuiqwQdzeB7AlWN6dcwdnS99jvFiU0="},"lastRemoteEphemeralKey":"Baoc1sYy/yd+ZbFEYuQDtq0MGTTGUooUK7kee8mfbux2","previousCounter":0,"rootKey":"ysbpmvV6MgiL/FN4FBEG+XsEhkEi0foglPvyw0a8h8w="},"indexInfo":{"baseKey":"Ba9VGhjZUwqKrLhNA7K/EgnZAIS5GApey4PwODF5Zq8W","baseKeyType":1,"closed":-1,"used":1692405310116,"created":1692405310116,"remoteIdentityKey":"BXjlCtTUhyIt5PkjDjZ2CZ5xOQvMA02VtFCeZ7n4pBl6"},"_chains":{"BUPgLpN//Yi+LLrh0SoomSLU2q+ycjYmOFGdSGUheVI8":{"chainKey":{"counter":0,"key":"MlaBl27dYgZyEE7VxRZVA78eshqtEhMsksTg7lkZrFw="},"chainType":1,"messageKeys":{}}},"pendingPreKey":{"signedKeyId":2,"baseKey":"Ba9VGhjZUwqKrLhNA7K/EgnZAIS5GApey4PwODF5Zq8W","preKeyId":5720885}}},"version":"v1"}