{"_sessions":{"BVB1LtFSRmIhic8NQUR1ap9YFqvUDiobiMqPQUWLlMEq":{"registrationId":139128449,"currentRatchet":{"ephemeralKeyPair":{"pubKey":"BSxPSIuWGVQ36jnr5n2SGBr8RBH9wG41gtHjYQJYOKlY","privKey":"GFT/fzeVHvRuLlUiIoJnK8lJ2KmQlDXNoCXF4qwp+F4="},"lastRemoteEphemeralKey":"BfWdWgWc8QUrkzRhvihO3WNahgrIM2TrJcDJmYCNed0Y","previousCounter":0,"rootKey":"dclYHbGhAmfE5W3Bq+xOpZ5wfmMRViy+ogU3PWWEC7E="},"indexInfo":{"baseKey":"BVB1LtFSRmIhic8NQUR1ap9YFqvUDiobiMqPQUWLlMEq","baseKeyType":1,"closed":-1,"used":1692405308777,"created":1692405308777,"remoteIdentityKey":"Bc1ywd6ZA3+MD+YYgXnw8AXIbN/N6pARikWcImvMerd6"},"_chains":{"BSxPSIuWGVQ36jnr5n2SGBr8RBH9wG41gtHjYQJYOKlY":{"chainKey":{"counter":0,"key":"Bu5TDzrcXAbFUk9niF33kfXGjltn6XnTkedmgY/MHhc="},"chainType":1,"messageKeys":{}}},"pendingPreKey":{"signedKeyId":10,"baseKey":"BVB1LtFSRmIhic8NQUR1ap9YFqvUDiobiMqPQUWLlMEq","preKeyId":6003068}}},"version":"v1"}