{"_sessions":{"BSvXla2J2AXIJFwdW7BuMoUTiV5jEEslC8TQ1B+glEUf":{"registrationId":1092579260,"currentRatchet":{"ephemeralKeyPair":{"pubKey":"BaV0XL0QIXnmuck2rEGLUgtcFHkEhmJsLM7WSHOz63Ia","privKey":"4OzZHi4vhFPv0NmGdzSYvEVGycplJfrbAez8RL+YG1c="},"lastRemoteEphemeralKey":"BYSRO9/MNF1VxhmzGmeljXyVS3p/lBb1j7399GXHmK52","previousCounter":0,"rootKey":"GuFVE+XEkurzzaEcCqnwmqFST8daiC73LmC81fdShLk="},"indexInfo":{"baseKey":"BSvXla2J2AXIJFwdW7BuMoUTiV5jEEslC8TQ1B+glEUf","baseKeyType":1,"closed":-1,"used":1692405310163,"created":1692405310163,"remoteIdentityKey":"BZGAMc5hQlhAYaxhA97DSnKGFp3uC6sRLD5O2e1B+KVC"},"_chains":{"BaV0XL0QIXnmuck2rEGLUgtcFHkEhmJsLM7WSHOz63Ia":{"chainKey":{"counter":0,"key":"e5tr1CdWL4z2+5GUeZ/A7eclXrJZRtUoQ5lZTUkX7Xg="},"chainType":1,"messageKeys":{}}},"pendingPreKey":{"signedKeyId":1,"baseKey":"BSvXla2J2AXIJFwdW7BuMoUTiV5jEEslC8TQ1B+glEUf","preKeyId":14066658}}},"version":"v1"}