{"_sessions":{"BVNsTnzdlrmQ1XLn+AF+dz9/to38udtIZb30j9OZ930r":{"registrationId":277863365,"currentRatchet":{"ephemeralKeyPair":{"pubKey":"BXgL91HN/gBT+pw+caM+aWBGANVD4Km42prK1oDzqrpX","privKey":"OL4cVE8Aq6LszQ2KNRfm0fqn+rQ+dk4iHjrP0TKMZUE="},"lastRemoteEphemeralKey":"BdjxwL8YxlZgz4EzLRUAxwC1hbAXkSYMm1nyJKrksBBa","previousCounter":0,"rootKey":"IF+kQWWIO+2hXVrOYWAMn8kqPv+SR1uh/u7JlLcSYpY="},"indexInfo":{"baseKey":"BVNsTnzdlrmQ1XLn+AF+dz9/to38udtIZb30j9OZ930r","baseKeyType":1,"closed":-1,"used":1692405310269,"created":1692405310269,"remoteIdentityKey":"BX+7pn+7jAjCBildC3yPlO9MqYHBohEFKYdmqEOqfbFS"},"_chains":{"BXgL91HN/gBT+pw+caM+aWBGANVD4Km42prK1oDzqrpX":{"chainKey":{"counter":0,"key":"cBcb+y3Rk/4CO/XoHvdXZE8KkDOauVwZr1s3+IinjY0="},"chainType":1,"messageKeys":{}}},"pendingPreKey":{"signedKeyId":0,"baseKey":"BVNsTnzdlrmQ1XLn+AF+dz9/to38udtIZb30j9OZ930r","preKeyId":16753521}}},"version":"v1"}