{"_sessions":{"BYBf10VGzw/01r5Neoaae9ida86iPTMsUibV6smTsY8R":{"registrationId":660140496,"currentRatchet":{"ephemeralKeyPair":{"pubKey":"Be9C45Dd+JUWmvhRDvVlFD8KjqFkS0wPALRnDC7cLAQ0","privKey":"+BfPr6BesU6Q93e87foZRGd7fzOBvxzZfyG+MsSV9kc="},"lastRemoteEphemeralKey":"BX0elS60LEB7MFZEwyOwgvQOlIT3Uy8k0Bu9bMzIAK1O","previousCounter":0,"rootKey":"dgqe6YAGtPkyjCVHCB5/Qc5KvV0/h7ZTAPkmc4j+Sjw="},"indexInfo":{"baseKey":"BYBf10VGzw/01r5Neoaae9ida86iPTMsUibV6smTsY8R","baseKeyType":1,"closed":-1,"used":1692405309414,"created":1692405309414,"remoteIdentityKey":"BeiD3Qv5R9Pw6JEsV8+t8lbKWRb2by/otoTCiumQUfNg"},"_chains":{"Be9C45Dd+JUWmvhRDvVlFD8KjqFkS0wPALRnDC7cLAQ0":{"chainKey":{"counter":0,"key":"VtSkPA4SCnVRtZlCBEDsUH+fQM+n0yiY9Qnbh+hRgGs="},"chainType":1,"messageKeys":{}}},"pendingPreKey":{"signedKeyId":1,"baseKey":"BYBf10VGzw/01r5Neoaae9ida86iPTMsUibV6smTsY8R"}}},"version":"v1"}