{"_sessions":{"BUJxzikE9Ei0904xcz5QkswmnU5as4nXDxT1Xzkh6WQp":{"registrationId":802649861,"currentRatchet":{"ephemeralKeyPair":{"pubKey":"BWAruqPcL8ErMTXzPf9C9Msh4YUrwi8wPXg/oVOpo65C","privKey":"SArMnerm9d0lj4duB1uAfENVY+pu1gBQG5xABv0IaEI="},"lastRemoteEphemeralKey":"BcpeTgXnH7bAJu4LD61WJrFVu3ZDefICX71XuubI989L","previousCounter":0,"rootKey":"RZj1yqK+hvlJjpUrYhYvvTOXE3Ntv0E0iIYPwBHjSPM="},"indexInfo":{"baseKey":"BUJxzikE9Ei0904xcz5QkswmnU5as4nXDxT1Xzkh6WQp","baseKeyType":1,"closed":-1,"used":1692405309494,"created":1692405309494,"remoteIdentityKey":"BaF2u/45vpl1tiSBeRSgRTeMnzAAuxZLzXmLUkFpWHtH"},"_chains":{"BWAruqPcL8ErMTXzPf9C9Msh4YUrwi8wPXg/oVOpo65C":{"chainKey":{"counter":0,"key":"OWEx1uvbOh0QSzZUUkGmN8Kc2P8qj+jvLAk86fj/1R4="},"chainType":1,"messageKeys":{}}},"pendingPreKey":{"signedKeyId":8,"baseKey":"BUJxzikE9Ei0904xcz5QkswmnU5as4nXDxT1Xzkh6WQp","preKeyId":4073402}}},"version":"v1"}