{"_sessions":{"BVpYXTpL2yuePBi0lM++3QHmBlHIShYaTauREn4jnAII":{"registrationId":747557319,"currentRatchet":{"ephemeralKeyPair":{"pubKey":"BciR4E9tisita0vB6wmbdD9men5HNn5PtLxbXkntzRJo","privKey":"kOpcjb6vD1hTwIRjTnVamXa9NzcclUH9INm7HhfHo3w="},"lastRemoteEphemeralKey":"Bd5896Th6RJwfLU2qx0WfsyuXTledhnOIQNYA/71bGcy","previousCounter":0,"rootKey":"JiK8EsTm1Bv1lgW+C+TXYIjYNgyM5pY/1p/Bo3HWu6k="},"indexInfo":{"baseKey":"BVpYXTpL2yuePBi0lM++3QHmBlHIShYaTauREn4jnAII","baseKeyType":1,"closed":-1,"used":1692405310004,"created":1692405310004,"remoteIdentityKey":"BVjm6ZWmU5gzFI5ZumKGaWs09TQot/boONkvh2uGUxRb"},"_chains":{"BciR4E9tisita0vB6wmbdD9men5HNn5PtLxbXkntzRJo":{"chainKey":{"counter":0,"key":"4hk3NjHOhob0G/EWnVowQmrH2KQaMt6RAcw4vRgArTw="},"chainType":1,"messageKeys":{}}},"pendingPreKey":{"signedKeyId":30,"baseKey":"BVpYXTpL2yuePBi0lM++3QHmBlHIShYaTauREn4jnAII","preKeyId":11315596}}},"version":"v1"}