{"_sessions":{"BX5oXJPr3rOI2II6gT/SLFNI1EsNW53fBykKieJOzG8G":{"registrationId":7473,"currentRatchet":{"ephemeralKeyPair":{"pubKey":"BTF5VESHvactPmHeDnYSCrDfmvl0Ep6SRUZAeSvRgT4J","privKey":"kMXoX02uHFChH4np9J4teO++WtA4xPnPsYdzp/q1+ks="},"lastRemoteEphemeralKey":"Bbu4x2FaKWDYLBhaLz8e5jNwEZzJZftzhollt7jqBwV5","previousCounter":0,"rootKey":"sMH6vlut+cY4yzwy3/DwQgHUg7D24tkH2iA/qidgi9Q="},"indexInfo":{"baseKey":"BX5oXJPr3rOI2II6gT/SLFNI1EsNW53fBykKieJOzG8G","baseKeyType":1,"closed":-1,"used":1692405308304,"created":1692405308304,"remoteIdentityKey":"BU8xezCEsCm0QedDPLsXytSbDG+2niH0kCUvJNIRZ/Ei"},"_chains":{"BTF5VESHvactPmHeDnYSCrDfmvl0Ep6SRUZAeSvRgT4J":{"chainKey":{"counter":0,"key":"PGoac2cgTU/TD0nxsmgRjZ7LR/6JO3yJXBPKPVx8Du4="},"chainType":1,"messageKeys":{}}},"pendingPreKey":{"signedKeyId":2,"baseKey":"BX5oXJPr3rOI2II6gT/SLFNI1EsNW53fBykKieJOzG8G","preKeyId":3070}}},"version":"v1"}