{"_sessions":{"BYd1D61I3PcrCCXHGJbzc+ORVtTWdeelVKwA9NWnvtoe":{"registrationId":1859435727,"currentRatchet":{"ephemeralKeyPair":{"pubKey":"BeC7tjl+w5GKsALNAyvQIQDQr3MHsPMMD3NDic/Gfp4b","privKey":"sIlFy+Z6y3xs2gD8xwLaxHziBvgGsA1KqrQ6F0joN2M="},"lastRemoteEphemeralKey":"BYcXYomjkiHBgUkMtki+Jnf3D3K9oR3SVluQlMGFNI4D","previousCounter":0,"rootKey":"TwMczwj37VvzIys5n/bHUTgJ/cLpwZpnFfAnBm03wHg="},"indexInfo":{"baseKey":"BYd1D61I3PcrCCXHGJbzc+ORVtTWdeelVKwA9NWnvtoe","baseKeyType":1,"closed":-1,"used":1692405309499,"created":1692405309499,"remoteIdentityKey":"BSqLybM9q8aPzbg+iUxuHPsiT2vTaoeOLLFYrLsCNysX"},"_chains":{"BeC7tjl+w5GKsALNAyvQIQDQr3MHsPMMD3NDic/Gfp4b":{"chainKey":{"counter":0,"key":"g/XENqRnNRqxP67tv7mjm20Wy8onVmVNioKXp7ABazA="},"chainType":1,"messageKeys":{}}},"pendingPreKey":{"signedKeyId":20,"baseKey":"BYd1D61I3PcrCCXHGJbzc+ORVtTWdeelVKwA9NWnvtoe","preKeyId":5615603}}},"version":"v1"}