{"_sessions":{"BbWlQao5ARaX6tId8q1FEV5+0IXzjVKnp4BKhtIwOTVK":{"registrationId":188641568,"currentRatchet":{"ephemeralKeyPair":{"pubKey":"BfYAWMWGDNCADK6reVMrWWc4vZSUWr/PDhKRPWzOEFkJ","privKey":"8EdrVcWoG6M92IdG+5vYTjzYsCADuql8nc+VP6OVV2c="},"lastRemoteEphemeralKey":"BRDhLUfLnAMzKEsVu7v+TtWX/kbDpF83bciugVlxAud4","previousCounter":0,"rootKey":"bSikmYuCBVNmzpkXLukMygGOINW8IrZ9cTbIge5GuU4="},"indexInfo":{"baseKey":"BbWlQao5ARaX6tId8q1FEV5+0IXzjVKnp4BKhtIwOTVK","baseKeyType":1,"closed":-1,"used":1692405308993,"created":1692405308993,"remoteIdentityKey":"BYq9BeZ6dg6B0/B2+P007M/wQEbMoD3qY5N4K0Zj26Yj"},"_chains":{"BfYAWMWGDNCADK6reVMrWWc4vZSUWr/PDhKRPWzOEFkJ":{"chainKey":{"counter":0,"key":"JGDxPddbnlVtWQ/txfOlxCmg/p/d0k2ihgunHHvhN04="},"chainType":1,"messageKeys":{}}},"pendingPreKey":{"signedKeyId":5,"baseKey":"BbWlQao5ARaX6tId8q1FEV5+0IXzjVKnp4BKhtIwOTVK","preKeyId":3432130}}},"version":"v1"}