{"_sessions":{"BfGK+hRUy3QgOxDLLcgah8uyFbm8lyF6sEyn/eYR5r9o":{"registrationId":905961785,"currentRatchet":{"ephemeralKeyPair":{"pubKey":"BfyOroq2pp2WHtaP9LBX1sv8FeC5bee+lSIRsdx6rHIK","privKey":"kJr2pHxuTgkB896MFrnkcjaxXpneku34rEeJ+SWds2w="},"lastRemoteEphemeralKey":"BdRoiMlkr6RqoDoJcdxcnyBCPPB89kxeeZtFcTL79rdw","previousCounter":0,"rootKey":"y4R44rFpudtM/2cdLD+UXA0VqoQjDqOMCVcJ4vyw+Tk="},"indexInfo":{"baseKey":"BfGK+hRUy3QgOxDLLcgah8uyFbm8lyF6sEyn/eYR5r9o","baseKeyType":1,"closed":-1,"used":1692405309268,"created":1692405309268,"remoteIdentityKey":"BSxUgTQLeKODl1XBoz9/+G/9Wmvon3c6bZFrgSoW40RN"},"_chains":{"BfyOroq2pp2WHtaP9LBX1sv8FeC5bee+lSIRsdx6rHIK":{"chainKey":{"counter":0,"key":"zlU/Ht8xFLfczd7tRB+DGd45PfPVbKNtgLUTNDQI6Vo="},"chainType":1,"messageKeys":{}}},"pendingPreKey":{"signedKeyId":11,"baseKey":"BfGK+hRUy3QgOxDLLcgah8uyFbm8lyF6sEyn/eYR5r9o","preKeyId":16595017}}},"version":"v1"}