{"_sessions":{"BZTjdD16DYpfSdyaZ0sOmcMyhRMXc9aXZWQKDs3El08f":{"registrationId":884382627,"currentRatchet":{"ephemeralKeyPair":{"pubKey":"BRlvOOz6QeKmrP7xSCRyCFgYKrd7VDs6ajvuLRzhP3dF","privKey":"8Pg3/+Wa5SMYyNoRaiZlN6gdtY+Hq1WJERa0xSTjoXI="},"lastRemoteEphemeralKey":"BYdd5632trN5x/Gt1sdfQomMhE43wI8hLet/nG8CuTJN","previousCounter":0,"rootKey":"BPytWwvO9lrEJ4p2kajweIarAooAHSH2H+EgphBGeeU="},"indexInfo":{"baseKey":"BZTjdD16DYpfSdyaZ0sOmcMyhRMXc9aXZWQKDs3El08f","baseKeyType":1,"closed":-1,"used":1692405309737,"created":1692405309737,"remoteIdentityKey":"BWy/6qmwoPBR+WMUY7XO/sNK/m2O5arJnQrYLbBWRT4E"},"_chains":{"BRlvOOz6QeKmrP7xSCRyCFgYKrd7VDs6ajvuLRzhP3dF":{"chainKey":{"counter":0,"key":"ieVJo/n6j9Gz3/1/md7ct1ygnvDoSe1UxfPfvTgKMNU="},"chainType":1,"messageKeys":{}}},"pendingPreKey":{"signedKeyId":2,"baseKey":"BZTjdD16DYpfSdyaZ0sOmcMyhRMXc9aXZWQKDs3El08f","preKeyId":9214219}}},"version":"v1"}