{"_sessions":{"BYK+MCxmSTb2EfvqqZ2OCJvS3YndcMzE9IBDUIVUSV9H":{"registrationId":804372754,"currentRatchet":{"ephemeralKeyPair":{"pubKey":"BRSQ/EhY5NefnD+sg1MDHonWPN5HSNOyOdhT2XSKrMIc","privKey":"MAA+Hiqb9Me21/yT7Dtbe2B8h03DYMq/BurXv8WRRWY="},"lastRemoteEphemeralKey":"BT7Q7qk9nrWcYp2F749uzrS+ai2i9O8R8cNVDykYnmBP","previousCounter":0,"rootKey":"iThe0IGcX1qMSGKEGmYBmrmtg2VWhw9ca3Q2N3Cg+8E="},"indexInfo":{"baseKey":"BYK+MCxmSTb2EfvqqZ2OCJvS3YndcMzE9IBDUIVUSV9H","baseKeyType":1,"closed":-1,"used":1692405309748,"created":1692405309748,"remoteIdentityKey":"BRYYjnW5tRKHOokDqFBkGv39ygTJJNZrZLRVJnqFElNW"},"_chains":{"BRSQ/EhY5NefnD+sg1MDHonWPN5HSNOyOdhT2XSKrMIc":{"chainKey":{"counter":0,"key":"Ln1ocGk/+UYDVIYMUBPkL7O+5c+jnSz9Nx4TzyKl8/g="},"chainType":1,"messageKeys":{}}},"pendingPreKey":{"signedKeyId":0,"baseKey":"BYK+MCxmSTb2EfvqqZ2OCJvS3YndcMzE9IBDUIVUSV9H","preKeyId":12104154}}},"version":"v1"}