{"_sessions":{"BfNc+5rQNQiwZ/Yf74Suuqw3gHrxUyh3LKAVQAsDjnVk":{"registrationId":1003866335,"currentRatchet":{"ephemeralKeyPair":{"pubKey":"BXux7ZoOXI7aVoUtCoKiObS21iIVsoz7nzqxlnEIPQ09","privKey":"ON6DZf8ZnpW1UDe/U5BUamJ+BAzWnmnC8FT61L0xaVM="},"lastRemoteEphemeralKey":"Be6S247svlFz+aTqS7C1aujZtenkorrP825Mz3v9uj10","previousCounter":0,"rootKey":"X3px5OwhLf5RzF8o9X0Mq6o5pNomQN4bSznFRRX1lYM="},"indexInfo":{"baseKey":"BfNc+5rQNQiwZ/Yf74Suuqw3gHrxUyh3LKAVQAsDjnVk","baseKeyType":1,"closed":-1,"used":1692405310073,"created":1692405310073,"remoteIdentityKey":"BZOioGtLxj5+6zI21wRlD5yrH6dom3cikjMcxNOWFkpy"},"_chains":{"BXux7ZoOXI7aVoUtCoKiObS21iIVsoz7nzqxlnEIPQ09":{"chainKey":{"counter":0,"key":"2N8RsS8kVNyA+y1TzHB4Pv9g7LBZ+OwEopv34A3wQsw="},"chainType":1,"messageKeys":{}}},"pendingPreKey":{"signedKeyId":6,"baseKey":"BfNc+5rQNQiwZ/Yf74Suuqw3gHrxUyh3LKAVQAsDjnVk","preKeyId":9765490}}},"version":"v1"}