{"_sessions":{"BdYkGU+u8rqIBAJBETnjRkFBgMBpj0QXCX8eIRDYmzA0":{"registrationId":17206580,"currentRatchet":{"ephemeralKeyPair":{"pubKey":"BW1Pp5HxG+o/sHULow4XjXo9rURF1vjrKUNAe4i4TT13","privKey":"GGRp+azIbEHGDqHyvMeEtZJEipzwmmw1R69MSOsJMUQ="},"lastRemoteEphemeralKey":"Bc1GP/eiVHe9pO7GHXfj7+bxIvvq0OWZ9qP5HIjQx3pv","previousCounter":0,"rootKey":"JGjqvee56Tu9eMZF1qL0bo1B7f2RjjUW34PJiWdsodA="},"indexInfo":{"baseKey":"BdYkGU+u8rqIBAJBETnjRkFBgMBpj0QXCX8eIRDYmzA0","baseKeyType":1,"closed":-1,"used":1692405309152,"created":1692405309152,"remoteIdentityKey":"Ba9yYFVv+8wh/0NuzJQd/FpOlvIYtt80acAYD91M3ZIn"},"_chains":{"BW1Pp5HxG+o/sHULow4XjXo9rURF1vjrKUNAe4i4TT13":{"chainKey":{"counter":0,"key":"I9eEZMjLZ0PXKDUFDAkesuXWZfkVxlmRHMS39RhEVmk="},"chainType":1,"messageKeys":{}}},"pendingPreKey":{"signedKeyId":5,"baseKey":"BdYkGU+u8rqIBAJBETnjRkFBgMBpj0QXCX8eIRDYmzA0"}}},"version":"v1"}