{"_sessions":{"BScTp+zpTosX3WXgKiuH4H4foDwqQ0qvbJBH1lAuGpx3":{"registrationId":604556748,"currentRatchet":{"ephemeralKeyPair":{"pubKey":"BTMtJsghQOxEu2GsO4zaBr4vxPxKHL90q/Kv2isYuDMH","privKey":"SGrZ3Dx7i8CvN/Fph/AfP5mhnJ5j8f4sqcu+iFNhalU="},"lastRemoteEphemeralKey":"Bf6cYip51UkOtYJ1IdJ0wpfNtNTx1s4TW82ppNm7KqwN","previousCounter":0,"rootKey":"zpuMILxaUS3m1tzQbq4VprC2sVMPNv7FGabBWrBVwd8="},"indexInfo":{"baseKey":"BScTp+zpTosX3WXgKiuH4H4foDwqQ0qvbJBH1lAuGpx3","baseKeyType":1,"closed":-1,"used":1692405309584,"created":1692405309584,"remoteIdentityKey":"BViAbFTffARsPZCtcRRu8Xamx1Vq9oNIoXnxBoi5OzoP"},"_chains":{"BTMtJsghQOxEu2GsO4zaBr4vxPxKHL90q/Kv2isYuDMH":{"chainKey":{"counter":0,"key":"0awyzGex+pcQdXvEr1/t1nTyt26DDpyCVADkwUaeN20="},"chainType":1,"messageKeys":{}}},"pendingPreKey":{"signedKeyId":10,"baseKey":"BScTp+zpTosX3WXgKiuH4H4foDwqQ0qvbJBH1lAuGpx3","preKeyId":8764779}}},"version":"v1"}