{"_sessions":{"BZWKUpQFaNnT6x2JHt+L9hksEcYlzhF9f15AK9E8B79Y":{"registrationId":1959242563,"currentRatchet":{"ephemeralKeyPair":{"pubKey":"BdyKJKZoeK3tSNKoHBFsSSwLCMiCiv7WV2F8H5Ja96tk","privKey":"iMG1LiihY9vBsr+Fqny30W0cffeThssic/+1ZIlygmM="},"lastRemoteEphemeralKey":"BRu+0oBW8lUXJhsDBjHM0tvhqFnKAGZyd0sPWH7wBahY","previousCounter":0,"rootKey":"NLfzFR7AQDZcA+9AhfsQ+VElirRTUy2EsoODlDyy3PU="},"indexInfo":{"baseKey":"BZWKUpQFaNnT6x2JHt+L9hksEcYlzhF9f15AK9E8B79Y","baseKeyType":1,"closed":-1,"used":1692405309047,"created":1692405309047,"remoteIdentityKey":"BawLRn5xN/PhvV2Qq4QjW5+vhMff7GP7D+QtZ9JNHX4B"},"_chains":{"BdyKJKZoeK3tSNKoHBFsSSwLCMiCiv7WV2F8H5Ja96tk":{"chainKey":{"counter":0,"key":"zi44dxz6264QYsgMDA2JDL0q7iIukAUfHdzOji4bppk="},"chainType":1,"messageKeys":{}}},"pendingPreKey":{"signedKeyId":10,"baseKey":"BZWKUpQFaNnT6x2JHt+L9hksEcYlzhF9f15AK9E8B79Y","preKeyId":9018635}}},"version":"v1"}