{"_sessions":{"BceEqmwevENZGyYOzsa8lEz7u4bFtKcl4C3rw4oF40p9":{"registrationId":321480379,"currentRatchet":{"ephemeralKeyPair":{"pubKey":"BX6SQ9C0ACGx12u87id5NULBT7zL7MGydiCpk3zQbj4O","privKey":"aFxta2zU2sTnPfHFV79X9umZVylr3DnYdAkmzTD3cH4="},"lastRemoteEphemeralKey":"BZwn40opESxxK4cdZzu8qOFOmTLv+xT3pPVRLTmvW0IO","previousCounter":0,"rootKey":"2GiOa/FlkL6HaRybWR3BccuTtrO3fLiSIHmSg+wwbxg="},"indexInfo":{"baseKey":"BceEqmwevENZGyYOzsa8lEz7u4bFtKcl4C3rw4oF40p9","baseKeyType":1,"closed":-1,"used":1692405309855,"created":1692405309855,"remoteIdentityKey":"BfjEPz0URF3PfnIWtUdoxJUVqvdE8d+SB/FrRjeLAjNg"},"_chains":{"BX6SQ9C0ACGx12u87id5NULBT7zL7MGydiCpk3zQbj4O":{"chainKey":{"counter":0,"key":"+xkjjim97WpX54yEhibMP50IOBDIHRe8QA/4dsY4jm4="},"chainType":1,"messageKeys":{}}},"pendingPreKey":{"signedKeyId":7,"baseKey":"BceEqmwevENZGyYOzsa8lEz7u4bFtKcl4C3rw4oF40p9","preKeyId":1636904}}},"version":"v1"}