{"_sessions":{"Bbbar1Xe5WbDN+Nn+R00iZrvFCzwzxdzW3eyiYZj05AF":{"registrationId":36,"currentRatchet":{"ephemeralKeyPair":{"pubKey":"BcVoNh4RdSwRxGs6aWhz1uV6sUzI6Rw4v71Ik8JW6UVe","privKey":"gMpvTjFGJMcBpvFoqu7F32vfWPFbrHfYKddczkp/6Uw="},"lastRemoteEphemeralKey":"BcNtL+P7iIQpxIqWU00pAJ0WmIzfwfC2LSnX4dlCtjQh","previousCounter":0,"rootKey":"tBT5EwmDWfhIWF9x74qM5iP0G9uwgRxgfqBNnGpEKoI="},"indexInfo":{"baseKey":"Bbbar1Xe5WbDN+Nn+R00iZrvFCzwzxdzW3eyiYZj05AF","baseKeyType":1,"closed":-1,"used":1692405308101,"created":1692405308101,"remoteIdentityKey":"BXcxG0LqWMmFrJTlnJhf1NSBSdYV9G+yG75FizA/nM4I"},"_chains":{"BcVoNh4RdSwRxGs6aWhz1uV6sUzI6Rw4v71Ik8JW6UVe":{"chainKey":{"counter":0,"key":"eElChBv7zy9RiBom+H04rF0EymK8A80TbPdmYUUngvI="},"chainType":1,"messageKeys":{}}},"pendingPreKey":{"signedKeyId":1,"baseKey":"Bbbar1Xe5WbDN+Nn+R00iZrvFCzwzxdzW3eyiYZj05AF"}}},"version":"v1"}