{"_sessions":{"BTJ3JXblRpjHcyBoGwTJdzPct6FEJ5pY3EQzm//4PkVm":{"registrationId":252772497,"currentRatchet":{"ephemeralKeyPair":{"pubKey":"BUvWfuGJZ0YUGhPdJu4z5ZKkIqU+GLXNr/0IWFn/GkRj","privKey":"+P0PUwcmbYPekmIOgedb3NsgDqW3FZUMUv19C6ZshEw="},"lastRemoteEphemeralKey":"Bf3Lp6hlQWO64oX23FRqLeEtWLsbCrPYEBX3MyJOsiUC","previousCounter":0,"rootKey":"fK0vGwfc5eR/VZJansnXA8iQ7e7b3lPIOkJXM3RZoKY="},"indexInfo":{"baseKey":"BTJ3JXblRpjHcyBoGwTJdzPct6FEJ5pY3EQzm//4PkVm","baseKeyType":1,"closed":-1,"used":1692405309940,"created":1692405309940,"remoteIdentityKey":"Bf7pjtTZBQq2l9GGFM3Dm/cFN7VK9mtui/cSjKMpfy1B"},"_chains":{"BUvWfuGJZ0YUGhPdJu4z5ZKkIqU+GLXNr/0IWFn/GkRj":{"chainKey":{"counter":0,"key":"LoH3J54sF+bZlYe6bpzuMSCEjir6RK4phfyEYObG2NE="},"chainType":1,"messageKeys":{}}},"pendingPreKey":{"signedKeyId":3,"baseKey":"BTJ3JXblRpjHcyBoGwTJdzPct6FEJ5pY3EQzm//4PkVm","preKeyId":1082050}}},"version":"v1"}