{"_sessions":{"BVN/+dA91zOHtJqWy1HstWT9Yvpsq8kt/CnWgUL002cv":{"registrationId":208,"currentRatchet":{"ephemeralKeyPair":{"pubKey":"BWXvE/eRfFyejQfEZileiByESx9Dd9hSeJN55BAJXYhE","privKey":"KDP4FxjaOqCz5QKqTok1RqLKvbPylgh4jkl8Nq9EDFY="},"lastRemoteEphemeralKey":"BRImti3yoi7ouD2Hnmwvc2fqJPHRv51Cvb+HYCrBPugP","previousCounter":0,"rootKey":"uS/cwBekifiARICTaTRTaimfEnp2/bIOnp/GwTWpIMA="},"indexInfo":{"baseKey":"BVN/+dA91zOHtJqWy1HstWT9Yvpsq8kt/CnWgUL002cv","baseKeyType":1,"closed":-1,"used":1692405308350,"created":1692405308350,"remoteIdentityKey":"BcfUBmVYAZ4rIhIhgn8C5z9jrgnsza8qp42yqkW/uKdI"},"_chains":{"BWXvE/eRfFyejQfEZileiByESx9Dd9hSeJN55BAJXYhE":{"chainKey":{"counter":0,"key":"kATjwGR+J0N0Tr0WdK1PaLulJoWfQt/KhVjSjd6wy7k="},"chainType":1,"messageKeys":{}}},"pendingPreKey":{"signedKeyId":1,"baseKey":"BVN/+dA91zOHtJqWy1HstWT9Yvpsq8kt/CnWgUL002cv"}}},"version":"v1"}