{"_sessions":{"BWA/rh3IV/XHVnlNdt3GKo5hxeX3JOl3Z20N4+Lkqb0E":{"registrationId":1765974158,"currentRatchet":{"ephemeralKeyPair":{"pubKey":"BRc/AHnNm8QXNIwaH0rf0JD0L2Wb+9XSKSvJmfJjeq8O","privKey":"aI5payxYZosf+XdGVLMmlwc2uE/19YhMY/ZKA2nyuEc="},"lastRemoteEphemeralKey":"BYotC/vIrizdtkgtg0LtL8gN2Lj79Qxa1kNG1suURb9d","previousCounter":0,"rootKey":"KhEFt2CIHuXGGTL/yjp+x2l0KvF9loCVv/3bIh+WR3s="},"indexInfo":{"baseKey":"BWA/rh3IV/XHVnlNdt3GKo5hxeX3JOl3Z20N4+Lkqb0E","baseKeyType":1,"closed":-1,"used":1692405308577,"created":1692405308577,"remoteIdentityKey":"BZDa3N3Tv8JgiWY6T2AexvD9SX2VtN4LCtLR2Iuwl2dn"},"_chains":{"BRc/AHnNm8QXNIwaH0rf0JD0L2Wb+9XSKSvJmfJjeq8O":{"chainKey":{"counter":0,"key":"cu6Ca2/UYFvXaL56tIzUW7GBO4rZWj1i14fbRWaLo1M="},"chainType":1,"messageKeys":{}}},"pendingPreKey":{"signedKeyId":10561993,"baseKey":"BWA/rh3IV/XHVnlNdt3GKo5hxeX3JOl3Z20N4+Lkqb0E","preKeyId":2388}}},"version":"v1"}