{"_sessions":{"BaasefvVz9liZ11+vAzXI+cTPW209RR1A7vUTr7z4g8X":{"registrationId":2024716594,"currentRatchet":{"ephemeralKeyPair":{"pubKey":"BQ9XmOCXttx83pLB+HihDtuCbxi2B8bUgitWqIJctZwZ","privKey":"YL5ttbkyaPEFtGPkWZZqpxVqNWMzVKFR+ZigmRwpf0Y="},"lastRemoteEphemeralKey":"BaFEWbEM8yumLdV358RY1ZK0WBJFhUtnEc9JQb1IBpA6","previousCounter":0,"rootKey":"C2pXhehZDcQkgAXgydbSRp7JV1YZfa0WWyEwaj6WzBI="},"indexInfo":{"baseKey":"BaasefvVz9liZ11+vAzXI+cTPW209RR1A7vUTr7z4g8X","baseKeyType":1,"closed":-1,"used":1692405308594,"created":1692405308594,"remoteIdentityKey":"BXi8srGNsUTtfFe5l970SQqZG087puRTTjUKgTUKJE8E"},"_chains":{"BQ9XmOCXttx83pLB+HihDtuCbxi2B8bUgitWqIJctZwZ":{"chainKey":{"counter":0,"key":"BvyWzn5BBn0DUu+QT2m0BS5FLe4DJUeksOgBXPF83Tc="},"chainType":1,"messageKeys":{}}},"pendingPreKey":{"signedKeyId":37,"baseKey":"BaasefvVz9liZ11+vAzXI+cTPW209RR1A7vUTr7z4g8X","preKeyId":12792450}}},"version":"v1"}