{"_sessions":{"BRqMwn1xsu70PFK/Q3H8xIQxFWKE1BRjwC6vcYZqP15Y":{"registrationId":1194334335,"currentRatchet":{"ephemeralKeyPair":{"pubKey":"BexzeNeY59EUOfb9m69F13fWqGavW1FIsl/zOBDIcsdz","privKey":"UGZ24ICBLqf8LWeUkp9FAzx9P86/+XE7hty/ho5XN3M="},"lastRemoteEphemeralKey":"BepkyNcz3qNOqfmbvEazlzs4FA9e6HWchTHwyw63Tbxo","previousCounter":0,"rootKey":"TFrKPm/yGMmjLIDB8Y1elzA82LmAxQiAKstawka7pl4="},"indexInfo":{"baseKey":"BRqMwn1xsu70PFK/Q3H8xIQxFWKE1BRjwC6vcYZqP15Y","baseKeyType":1,"closed":-1,"used":1692405310607,"created":1692405310607,"remoteIdentityKey":"Bcd3voN71Ri4+l7qI7X8fjnwz0EXorJ3cKrmGA/BaCIN"},"_chains":{"BexzeNeY59EUOfb9m69F13fWqGavW1FIsl/zOBDIcsdz":{"chainKey":{"counter":0,"key":"eLINZPojWkv8YQ7+ZKLD4Cove7LtKmYyW4zRWrs0jZA="},"chainType":1,"messageKeys":{}}},"pendingPreKey":{"signedKeyId":0,"baseKey":"BRqMwn1xsu70PFK/Q3H8xIQxFWKE1BRjwC6vcYZqP15Y","preKeyId":13587348}}},"version":"v1"}