{"_sessions":{"BYIaDNgr2qyzbA3lPbCcMR1KPTz3VTZe1WmcAlKxMm9j":{"registrationId":1831931944,"currentRatchet":{"ephemeralKeyPair":{"pubKey":"BZfBF8/OuEjD/x6jGc2Y6E8LpXIglEz92YcnpEwa7vFr","privKey":"CFqtP/kJDnSQszsKIrMhrLK5S/rnpxL5KPoCbMa5s3Y="},"lastRemoteEphemeralKey":"BW+zEruNwSv03aAocenR/ocR60nhMCOEDWPrlNC6RwYR","previousCounter":0,"rootKey":"kuKSdBkmsgsqOZ6mxqPRdD1ExoEcc3SkcQUIvfj8Brc="},"indexInfo":{"baseKey":"BYIaDNgr2qyzbA3lPbCcMR1KPTz3VTZe1WmcAlKxMm9j","baseKeyType":1,"closed":-1,"used":1692405309838,"created":1692405309838,"remoteIdentityKey":"BQar9ioDLSGqCwxTXtTUsEQ0Y/iLPrKsyBo2U4RK5Tds"},"_chains":{"BZfBF8/OuEjD/x6jGc2Y6E8LpXIglEz92YcnpEwa7vFr":{"chainKey":{"counter":0,"key":"EQxm6uRdIR/KuN2sbCcTFNTFme37sb0bQqhiEVld5mw="},"chainType":1,"messageKeys":{}}},"pendingPreKey":{"signedKeyId":0,"baseKey":"BYIaDNgr2qyzbA3lPbCcMR1KPTz3VTZe1WmcAlKxMm9j","preKeyId":4445047}}},"version":"v1"}