{"_sessions":{"BeFRDmkVa0L0kC7F3gOqK00P1kvj+dowE442+tyQ0Xdc":{"registrationId":1797489817,"currentRatchet":{"ephemeralKeyPair":{"pubKey":"Bc4gN3SO4Cd1xKTx8VgIsPvrWLGKOv6vOBHo5jYGdB0p","privKey":"4CLbNHF23uqSfhgz6kGab9gfKdqrCjPWo7RyqtGVtU8="},"lastRemoteEphemeralKey":"BYMd/nqRNUpFi2NWBJU5ImrintKSQKP3pR69vtAXAAg+","previousCounter":0,"rootKey":"odpw+SxiF/mtQrN2FGU1zuXWBbc2BztgayDNftU47tQ="},"indexInfo":{"baseKey":"BeFRDmkVa0L0kC7F3gOqK00P1kvj+dowE442+tyQ0Xdc","baseKeyType":1,"closed":-1,"used":1692405310158,"created":1692405310158,"remoteIdentityKey":"BbgTBkHIA11+bYlkiwhlKfzifyIF7aehneyZx7u3sLho"},"_chains":{"Bc4gN3SO4Cd1xKTx8VgIsPvrWLGKOv6vOBHo5jYGdB0p":{"chainKey":{"counter":0,"key":"p69l+rlZM72TTOJ6tlK+mvTDHx6WK90Qcd0lIFghpTI="},"chainType":1,"messageKeys":{}}},"pendingPreKey":{"signedKeyId":1,"baseKey":"BeFRDmkVa0L0kC7F3gOqK00P1kvj+dowE442+tyQ0Xdc","preKeyId":148127}}},"version":"v1"}