{"_sessions":{"BW5gC512Ff1XjZPpljDYx4M9tBu/ySBQ+whjNm4n+qMw":{"registrationId":1079827962,"currentRatchet":{"ephemeralKeyPair":{"pubKey":"BUdPetApMmrAjJSE/rbHqLgYN4QwMX7UBjQjHK481ZUf","privKey":"OAGcFckaYLJoFZb3ZzSwdJrY3A6fPCNMrJjXSb0xNHk="},"lastRemoteEphemeralKey":"BcWVtaNvKH+7D4M/j4/fgDqshClHamD3WGs5PkykXoZd","previousCounter":0,"rootKey":"VvXu+MzmifnmIFZSFaP6Piz5uBZcH72ONn2rW+IWPSU="},"indexInfo":{"baseKey":"BW5gC512Ff1XjZPpljDYx4M9tBu/ySBQ+whjNm4n+qMw","baseKeyType":1,"closed":-1,"used":1692405309321,"created":1692405309321,"remoteIdentityKey":"BRyVncFlGla/THrN/KfDPbJDHMkEVQWpHGc7pt6cX+YE"},"_chains":{"BUdPetApMmrAjJSE/rbHqLgYN4QwMX7UBjQjHK481ZUf":{"chainKey":{"counter":0,"key":"LWbpiHnZULOxhOwREVTdU3Y4NDGlh3g55PVi4FJgsDI="},"chainType":1,"messageKeys":{}}},"pendingPreKey":{"signedKeyId":3,"baseKey":"BW5gC512Ff1XjZPpljDYx4M9tBu/ySBQ+whjNm4n+qMw","preKeyId":11705943}}},"version":"v1"}