{"_sessions":{"BSkx7hzaodE3+zSQsNJuwMfZc5bAojX7/Txyktzzsm8T":{"registrationId":1190018655,"currentRatchet":{"ephemeralKeyPair":{"pubKey":"BawOkeMwCyDj0Mo5CHQbyNICsdZoC5YFlbZRgxRXsaUm","privKey":"UJ8n3dX/xztQ/Csk7bWkqvfk/0IFRQiM4dA++Tid9EI="},"lastRemoteEphemeralKey":"BTaUrNSaRLe2lcEz7vePfAs/mKNUOGzRSDQRifZr1IxT","previousCounter":0,"rootKey":"XhPI2CjhpQYoqg3IFH0et/EfKzz7O1el0HC9LQn+EmA="},"indexInfo":{"baseKey":"BSkx7hzaodE3+zSQsNJuwMfZc5bAojX7/Txyktzzsm8T","baseKeyType":1,"closed":-1,"used":1692405310335,"created":1692405310335,"remoteIdentityKey":"BRSjS2in2FE2xNda0VpRx8VteyNdYvjuvBr+ypok7wUp"},"_chains":{"BawOkeMwCyDj0Mo5CHQbyNICsdZoC5YFlbZRgxRXsaUm":{"chainKey":{"counter":0,"key":"Tnee79cJDGq+QBXGbKXjRgMSfrPAY/hCK1W+zo9r1TY="},"chainType":1,"messageKeys":{}}},"pendingPreKey":{"signedKeyId":12,"baseKey":"BSkx7hzaodE3+zSQsNJuwMfZc5bAojX7/Txyktzzsm8T","preKeyId":1248422}}},"version":"v1"}