{"_sessions":{"BRdvGbfmQQHHlqBLiMrjzmMEAhU/nO0tRyUcKun8A2ls":{"registrationId":967482909,"currentRatchet":{"ephemeralKeyPair":{"pubKey":"BcyBo2tQw+7mfyZjsFVEI7iX5Mcj7YzOCsJCRryvruIm","privKey":"uPtpzA/WMQR3MXJl4K7Vk1gysW7DvgWEbD10vBuZMn8="},"lastRemoteEphemeralKey":"BRiPGQSeATxA0Of3VQ2hg3O6ugBpP94mOKp/a8cFfkM7","previousCounter":0,"rootKey":"YoFGmGAtfSg3NLRo00JOQ1SH497tvcc0xfNWpUc/bVw="},"indexInfo":{"baseKey":"BRdvGbfmQQHHlqBLiMrjzmMEAhU/nO0tRyUcKun8A2ls","baseKeyType":1,"closed":-1,"used":1692405310318,"created":1692405310318,"remoteIdentityKey":"BV/Y+h2W4SrW7G1fUjQZRZAojyOsqNcpWaGr0LAzIeBz"},"_chains":{"BcyBo2tQw+7mfyZjsFVEI7iX5Mcj7YzOCsJCRryvruIm":{"chainKey":{"counter":0,"key":"tVVLHuGWOhZpdGH9d0nlLbQtXsMRdeHf6a1d0Mypw1Q="},"chainType":1,"messageKeys":{}}},"pendingPreKey":{"signedKeyId":1,"baseKey":"BRdvGbfmQQHHlqBLiMrjzmMEAhU/nO0tRyUcKun8A2ls","preKeyId":6697164}}},"version":"v1"}