{"_sessions":{"BdBj+SGcPwv2mHDpSelC3LIQLhUQZW1cpsdK9Mv2p5lP":{"registrationId":1668800916,"currentRatchet":{"ephemeralKeyPair":{"pubKey":"BYjhIWlkxwtMzlcN0eezLGgJKdmhRe8ywUzfkpHB4yVx","privKey":"qPT5mxFsW5D4ru7zCD29tPcz0gR8hAV/Nf+JQmHK2X4="},"lastRemoteEphemeralKey":"BWHhg8WzxLaTIESyseplyeECQxCv+tUXIWxHxpFlQV8K","previousCounter":0,"rootKey":"fL0NSjI3pMDkQgQ6Bm8rqLKqNgrhOmo91hNYdw6z3+Q="},"indexInfo":{"baseKey":"BdBj+SGcPwv2mHDpSelC3LIQLhUQZW1cpsdK9Mv2p5lP","baseKeyType":1,"closed":-1,"used":1692405308966,"created":1692405308966,"remoteIdentityKey":"BV63kiPJrl2uSdIkWvEx27nNQDOc8oxUZjwOzII+tds4"},"_chains":{"BYjhIWlkxwtMzlcN0eezLGgJKdmhRe8ywUzfkpHB4yVx":{"chainKey":{"counter":0,"key":"c2FF6OkwSjDHp2c80h/T2+cD73d65aMt6qM+zuGKGKs="},"chainType":1,"messageKeys":{}}},"pendingPreKey":{"signedKeyId":12,"baseKey":"BdBj+SGcPwv2mHDpSelC3LIQLhUQZW1cpsdK9Mv2p5lP"}}},"version":"v1"}