{"_sessions":{"BUxKlKdnFo/Zg+HU/E2ttOh8sThCvlpHQ01YmWFGeqVR":{"registrationId":1261356976,"currentRatchet":{"ephemeralKeyPair":{"pubKey":"BfWPFekwms9g8fv+VPBUaz1Vstbfo0HY49xCSAVU8L8Y","privKey":"IOdwkD1O1TjNIqJrB+wmTSNALgeDFJ1c43RaIwh8bXg="},"lastRemoteEphemeralKey":"BRDqAnPu7jQdX7VHbIGOg2NN4VGmAeW7liwSTKIxx4Rq","previousCounter":0,"rootKey":"InjngLThKtC6UBd8pLovHhkONn6lg83NAnCsFrVlSFA="},"indexInfo":{"baseKey":"BUxKlKdnFo/Zg+HU/E2ttOh8sThCvlpHQ01YmWFGeqVR","baseKeyType":1,"closed":-1,"used":1692405310302,"created":1692405310302,"remoteIdentityKey":"BcgJ1MVEsRAbUd+aEbdmJTuMSHO+sD5/CnpOqXFhuvN8"},"_chains":{"BfWPFekwms9g8fv+VPBUaz1Vstbfo0HY49xCSAVU8L8Y":{"chainKey":{"counter":0,"key":"M4m4BR45Ln/qjtZBKifqglUuII7uEDWMOzaQiZjKez0="},"chainType":1,"messageKeys":{}}},"pendingPreKey":{"signedKeyId":4,"baseKey":"BUxKlKdnFo/Zg+HU/E2ttOh8sThCvlpHQ01YmWFGeqVR","preKeyId":7006868}}},"version":"v1"}