{"_sessions":{"BYtAUAajFENsWgFMTns1B6Q+vCaUTgCym9ZhLO6ryb8h":{"registrationId":2105170764,"currentRatchet":{"ephemeralKeyPair":{"pubKey":"BXLRBh1a6K2TdHwWgzhPUNt4599fR2TA7mMfPztMnE1W","privKey":"CP9+3fpGiRuU6ESpWDON54qe8iV7Ea/Ldw3sQQrMdXc="},"lastRemoteEphemeralKey":"BfGlnIAog0ARDv2MkIFXDsYWtOgGJWnJqpaBLVXmnAFL","previousCounter":0,"rootKey":"l0dIIda80t1Fa/S0mS1+iLqsVfTNw5w1B+g128/vnoE="},"indexInfo":{"baseKey":"BYtAUAajFENsWgFMTns1B6Q+vCaUTgCym9ZhLO6ryb8h","baseKeyType":1,"closed":-1,"used":1692405309821,"created":1692405309821,"remoteIdentityKey":"BaM490WuvxMccf7/V2NoWyErDaeOL0yJLUCBa6585GUC"},"_chains":{"BXLRBh1a6K2TdHwWgzhPUNt4599fR2TA7mMfPztMnE1W":{"chainKey":{"counter":0,"key":"oRFbmywkcgCOXOt/F+Xf3mgnNy2m8j4coaa5KW64STw="},"chainType":1,"messageKeys":{}}},"pendingPreKey":{"signedKeyId":8,"baseKey":"BYtAUAajFENsWgFMTns1B6Q+vCaUTgCym9ZhLO6ryb8h","preKeyId":6045434}}},"version":"v1"}