{"_sessions":{"BaEhe0HY15fc9aGLQdKbIoECb0Qhuk8WiWPG7l5iTgkK":{"registrationId":1124624285,"currentRatchet":{"ephemeralKeyPair":{"pubKey":"BZJWf0qfngim+polJd6sV65HkTjGOWfKV0lx+4bWQgtI","privKey":"iKOFUruNX7UPA+f4DK9ZlG3QUTSxqzIFKmSnCMvwJ28="},"lastRemoteEphemeralKey":"BVGsiGuAsEiIdg4jNZqGE74704//DX9VfXmgpjwK+Gdb","previousCounter":0,"rootKey":"5U0D2tj3L8TxsMWNRwbeDmHjTLxHp5k0uoJpVa/b/Bg="},"indexInfo":{"baseKey":"BaEhe0HY15fc9aGLQdKbIoECb0Qhuk8WiWPG7l5iTgkK","baseKeyType":1,"closed":-1,"used":1692405309209,"created":1692405309209,"remoteIdentityKey":"BemZqWIv2sHwHLlI+Q74noQDB3pGV47K3DEXhBwADSJU"},"_chains":{"BZJWf0qfngim+polJd6sV65HkTjGOWfKV0lx+4bWQgtI":{"chainKey":{"counter":0,"key":"cESc6Hb5KUkg9OOzj+gVQOW59Q2i4IxBkPX5LIxoROE="},"chainType":1,"messageKeys":{}}},"pendingPreKey":{"signedKeyId":1,"baseKey":"BaEhe0HY15fc9aGLQdKbIoECb0Qhuk8WiWPG7l5iTgkK","preKeyId":2582260}}},"version":"v1"}