{"_sessions":{"BUE8nGxXKj3fqRc7eW5HhkvPW+bct9hF5rEuZu49jQBl":{"registrationId":1637418270,"currentRatchet":{"ephemeralKeyPair":{"pubKey":"BUdXqdq6rjAG3bmIG8C7wt1NN3KXfIgiBAt0cY/8dvIa","privKey":"mOi1cBs4Fl+DufmLOx+jstEXmBG0uPacuZOwALO1x2A="},"lastRemoteEphemeralKey":"BfYn/CSSFqyaPqm5zn56V3eTkIlAPV3v3LMp7pWxaBR7","previousCounter":0,"rootKey":"ksnmBRfnjhPFCxua3W8I6Kbemj0JhtpwRI+AssVHc+I="},"indexInfo":{"baseKey":"BUE8nGxXKj3fqRc7eW5HhkvPW+bct9hF5rEuZu49jQBl","baseKeyType":1,"closed":-1,"used":1692405310185,"created":1692405310185,"remoteIdentityKey":"BenWHptEpt9cwc2nk9o8NADsT8VV4s4mpHJD99P8/Jli"},"_chains":{"BUdXqdq6rjAG3bmIG8C7wt1NN3KXfIgiBAt0cY/8dvIa":{"chainKey":{"counter":0,"key":"A5/rfSayo4VTD08HHTPKQcuWL1Q0zT0QWmBwuGtKg40="},"chainType":1,"messageKeys":{}}},"pendingPreKey":{"signedKeyId":15,"baseKey":"BUE8nGxXKj3fqRc7eW5HhkvPW+bct9hF5rEuZu49jQBl","preKeyId":630267}}},"version":"v1"}