{"_sessions":{"BW6Lv7Z0bB7/MfHuWlitlkm4MkVvW3skbLGhWIgPOQBz":{"registrationId":1634685773,"currentRatchet":{"ephemeralKeyPair":{"pubKey":"BcEto2Dpi9UA88tks3nvIvTm36PRb+jZferlUYShCJoL","privKey":"uAwTlHx9Hqh4gwnSwSRu0CwkN/kMNGc79Jjypeds1V0="},"lastRemoteEphemeralKey":"Be9UjjmFIXI392SOzT20RBNYVmL63vcuY9JrL22Qptoh","previousCounter":0,"rootKey":"HMDDWKjKGubPV0zIVo0CXluR577Xn574s/Smf3UOCa4="},"indexInfo":{"baseKey":"BW6Lv7Z0bB7/MfHuWlitlkm4MkVvW3skbLGhWIgPOQBz","baseKeyType":1,"closed":-1,"used":1692405310453,"created":1692405310453,"remoteIdentityKey":"BSHbSawQ8f9iRb2qiSlebV7e7QMkO4PlLwMswXKsWk0q"},"_chains":{"BcEto2Dpi9UA88tks3nvIvTm36PRb+jZferlUYShCJoL":{"chainKey":{"counter":0,"key":"c6cnWbiFY/H13stVM3JMPvLGLqRG1zEFujiX6FWJhoI="},"chainType":1,"messageKeys":{}}},"pendingPreKey":{"signedKeyId":5,"baseKey":"BW6Lv7Z0bB7/MfHuWlitlkm4MkVvW3skbLGhWIgPOQBz","preKeyId":13567975}}},"version":"v1"}