{"_sessions":{"Bc4aaLTyt9d9SiLukpAfjrzzDJES6qX2ElzTd+7ujsJV":{"registrationId":1658621721,"currentRatchet":{"ephemeralKeyPair":{"pubKey":"BcFoPf2ftCp+tbtHMHu8wRbUjob2JYq6lsQQhb9RYX1F","privKey":"SNMcIP/AviyA1q3UF6wQttL2+SZ5TI7c/mgaNLFV0V4="},"lastRemoteEphemeralKey":"Bf5z5mRVNqk8gngLRZOzrn6q7K9u7YVlOLy+KaHhUH10","previousCounter":0,"rootKey":"QivpcjkV76Ki982LDP01wYJA4pCCNWKXWHzNItjBScc="},"indexInfo":{"baseKey":"Bc4aaLTyt9d9SiLukpAfjrzzDJES6qX2ElzTd+7ujsJV","baseKeyType":1,"closed":-1,"used":1692405309526,"created":1692405309526,"remoteIdentityKey":"BTFN06dSIUzoBEyNDVqS+Bh67hFibPuEHSiNqRehHwA+"},"_chains":{"BcFoPf2ftCp+tbtHMHu8wRbUjob2JYq6lsQQhb9RYX1F":{"chainKey":{"counter":0,"key":"YxXyWdEjME4sUV5lSFaCz3+UzzjIVY51met7LbG0mFk="},"chainType":1,"messageKeys":{}}},"pendingPreKey":{"signedKeyId":2,"baseKey":"Bc4aaLTyt9d9SiLukpAfjrzzDJES6qX2ElzTd+7ujsJV","preKeyId":3364600}}},"version":"v1"}