{"_sessions":{"Bd3Jy7i+EVCwe6BJacxCNH2EYiuQ8VqDnZwX+kjfgkIJ":{"registrationId":1959353342,"currentRatchet":{"ephemeralKeyPair":{"pubKey":"BTgJ6OUvpO9A6hhLX4sVUk4BZ7Fdu1KOMX1zi9NPJzpl","privKey":"SEL54iChJOxX45ZNaU5+oV0NHgoqYaqlEddDE1bfRno="},"lastRemoteEphemeralKey":"Bb+5MZwXBErQu4hyELnQWnowbe057c0PPZJMxYO5SwhI","previousCounter":0,"rootKey":"iJFvgGPwhQQiLTi7sNrehkspY1uq2sQRNlwtDkjDNiA="},"indexInfo":{"baseKey":"Bd3Jy7i+EVCwe6BJacxCNH2EYiuQ8VqDnZwX+kjfgkIJ","baseKeyType":1,"closed":-1,"used":1692405309889,"created":1692405309889,"remoteIdentityKey":"BQyUhOF5r+i5KTKr/91bAx75E58FmXYEfnlHFR16VUdo"},"_chains":{"BTgJ6OUvpO9A6hhLX4sVUk4BZ7Fdu1KOMX1zi9NPJzpl":{"chainKey":{"counter":0,"key":"nIf39CsstItRQzxgDXH7nkIJPJ1l8hw/ZcyZkP31qKI="},"chainType":1,"messageKeys":{}}},"pendingPreKey":{"signedKeyId":13,"baseKey":"Bd3Jy7i+EVCwe6BJacxCNH2EYiuQ8VqDnZwX+kjfgkIJ","preKeyId":12097867}}},"version":"v1"}