{"_sessions":{"BRB3aqnYClsNYhs26HzNnzHhQaL5IcLfswyNQ8lFP5Rs":{"registrationId":1191840554,"currentRatchet":{"ephemeralKeyPair":{"pubKey":"BW4OCo/dY7PNPKeLYSb/EV89Jik7Dm5AK3ZkQpkmySNL","privKey":"QMthUywSK+4yeZk6XD1/TImv/iKCjTVRCFggzHuQeUY="},"lastRemoteEphemeralKey":"BQd40pQYgJnPbDpvdxWBmxiBkYRYS0jNHzWzsHVseF5Z","previousCounter":0,"rootKey":"JjSn4ebpI6jWuiI/y/j6HEGS/t56khQ04hMLLLUP1Tk="},"indexInfo":{"baseKey":"BRB3aqnYClsNYhs26HzNnzHhQaL5IcLfswyNQ8lFP5Rs","baseKeyType":1,"closed":-1,"used":1692405309638,"created":1692405309638,"remoteIdentityKey":"BWAsYHtMH9X8avA9NaTPk7p4XOzRqemPrcXKl5ZTz94/"},"_chains":{"BW4OCo/dY7PNPKeLYSb/EV89Jik7Dm5AK3ZkQpkmySNL":{"chainKey":{"counter":0,"key":"Sg39vya5MJLD6UnI/NYNDhRg1bFAmyiamLtTxn7mwFk="},"chainType":1,"messageKeys":{}}},"pendingPreKey":{"signedKeyId":5,"baseKey":"BRB3aqnYClsNYhs26HzNnzHhQaL5IcLfswyNQ8lFP5Rs","preKeyId":5366176}}},"version":"v1"}