{"_sessions":{"BYwe6ZfFCTnwc+EAzYEJ8XoGwSB5DG5sQvE5QojDQlpG":{"registrationId":134694619,"currentRatchet":{"ephemeralKeyPair":{"pubKey":"BevLX5UeD4P+8pDqUAtaxPH3+Jbzfs8qsD8a1I/UiBI3","privKey":"4AuxiftSYDujWtmfs8ahS+KPruxX3YdgtYmJtZyo9Hc="},"lastRemoteEphemeralKey":"BZfs1HrNRZBA80j6S4unD8BsrTlG7GOyOtvUIbX5T2Uw","previousCounter":0,"rootKey":"TQNb0qPfzNvBmCKTUAEOnTP33wiP4AvcM/Ejv/j/U9c="},"indexInfo":{"baseKey":"BYwe6ZfFCTnwc+EAzYEJ8XoGwSB5DG5sQvE5QojDQlpG","baseKeyType":1,"closed":-1,"used":1692405310252,"created":1692405310252,"remoteIdentityKey":"Bee8J801SF8wc89JyVD+XZsrIjXDJ5mIqIRqXmQPYTMb"},"_chains":{"BevLX5UeD4P+8pDqUAtaxPH3+Jbzfs8qsD8a1I/UiBI3":{"chainKey":{"counter":0,"key":"Zeg3ZN0ICjxRKBQsWk2PvS4BhCql4Tl7UK1beYYbo2U="},"chainType":1,"messageKeys":{}}},"pendingPreKey":{"signedKeyId":15,"baseKey":"BYwe6ZfFCTnwc+EAzYEJ8XoGwSB5DG5sQvE5QojDQlpG","preKeyId":2459952}}},"version":"v1"}