{"_sessions":{"BdlRlVZojU3/7MUiwBZ11ffnVchxd09bQu4h91Xvr/hj":{"registrationId":1113573284,"currentRatchet":{"ephemeralKeyPair":{"pubKey":"BcDwVyJi4EVTCq0k6DJOeuun8vAhBqfO9nyXlB4LH19E","privKey":"SFEfqBRcsHBZ4h9Gng2woo7/tUu0ML1d92d5Y7lLC3A="},"lastRemoteEphemeralKey":"Bd2r91UUs6irbo4+RlXjA/bZkOSMq0a1OM6CWuf94nEC","previousCounter":0,"rootKey":"wVMMD+PjM5v2C1DKyvq5yuCjtpHggqODCgkcZ5/c1jk="},"indexInfo":{"baseKey":"BdlRlVZojU3/7MUiwBZ11ffnVchxd09bQu4h91Xvr/hj","baseKeyType":1,"closed":-1,"used":1692405309553,"created":1692405309553,"remoteIdentityKey":"BaU+OcH5y6J+/6j4PEjX7H1mj3fEj6be9m16voPKOpRs"},"_chains":{"BcDwVyJi4EVTCq0k6DJOeuun8vAhBqfO9nyXlB4LH19E":{"chainKey":{"counter":0,"key":"30wzuRtHvnErcTrfrCYsSZVttVM0sp57ZrlF0FYbd7o="},"chainType":1,"messageKeys":{}}},"pendingPreKey":{"signedKeyId":3,"baseKey":"BdlRlVZojU3/7MUiwBZ11ffnVchxd09bQu4h91Xvr/hj","preKeyId":9654684}}},"version":"v1"}