{"_sessions":{"BT65Tqn3BsmxuHi7JuZuAaPfnfvCX7ByuVhO2Ve11WtE":{"registrationId":673380539,"currentRatchet":{"ephemeralKeyPair":{"pubKey":"BUJkHtCV9pqXL+q+GV66crYwmZIc/qIdofsIojkIrBAp","privKey":"qDbxHM3sNakTOXqPSfARxtrMtA2LkpNh1Qn+WngZsGw="},"lastRemoteEphemeralKey":"BcoR43DCv8iuklBP8yG9XiTelPTfCjP0V5IT8N5YmMAp","previousCounter":0,"rootKey":"Zvjz8YcXFwMDHVynjKfMoodyVkxVb7mapvEI7U2A5vo="},"indexInfo":{"baseKey":"BT65Tqn3BsmxuHi7JuZuAaPfnfvCX7ByuVhO2Ve11WtE","baseKeyType":1,"closed":-1,"used":1692405308736,"created":1692405308736,"remoteIdentityKey":"Bd00dJq/KZLHAsX/6O1I21ER1D3LeIlZucPKbQc4zUVY"},"_chains":{"BUJkHtCV9pqXL+q+GV66crYwmZIc/qIdofsIojkIrBAp":{"chainKey":{"counter":0,"key":"zPJd4h+5Uqoj82tnFFzxLL6uZNHjQ/qe01kJGIsoNN4="},"chainType":1,"messageKeys":{}}},"pendingPreKey":{"signedKeyId":12,"baseKey":"BT65Tqn3BsmxuHi7JuZuAaPfnfvCX7ByuVhO2Ve11WtE","preKeyId":12209960}}},"version":"v1"}