{"_sessions":{"BYd8L8G8WZLmmMqZPwlefBSIG8maMZvRof279ptdwxYt":{"registrationId":1509567196,"currentRatchet":{"ephemeralKeyPair":{"pubKey":"BXmpDNf+LeOpP2L9lkD472fzUQDLF0CG32jXCLMrnvdv","privKey":"OOL4xL9BQ1g2I/P70XqefM+uAiqB5id5Xtjl4rBpYVI="},"lastRemoteEphemeralKey":"BR2KOSS8qbQj0HwBWyxc6sDQ0N/cx7wK+uCwfsiFE4Nl","previousCounter":0,"rootKey":"+kXI9Vzred9jWx7Fsawz9ZT1jk1TTnYSi8ekvZmuq4Q="},"indexInfo":{"baseKey":"BYd8L8G8WZLmmMqZPwlefBSIG8maMZvRof279ptdwxYt","baseKeyType":1,"closed":-1,"used":1692405308874,"created":1692405308874,"remoteIdentityKey":"BSAqQ6emjyWd56FkW+YUcONgMEdcbR3EJxoZcFd3F+xK"},"_chains":{"BXmpDNf+LeOpP2L9lkD472fzUQDLF0CG32jXCLMrnvdv":{"chainKey":{"counter":0,"key":"HTgKSPR7PaXARC2MYBcW0OIu+2EzteDjmgeaOZPFXtU="},"chainType":1,"messageKeys":{}}},"pendingPreKey":{"signedKeyId":9,"baseKey":"BYd8L8G8WZLmmMqZPwlefBSIG8maMZvRof279ptdwxYt","preKeyId":1979650}}},"version":"v1"}