{"_sessions":{"BdKSDXYID+QLATwREjHJgC1rGOJy5I6yn60dvYZJWMZ5":{"registrationId":85990121,"currentRatchet":{"ephemeralKeyPair":{"pubKey":"BabHiuz2ogStLYpbbX5YThv+LzsaQjvC7yqzTLjCM6U+","privKey":"sEyZYViPQPGgeHUf0DSTWXc1eXCyDeeNK4el7OghJVk="},"lastRemoteEphemeralKey":"BWppFdhXnfSAoKbH93a+/yqKlHjqAXWpSb8Wa1iy6kxa","previousCounter":0,"rootKey":"z5pIWgVV0SVVCSrUh/37Tlj9ywdN/HY5kiw6W5iEDE4="},"indexInfo":{"baseKey":"BdKSDXYID+QLATwREjHJgC1rGOJy5I6yn60dvYZJWMZ5","baseKeyType":1,"closed":-1,"used":1692405308675,"created":1692405308675,"remoteIdentityKey":"Bc7pU/6wknrxkfvN2ruD8wGOV9YvDIu4sy7Q960agD9G"},"_chains":{"BabHiuz2ogStLYpbbX5YThv+LzsaQjvC7yqzTLjCM6U+":{"chainKey":{"counter":0,"key":"1cUieB9QUwC9adi+ZiSRh1OOhehV28ekEiMs4jNNQS8="},"chainType":1,"messageKeys":{}}},"pendingPreKey":{"signedKeyId":22,"baseKey":"BdKSDXYID+QLATwREjHJgC1rGOJy5I6yn60dvYZJWMZ5","preKeyId":13212632}}},"version":"v1"}