{"_sessions":{"BWDOd0VehXnv27qQEZXEj8SHzvBeCdOxgne3m6hbO29a":{"registrationId":101531542,"currentRatchet":{"ephemeralKeyPair":{"pubKey":"BY0EdB4G6rGclroiLZuYWHd9VGtQH2aeIHu8MSGGHuUE","privKey":"IJ2oTYL7WG91ruPw6pNTh8oCQdOp/cyJBTY/dGAfO3g="},"lastRemoteEphemeralKey":"BexQ9ftkRNmOhsGjMIrF4wllYQLiS09zdGlc7/pr+S1o","previousCounter":0,"rootKey":"RI6BsA8LxwGlR1IVwHKWC23AtiYYPQulnKxzy6GWMao="},"indexInfo":{"baseKey":"BWDOd0VehXnv27qQEZXEj8SHzvBeCdOxgne3m6hbO29a","baseKeyType":1,"closed":-1,"used":1692405310324,"created":1692405310324,"remoteIdentityKey":"BX6FDeLyueWHUEEpI/eva3IjoD/k+PC6s2c1+E2PL4oB"},"_chains":{"BY0EdB4G6rGclroiLZuYWHd9VGtQH2aeIHu8MSGGHuUE":{"chainKey":{"counter":0,"key":"UljZXQXHecymeXDfXG9RdOeHA4D8Vksw4lp45NcNpec="},"chainType":1,"messageKeys":{}}},"pendingPreKey":{"signedKeyId":4,"baseKey":"BWDOd0VehXnv27qQEZXEj8SHzvBeCdOxgne3m6hbO29a","preKeyId":12544642}}},"version":"v1"}