{"_sessions":{"BRVJuktvx9lgDcO5v1OhOy0z+PbfYsM5q/GAUMYkbgIH":{"registrationId":2134880446,"currentRatchet":{"ephemeralKeyPair":{"pubKey":"BXPqTYYPLze6ZaTtegDFIsmP24nk+cehHDR9mbMhnt55","privKey":"4EOKHZ6YTlTzqBz6+3B/8ibRmFcdrJbK/2qZcnF4i0Q="},"lastRemoteEphemeralKey":"BcVxLpyVpmjuyXGfv8Db8zudkkAOLfTzYzUZpkzasTor","previousCounter":0,"rootKey":"8e2gS57xpib6W7SJQnTS/yj7XwPvodOkNqr8SW/S9bg="},"indexInfo":{"baseKey":"BRVJuktvx9lgDcO5v1OhOy0z+PbfYsM5q/GAUMYkbgIH","baseKeyType":1,"closed":-1,"used":1692405310192,"created":1692405310192,"remoteIdentityKey":"BedtZB8l08ppg4HfXMPtEGIE/+alqo3YOGTGAMq+4zZ+"},"_chains":{"BXPqTYYPLze6ZaTtegDFIsmP24nk+cehHDR9mbMhnt55":{"chainKey":{"counter":0,"key":"0NVm49zpgyck5CmIVq+KDH3ECDy/hCiRTmX57IdHegM="},"chainType":1,"messageKeys":{}}},"pendingPreKey":{"signedKeyId":3,"baseKey":"BRVJuktvx9lgDcO5v1OhOy0z+PbfYsM5q/GAUMYkbgIH","preKeyId":11865258}}},"version":"v1"}