{"_sessions":{"BeIuchYUV2cVczZ2kCXadcwCF+FYLmuYMC9+VTY1Ccx8":{"registrationId":2104696548,"currentRatchet":{"ephemeralKeyPair":{"pubKey":"Bc2uKDi6w8XKAgKrOcY32UHYOzhPfE5mcnEVr72diaV/","privKey":"SA3E5DKT3qGDrP6xMvIybdWnEhCK6x0CVyDqz4D+kXc="},"lastRemoteEphemeralKey":"BeFNA7JuNmA9c9Mo3VJMp4J4/9oNZIE7RqjJ6p1YSGpI","previousCounter":0,"rootKey":"ihfX1o6QTyyGjrwe2pGlxx7Uo3PDQotQWYlro2kjt4M="},"indexInfo":{"baseKey":"BeIuchYUV2cVczZ2kCXadcwCF+FYLmuYMC9+VTY1Ccx8","baseKeyType":1,"closed":-1,"used":1692405310459,"created":1692405310459,"remoteIdentityKey":"BUvTMmSNsqM2oXWYmLW3UWXckJPVc/k4xxRkzMuMrAws"},"_chains":{"Bc2uKDi6w8XKAgKrOcY32UHYOzhPfE5mcnEVr72diaV/":{"chainKey":{"counter":0,"key":"BK1ddVi535ZsQ4ITa1cdfnXkXrPMvQQRAM/kbLNpDjA="},"chainType":1,"messageKeys":{}}},"pendingPreKey":{"signedKeyId":24,"baseKey":"BeIuchYUV2cVczZ2kCXadcwCF+FYLmuYMC9+VTY1Ccx8","preKeyId":15606777}}},"version":"v1"}