{"_sessions":{"BYsKxFW35ddnITmRZMwrOIwWl4rRhKuLoll7Tr5z7xlR":{"registrationId":2027283693,"currentRatchet":{"ephemeralKeyPair":{"pubKey":"Bb2jlID21UXPUGRn7IDFHxOHlPnUEZijZeK9MvsyREZs","privKey":"6DHUmFi2gEMWnukJwHKMJJbMdtkw/TSoBzdalmZjbkk="},"lastRemoteEphemeralKey":"BTzSZFXMBQDjQQePZs4Do7Iqu86ItqRNqkQYrtH3sY0G","previousCounter":0,"rootKey":"8LC8Yfoud62j8pgtYYYd6y9PGS7Nr/YpmjMb3hiXeno="},"indexInfo":{"baseKey":"BYsKxFW35ddnITmRZMwrOIwWl4rRhKuLoll7Tr5z7xlR","baseKeyType":1,"closed":-1,"used":1692405309349,"created":1692405309349,"remoteIdentityKey":"BQ2w25mMBaMrAZZHZUtlapTf4f4HteKpjLcvC4sW+uVa"},"_chains":{"Bb2jlID21UXPUGRn7IDFHxOHlPnUEZijZeK9MvsyREZs":{"chainKey":{"counter":0,"key":"LYtqDHRF+ygEjc8IVf+gmYDQjiDVgPCpNjhXyiN0Ahw="},"chainType":1,"messageKeys":{}}},"pendingPreKey":{"signedKeyId":5,"baseKey":"BYsKxFW35ddnITmRZMwrOIwWl4rRhKuLoll7Tr5z7xlR","preKeyId":12829417}}},"version":"v1"}