{"_sessions":{"BUM/9L8zanw3uG6yG4W66zq/GyNTlvmyMUK7YqBQv1BV":{"registrationId":9547,"currentRatchet":{"ephemeralKeyPair":{"pubKey":"BQAJzEze2FdOgouW9nMOAmqyS2raPLWxtMWADR5A7RJh","privKey":"4D1H1ja6vWTsdjT2RDvYIHtIrag9qFViFNZvzxN8HV8="},"lastRemoteEphemeralKey":"BZyAw4wqO2TfAHUYJ6fcqfASY9noYdpQrtLwikistZEr","previousCounter":0,"rootKey":"tzcN1wORG5w+/NnvDr2eOf+5wM2pR5GONEefWYDHtAk="},"indexInfo":{"baseKey":"BUM/9L8zanw3uG6yG4W66zq/GyNTlvmyMUK7YqBQv1BV","baseKeyType":1,"closed":-1,"used":1692405308298,"created":1692405308298,"remoteIdentityKey":"BdDHd2GZ3K3XKqXh2Zr9e4dVu0njJwvcs1bxYatQRGR7"},"_chains":{"BQAJzEze2FdOgouW9nMOAmqyS2raPLWxtMWADR5A7RJh":{"chainKey":{"counter":0,"key":"XRKz6gxiPzyCwWFAybLA0suJDxiYf1DXZmerde3yF34="},"chainType":1,"messageKeys":{}}},"pendingPreKey":{"signedKeyId":1,"baseKey":"BUM/9L8zanw3uG6yG4W66zq/GyNTlvmyMUK7YqBQv1BV"}}},"version":"v1"}