{"_sessions":{"Bc6CN6WmntAvDbWfIzVa1POKWg5GSopY4e1nJ+m7FnhA":{"registrationId":1189085221,"currentRatchet":{"ephemeralKeyPair":{"pubKey":"BYgLB7YtIbiN+wSiLzLcoaBcSR/wTCU6HlQaGO0CO64J","privKey":"MLdEbPaPXQVWi4w8AOTEXTcKzpaw3CplpxwyqVtQE2Y="},"lastRemoteEphemeralKey":"BZ1JTCXEfCAbu3fEmjoR9UCy8HyMcJoMSOpak/t9xjtZ","previousCounter":0,"rootKey":"skTPKfwPQCY0JqAuskysrBKqKMzeuJdyPALxx+SpB5A="},"indexInfo":{"baseKey":"Bc6CN6WmntAvDbWfIzVa1POKWg5GSopY4e1nJ+m7FnhA","baseKeyType":1,"closed":-1,"used":1692405309376,"created":1692405309376,"remoteIdentityKey":"BbkiXfMDZbH5HZc7PRJCyb39qLEhrUbTO+ZcM7pRXLgV"},"_chains":{"BYgLB7YtIbiN+wSiLzLcoaBcSR/wTCU6HlQaGO0CO64J":{"chainKey":{"counter":0,"key":"pI0BJzCLv797RTmieLpcOfD8tgHSYRzSG2VwtIt8Y3k="},"chainType":1,"messageKeys":{}}},"pendingPreKey":{"signedKeyId":14,"baseKey":"Bc6CN6WmntAvDbWfIzVa1POKWg5GSopY4e1nJ+m7FnhA","preKeyId":8663309}}},"version":"v1"}