{"_sessions":{"BfGHnwkqlJuZ2HDjbrO1EnPS0BAdwCHWtAeyosBIkpUO":{"registrationId":1862355100,"currentRatchet":{"ephemeralKeyPair":{"pubKey":"BZSNcfUR7QP3Zc7RHHdJd/8hdysm52MSsI0A5ejh5Kg7","privKey":"+AflgjXH28+++4T3bSnyvznXrmT8OJvmpwbfc71PX2k="},"lastRemoteEphemeralKey":"BXWg/0kKJYT1lB4x7Y8cIeKo83g1wXkAPYgvRUsROYpc","previousCounter":0,"rootKey":"2S5xn5qN3EKcvkKYVy0tE2JO1WFVfduUwnkqHoGiRSM="},"indexInfo":{"baseKey":"BfGHnwkqlJuZ2HDjbrO1EnPS0BAdwCHWtAeyosBIkpUO","baseKeyType":1,"closed":1692405743059,"used":1692405742644,"created":1692405742644,"remoteIdentityKey":"BapEatAcCliu1XZDmE5yoBw49LEo43k9GM8/5o8d9LUt"},"_chains":{"BZSNcfUR7QP3Zc7RHHdJd/8hdysm52MSsI0A5ejh5Kg7":{"chainKey":{"counter":0,"key":"gWkygzCdiQ5Mgt8ygfMCgCOlb0z/sf5q2MZh6TvUBpU="},"chainType":1,"messageKeys":{}}},"pendingPreKey":{"signedKeyId":0,"baseKey":"BfGHnwkqlJuZ2HDjbrO1EnPS0BAdwCHWtAeyosBIkpUO","preKeyId":5345764}},"BXO0eM6Q7yLmciyDrpCDxECwe51ByIG9cKcMVXXrHT49":{"registrationId":1862355100,"currentRatchet":{"ephemeralKeyPair":{"pubKey":"BYrWc/bF1jJuetEjB+E1QRLSgjoMsb2bA+O500aLgSd2","privKey":"MFfF29/SZOaq3ARxZW8uMUdQRjNBmHXfdAWwJbb1mU0="},"lastRemoteEphemeralKey":"BXWg/0kKJYT1lB4x7Y8cIeKo83g1wXkAPYgvRUsROYpc","previousCounter":0,"rootKey":"5NTc8/pEQ0c88NCLiHY9CEKAkWyaw+2UBBeur3oWj7E="},"indexInfo":{"baseKey":"BXO0eM6Q7yLmciyDrpCDxECwe51ByIG9cKcMVXXrHT49","baseKeyType":1,"closed":1692405743439,"used":1692405743057,"created":1692405743057,"remoteIdentityKey":"BapEatAcCliu1XZDmE5yoBw49LEo43k9GM8/5o8d9LUt"},"_chains":{"BYrWc/bF1jJuetEjB+E1QRLSgjoMsb2bA+O500aLgSd2":{"chainKey":{"counter":0,"key":"qrj+/ToNzz0nbM/8/zsut5bKZHIDncCPwQsw50jl2Z0="},"chainType":1,"messageKeys":{}}},"pendingPreKey":{"signedKeyId":0,"baseKey":"BXO0eM6Q7yLmciyDrpCDxECwe51ByIG9cKcMVXXrHT49","preKeyId":5345831}},"BXxM7k9kE3+hkj3JTqy9GQ6tg+GGp61OpKGHjZgBiANx":{"registrationId":1862355100,"currentRatchet":{"ephemeralKeyPair":{"pubKey":"BaxLM05aUuUSliskUXTe5qVhju0++AmN30YRzz4//1sV","privKey":"gA7g0Ji8okAYCiMzYVBGCTj5I1YF9tuyj5pTSqV4TXk="},"lastRemoteEphemeralKey":"BXWg/0kKJYT1lB4x7Y8cIeKo83g1wXkAPYgvRUsROYpc","previousCounter":0,"rootKey":"+6Q7aNDIwfwqPnDDqy5xVY8fRk60ntK/InnvPy6iatA="},"indexInfo":{"baseKey":"BXxM7k9kE3+hkj3JTqy9GQ6tg+GGp61OpKGHjZgBiANx","baseKeyType":1,"closed":1692405743470,"used":1692405743438,"created":1692405743438,"remoteIdentityKey":"BapEatAcCliu1XZDmE5yoBw49LEo43k9GM8/5o8d9LUt"},"_chains":{"BaxLM05aUuUSliskUXTe5qVhju0++AmN30YRzz4//1sV":{"chainKey":{"counter":0,"key":"BllG5wS1EZaS5uNElC7wDae3PQmbyLNc5yXTWMCZDH0="},"chainType":1,"messageKeys":{}}},"pendingPreKey":{"signedKeyId":0,"baseKey":"BXxM7k9kE3+hkj3JTqy9GQ6tg+GGp61OpKGHjZgBiANx","preKeyId":5346543}},"BRuoNt0BVDSz/o6LBoNPbJWSk123JpP2D0iFfBXTmtcv":{"registrationId":1862355100,"currentRatchet":{"ephemeralKeyPair":{"pubKey":"BZb0iNZpjPZ2K24HvwO9ktkXWdB2J74rah7jQ8t3E+4P","privKey":"AEpIi9+tQe/omrWAH1//BUdAoPaTqhq6UIDLWlBo8mY="},"lastRemoteEphemeralKey":"BXWg/0kKJYT1lB4x7Y8cIeKo83g1wXkAPYgvRUsROYpc","previousCounter":0,"rootKey":"pe51aoNXAoxUAqrBqqetvsKvFEnB+iSfxDweW1aGTvM="},"indexInfo":{"baseKey":"BRuoNt0BVDSz/o6LBoNPbJWSk123JpP2D0iFfBXTmtcv","baseKeyType":1,"closed":1692405743881,"used":1692405743468,"created":1692405743468,"remoteIdentityKey":"BapEatAcCliu1XZDmE5yoBw49LEo43k9GM8/5o8d9LUt"},"_chains":{"BZb0iNZpjPZ2K24HvwO9ktkXWdB2J74rah7jQ8t3E+4P":{"chainKey":{"counter":0,"key":"LwsIyfA/aFYI2k8VNkO183UiTibhJ1sCaPmw3k3waOA="},"chainType":1,"messageKeys":{}}},"pendingPreKey":{"signedKeyId":0,"baseKey":"BRuoNt0BVDSz/o6LBoNPbJWSk123JpP2D0iFfBXTmtcv","preKeyId":5345863}},"BbA6wbkklmJ4ViTBD9eBKoawMDz6fUJd0bKDCIQpAIpe":{"registrationId":1862355100,"currentRatchet":{"ephemeralKeyPair":{"pubKey":"BfQpt8HwH3Htii88aEyGKo9Q053fl65OK2nX+PDNkLwo","privKey":"kHVEisuu24d3TsOaOs9sd6Z3Jgjjqm5ub8w/7Lx0bWo="},"lastRemoteEphemeralKey":"BXWg/0kKJYT1lB4x7Y8cIeKo83g1wXkAPYgvRUsROYpc","previousCounter":0,"rootKey":"JRnByFV6GAoNU4BLIaffTC/4onCYNX3+Gtkf3c+PBt0="},"indexInfo":{"baseKey":"BbA6wbkklmJ4ViTBD9eBKoawMDz6fUJd0bKDCIQpAIpe","baseKeyType":1,"closed":1692405743953,"used":1692405743880,"created":1692405743880,"remoteIdentityKey":"BapEatAcCliu1XZDmE5yoBw49LEo43k9GM8/5o8d9LUt"},"_chains":{"BfQpt8HwH3Htii88aEyGKo9Q053fl65OK2nX+PDNkLwo":{"chainKey":{"counter":0,"key":"3c9HckKy0AQghUaKvCHyfD3hDO7Fxw1lHh/P6AR9vHI="},"chainType":1,"messageKeys":{}}},"pendingPreKey":{"signedKeyId":0,"baseKey":"BbA6wbkklmJ4ViTBD9eBKoawMDz6fUJd0bKDCIQpAIpe","preKeyId":5346535}},"BaCBfOIcPDn3T8cPUuLyxTcHPwkhgIOiViMvpqDlSKBd":{"registrationId":1862355100,"currentRatchet":{"ephemeralKeyPair":{"pubKey":"Ba3esaUkXD7rocrRA/+JxvjzZskmcoa5yhwt13y54NF0","privKey":"SKnJQceLxXcAf0uTUik7uuX2wVX1aB6FYouTpQMIkXU="},"lastRemoteEphemeralKey":"BXWg/0kKJYT1lB4x7Y8cIeKo83g1wXkAPYgvRUsROYpc","previousCounter":0,"rootKey":"Qbj8YKWFMfqoPHUNA3Myq4JPVebROG0t+k4ZDFR+dys="},"indexInfo":{"baseKey":"BaCBfOIcPDn3T8cPUuLyxTcHPwkhgIOiViMvpqDlSKBd","baseKeyType":1,"closed":1692405743987,"used":1692405743951,"created":1692405743951,"remoteIdentityKey":"BapEatAcCliu1XZDmE5yoBw49LEo43k9GM8/5o8d9LUt"},"_chains":{"Ba3esaUkXD7rocrRA/+JxvjzZskmcoa5yhwt13y54NF0":{"chainKey":{"counter":0,"key":"39NOMKoSDIRWeMa9iCVCOI2qc1tYgC2CeSseD7ghZWI="},"chainType":1,"messageKeys":{}}},"pendingPreKey":{"signedKeyId":0,"baseKey":"BaCBfOIcPDn3T8cPUuLyxTcHPwkhgIOiViMvpqDlSKBd","preKeyId":5345767}},"Bc8entz9WXTKP6X1V9lP2ajTznVlDqlRC9fExE7bvusG":{"registrationId":1862355100,"currentRatchet":{"ephemeralKeyPair":{"pubKey":"BaQ8lsufc9il4tLs/KZu5X2iTTQpVIZUg73kpjuGttQO","privKey":"gMC0ZCYI9OxkWIikUrvbihu/xNt2J81ujJpQjKmylUU="},"lastRemoteEphemeralKey":"BXWg/0kKJYT1lB4x7Y8cIeKo83g1wXkAPYgvRUsROYpc","previousCounter":0,"rootKey":"wt6wjBEaLw0EFyA4cWGxE1oFwFZCGIYZ8b6jsj+WJNQ="},"indexInfo":{"baseKey":"Bc8entz9WXTKP6X1V9lP2ajTznVlDqlRC9fExE7bvusG","baseKeyType":1,"closed":1692405744476,"used":1692405743985,"created":1692405743985,"remoteIdentityKey":"BapEatAcCliu1XZDmE5yoBw49LEo43k9GM8/5o8d9LUt"},"_chains":{"BaQ8lsufc9il4tLs/KZu5X2iTTQpVIZUg73kpjuGttQO":{"chainKey":{"counter":0,"key":"mgYvF199TxOzWRFoDkT9xDkld7pwc+4cjcSQuZtlLmk="},"chainType":1,"messageKeys":{}}},"pendingPreKey":{"signedKeyId":0,"baseKey":"Bc8entz9WXTKP6X1V9lP2ajTznVlDqlRC9fExE7bvusG","preKeyId":5346485}},"BZHC2tts7JueEcd1xzeKtQ1qC1Ribt7F7XbWztSCoSQ7":{"registrationId":1862355100,"currentRatchet":{"ephemeralKeyPair":{"pubKey":"BaRMv/u5ruxBNbTZabkMLN0W2D75NpQJ0fHXG+gKWXVr","privKey":"ADDT8kxr9bHwrBNfejlwKaCVQk8wDJZ8879YtSyb3Us="},"lastRemoteEphemeralKey":"BXWg/0kKJYT1lB4x7Y8cIeKo83g1wXkAPYgvRUsROYpc","previousCounter":0,"rootKey":"pkMUdnrNCsdp1bOZkFqssL0mNabdV06TOyC8TQcSIvQ="},"indexInfo":{"baseKey":"BZHC2tts7JueEcd1xzeKtQ1qC1Ribt7F7XbWztSCoSQ7","baseKeyType":1,"closed":1692405744514,"used":1692405744472,"created":1692405744472,"remoteIdentityKey":"BapEatAcCliu1XZDmE5yoBw49LEo43k9GM8/5o8d9LUt"},"_chains":{"BaRMv/u5ruxBNbTZabkMLN0W2D75NpQJ0fHXG+gKWXVr":{"chainKey":{"counter":0,"key":"FElXY7sLtOoSspIkrgH25lzjFQvh+SHw+eXnqAa9PRA="},"chainType":1,"messageKeys":{}}},"pendingPreKey":{"signedKeyId":0,"baseKey":"BZHC2tts7JueEcd1xzeKtQ1qC1Ribt7F7XbWztSCoSQ7","preKeyId":5345768}},"BZUYPEekqv/kjL0G/bVfOcfFNbH/1kAfFIZZ3+DtU7Qg":{"registrationId":1862355100,"currentRatchet":{"ephemeralKeyPair":{"pubKey":"BXPUP1+ne6POTiPzLkzB0dpPt6RWVtp1vkSoIIqO47QV","privKey":"yLuiFdQPMMo+/T5LobaJKb4SP2LHyeMdzjMqMqovAGc="},"lastRemoteEphemeralKey":"BXWg/0kKJYT1lB4x7Y8cIeKo83g1wXkAPYgvRUsROYpc","previousCounter":0,"rootKey":"Z6B5MMs4mvHhsqpjMojbSkBJGrqM1ohinIFyXfRml5g="},"indexInfo":{"baseKey":"BZUYPEekqv/kjL0G/bVfOcfFNbH/1kAfFIZZ3+DtU7Qg","baseKeyType":1,"closed":1692405744563,"used":1692405744510,"created":1692405744510,"remoteIdentityKey":"BapEatAcCliu1XZDmE5yoBw49LEo43k9GM8/5o8d9LUt"},"_chains":{"BXPUP1+ne6POTiPzLkzB0dpPt6RWVtp1vkSoIIqO47QV":{"chainKey":{"counter":0,"key":"sxQ4Ozfur5Ltm31jNTZhbER2ZM6BTx/t0SGBYRwdnFU="},"chainType":1,"messageKeys":{}}},"pendingPreKey":{"signedKeyId":0,"baseKey":"BZUYPEekqv/kjL0G/bVfOcfFNbH/1kAfFIZZ3+DtU7Qg","preKeyId":5346577}},"BQwesFDQu9V04WzKRrn0MM65x2X9kztBMaofDzfAI/Q+":{"registrationId":1862355100,"currentRatchet":{"ephemeralKeyPair":{"pubKey":"BRjCKNWKr+6WaoVdxUngReSKmGGgG0q4ljMz78QJV7BD","privKey":"KBuu3qum0mmzYWlimsTZmE+o6C1iSOtJxYtXYprt0lw="},"lastRemoteEphemeralKey":"BXWg/0kKJYT1lB4x7Y8cIeKo83g1wXkAPYgvRUsROYpc","previousCounter":0,"rootKey":"Vk4XqKg0tdxrIYhxX4fHBWAJO12AiyCeWA1jkOUYHcs="},"indexInfo":{"baseKey":"BQwesFDQu9V04WzKRrn0MM65x2X9kztBMaofDzfAI/Q+","baseKeyType":1,"closed":1692405744615,"used":1692405744559,"created":1692405744559,"remoteIdentityKey":"BapEatAcCliu1XZDmE5yoBw49LEo43k9GM8/5o8d9LUt"},"_chains":{"BRjCKNWKr+6WaoVdxUngReSKmGGgG0q4ljMz78QJV7BD":{"chainKey":{"counter":0,"key":"bUYLUOlOUT7l6a1crn8LKK8lrEnKlNIGxrC5nSWsC+s="},"chainType":1,"messageKeys":{}}},"pendingPreKey":{"signedKeyId":0,"baseKey":"BQwesFDQu9V04WzKRrn0MM65x2X9kztBMaofDzfAI/Q+","preKeyId":5346548}},"BdBYaWttaueIVco9YgE6BdsS7pzilsjGVl6qro/Qir9k":{"registrationId":1862355100,"currentRatchet":{"ephemeralKeyPair":{"pubKey":"BR81x6PCu6OI/82uNV5ishjie8v3Nyl7MyCoD4SGGxBs","privKey":"EDrENhh2lSxn2jcGewn14MsmiA1OXABR9Es4lGY3dWM="},"lastRemoteEphemeralKey":"BXWg/0kKJYT1lB4x7Y8cIeKo83g1wXkAPYgvRUsROYpc","previousCounter":0,"rootKey":"9GZuZyie6ECwIoeCdIjH9MalfBzQ6Jm3hjjuaF7tXW8="},"indexInfo":{"baseKey":"BdBYaWttaueIVco9YgE6BdsS7pzilsjGVl6qro/Qir9k","baseKeyType":1,"closed":1692405744652,"used":1692405744614,"created":1692405744614,"remoteIdentityKey":"BapEatAcCliu1XZDmE5yoBw49LEo43k9GM8/5o8d9LUt"},"_chains":{"BR81x6PCu6OI/82uNV5ishjie8v3Nyl7MyCoD4SGGxBs":{"chainKey":{"counter":0,"key":"MRoDAx7cWodz8ujYJdxwF3gQS/cCi/PWRpo7AgxJVi4="},"chainType":1,"messageKeys":{}}},"pendingPreKey":{"signedKeyId":0,"baseKey":"BdBYaWttaueIVco9YgE6BdsS7pzilsjGVl6qro/Qir9k","preKeyId":5345797}},"BcHo/c1+g1U2GHILKH6bYA6akbCEx57/ZpIm1eZf1q0A":{"registrationId":1862355100,"currentRatchet":{"ephemeralKeyPair":{"pubKey":"BcYyQxlz9QaVdTTNf5YzwnNbHcKajOJr/iq5hpzW3L0v","privKey":"4FkYeQMEyupOpT5Oa1rLckWPwbivXAlXvVZWvCd1lF0="},"lastRemoteEphemeralKey":"BXWg/0kKJYT1lB4x7Y8cIeKo83g1wXkAPYgvRUsROYpc","previousCounter":0,"rootKey":"1AN2l2WqY9Si/0NDtcmpFEU5WUH/k6fM0OnkCr3lFYE="},"indexInfo":{"baseKey":"BcHo/c1+g1U2GHILKH6bYA6akbCEx57/ZpIm1eZf1q0A","baseKeyType":1,"closed":1692405744684,"used":1692405744650,"created":1692405744650,"remoteIdentityKey":"BapEatAcCliu1XZDmE5yoBw49LEo43k9GM8/5o8d9LUt"},"_chains":{"BcYyQxlz9QaVdTTNf5YzwnNbHcKajOJr/iq5hpzW3L0v":{"chainKey":{"counter":0,"key":"Cko5ZD7WrukUAMrt7jXlz9P0ZK5SCLWPcgjMVRJTNAA="},"chainType":1,"messageKeys":{}}},"pendingPreKey":{"signedKeyId":0,"baseKey":"BcHo/c1+g1U2GHILKH6bYA6akbCEx57/ZpIm1eZf1q0A","preKeyId":5346490}},"BfbyqAict8C1V9kmQBL4bMbbnkEA7NdTjbH1HAjCt4Ne":{"registrationId":1862355100,"currentRatchet":{"ephemeralKeyPair":{"pubKey":"BbXyzNibWQZfynj5Day2HfNcFms/Iteos5/Fu9IsezZC","privKey":"QP8gTvIBFYCleL5qW+KyyhO+ZLdZFM6vWcWP1tqZB1Y="},"lastRemoteEphemeralKey":"BXWg/0kKJYT1lB4x7Y8cIeKo83g1wXkAPYgvRUsROYpc","previousCounter":0,"rootKey":"wuUhPdP1pumPpTuJbJQyhVUk4xtpjmxcw7TFjtYJlQc="},"indexInfo":{"baseKey":"BfbyqAict8C1V9kmQBL4bMbbnkEA7NdTjbH1HAjCt4Ne","baseKeyType":1,"closed":1692405745114,"used":1692405744682,"created":1692405744682,"remoteIdentityKey":"BapEatAcCliu1XZDmE5yoBw49LEo43k9GM8/5o8d9LUt"},"_chains":{"BbXyzNibWQZfynj5Day2HfNcFms/Iteos5/Fu9IsezZC":{"chainKey":{"counter":0,"key":"zmfYnt58IKuy0yaW9oXuLMUB92l3wFybuk5rvdWdam8="},"chainType":1,"messageKeys":{}}},"pendingPreKey":{"signedKeyId":0,"baseKey":"BfbyqAict8C1V9kmQBL4bMbbnkEA7NdTjbH1HAjCt4Ne","preKeyId":5345860}},"BYzxeiSFFIK9sknTvZcPiLbdjrmP3YimYFb1d35JvEhE":{"registrationId":1862355100,"currentRatchet":{"ephemeralKeyPair":{"pubKey":"BVZBSBLD2wV7Gg2g/qse/SgxZMsSjPqf/GwImGVUyvdq","privKey":"eItJjEcfRp2xPf63vCuSbxf5ArMInGg6kXXiIpCPdkA="},"lastRemoteEphemeralKey":"BXWg/0kKJYT1lB4x7Y8cIeKo83g1wXkAPYgvRUsROYpc","previousCounter":0,"rootKey":"eMfwpK+NZtpTDOg2bT7EuJQpi5c57gxvg/BFpf0oUc0="},"indexInfo":{"baseKey":"BYzxeiSFFIK9sknTvZcPiLbdjrmP3YimYFb1d35JvEhE","baseKeyType":1,"closed":1692405745504,"used":1692405745112,"created":1692405745112,"remoteIdentityKey":"BapEatAcCliu1XZDmE5yoBw49LEo43k9GM8/5o8d9LUt"},"_chains":{"BVZBSBLD2wV7Gg2g/qse/SgxZMsSjPqf/GwImGVUyvdq":{"chainKey":{"counter":0,"key":"qorYbz3WremPKCV9LMKoDyUNRkPfgnjq6AYwpU6hYEY="},"chainType":1,"messageKeys":{}}},"pendingPreKey":{"signedKeyId":0,"baseKey":"BYzxeiSFFIK9sknTvZcPiLbdjrmP3YimYFb1d35JvEhE","preKeyId":5346498}},"BTfVMOJSV+Gx7LoCcEa89H3UtO1Sewvb3oIOIUd0Lk5G":{"registrationId":1862355100,"currentRatchet":{"ephemeralKeyPair":{"pubKey":"BWtoObU3H060qWQpTsrppnej+f7pWo5YdmtP5lx/Mv9o","privKey":"cOcWoGmU8snF7Cl5Ge2KetakRDur3w1Fapp6iNs5LFA="},"lastRemoteEphemeralKey":"BXWg/0kKJYT1lB4x7Y8cIeKo83g1wXkAPYgvRUsROYpc","previousCounter":0,"rootKey":"FmkUyJ0Eq1xY1dLM8EWZxIe+xlo3KqJOjlpTICAUjpg="},"indexInfo":{"baseKey":"BTfVMOJSV+Gx7LoCcEa89H3UtO1Sewvb3oIOIUd0Lk5G","baseKeyType":1,"closed":1692405745876,"used":1692405745501,"created":1692405745501,"remoteIdentityKey":"BapEatAcCliu1XZDmE5yoBw49LEo43k9GM8/5o8d9LUt"},"_chains":{"BWtoObU3H060qWQpTsrppnej+f7pWo5YdmtP5lx/Mv9o":{"chainKey":{"counter":0,"key":"OMgt42KVGPHCtBHf58097HNBSDEQSy72mSSdeY73S8o="},"chainType":1,"messageKeys":{}}},"pendingPreKey":{"signedKeyId":0,"baseKey":"BTfVMOJSV+Gx7LoCcEa89H3UtO1Sewvb3oIOIUd0Lk5G","preKeyId":5345775}},"BW3knBNgrc2qNtkZ2dLah45jA3VuWF2c+l0AMSNzGjkW":{"registrationId":1862355100,"currentRatchet":{"ephemeralKeyPair":{"pubKey":"BdAbRFF+f79zl+eIsb2SdxiufACTPHpfP30zO7r0wqEj","privKey":"+KsxyYVOUvi9mXzWywVpqCg4xlNs3P74PKQHgtUk8U4="},"lastRemoteEphemeralKey":"BXWg/0kKJYT1lB4x7Y8cIeKo83g1wXkAPYgvRUsROYpc","previousCounter":0,"rootKey":"OwqzXlzTTsdEt4oOoxnd7xc+y1uz2AZEuJSAksL3KAI="},"indexInfo":{"baseKey":"BW3knBNgrc2qNtkZ2dLah45jA3VuWF2c+l0AMSNzGjkW","baseKeyType":1,"closed":1692405745898,"used":1692405745875,"created":1692405745875,"remoteIdentityKey":"BapEatAcCliu1XZDmE5yoBw49LEo43k9GM8/5o8d9LUt"},"_chains":{"BdAbRFF+f79zl+eIsb2SdxiufACTPHpfP30zO7r0wqEj":{"chainKey":{"counter":-1,"key":"Q8Ld0MFrB+H6X/nt3QLV+pKSDjvQMgVjs4Z3OfTyZCw="},"chainType":1,"messageKeys":{}}},"pendingPreKey":{"signedKeyId":0,"baseKey":"BW3knBNgrc2qNtkZ2dLah45jA3VuWF2c+l0AMSNzGjkW","preKeyId":5346505}},"BcD5+hN1//lSRBG5x67J0Oe2+Ora2pOcLFA33rwKNEJI":{"registrationId":1862355100,"currentRatchet":{"ephemeralKeyPair":{"pubKey":"BcI+D8IU8DHXqNjv5nVwU88PXnywmSYVMp/Q5vuVxRFz","privKey":"cOKLA/5JeoQGTdHKVRkVWmjoFKigDXid7voX38OrPG4="},"lastRemoteEphemeralKey":"BXWg/0kKJYT1lB4x7Y8cIeKo83g1wXkAPYgvRUsROYpc","previousCounter":0,"rootKey":"1lErL91m/2EptIRFjz8jzHVxeztoXTA/GB7DFhZq3tw="},"indexInfo":{"baseKey":"BcD5+hN1//lSRBG5x67J0Oe2+Ora2pOcLFA33rwKNEJI","baseKeyType":1,"closed":1692405745942,"used":1692405745897,"created":1692405745897,"remoteIdentityKey":"BapEatAcCliu1XZDmE5yoBw49LEo43k9GM8/5o8d9LUt"},"_chains":{"BcI+D8IU8DHXqNjv5nVwU88PXnywmSYVMp/Q5vuVxRFz":{"chainKey":{"counter":-1,"key":"MFUsxowRKbGwNEHm94Jm+8mC28iO20v2R9Up/qQGoK4="},"chainType":1,"messageKeys":{}}},"pendingPreKey":{"signedKeyId":0,"baseKey":"BcD5+hN1//lSRBG5x67J0Oe2+Ora2pOcLFA33rwKNEJI","preKeyId":5345810}},"BeJ/vzr71bm0lTCb2QSknd/ANa096l0Pe0bwv5GtbXA1":{"registrationId":1862355100,"currentRatchet":{"ephemeralKeyPair":{"pubKey":"BQMP06YwpZZecmiYbvQQ653cAWlzSuxC6C7+KwpsbrQ+","privKey":"IDEV6/TDhg+7kfqm0spk/VY+hq9Zu1rzteCuIp4KekM="},"lastRemoteEphemeralKey":"BXWg/0kKJYT1lB4x7Y8cIeKo83g1wXkAPYgvRUsROYpc","previousCounter":0,"rootKey":"opOcN+hhYmaLVRy4b8sQDm6ohocyn0zq3cJb6lFuXQU="},"indexInfo":{"baseKey":"BeJ/vzr71bm0lTCb2QSknd/ANa096l0Pe0bwv5GtbXA1","baseKeyType":1,"closed":1692405746668,"used":1692405745926,"created":1692405745926,"remoteIdentityKey":"BapEatAcCliu1XZDmE5yoBw49LEo43k9GM8/5o8d9LUt"},"_chains":{"BQMP06YwpZZecmiYbvQQ653cAWlzSuxC6C7+KwpsbrQ+":{"chainKey":{"counter":2,"key":"8FOZQ+BJAaOeSGkIIYfyrWVa4x2qKVS4YrEXxtnXF1o="},"chainType":1,"messageKeys":{}}},"pendingPreKey":{"signedKeyId":0,"baseKey":"BeJ/vzr71bm0lTCb2QSknd/ANa096l0Pe0bwv5GtbXA1","preKeyId":5345773}},"Bbq3c3KK5ffGeTHWu5HcUZZ7aGQtgXDf3HeV8SBdr/oY":{"registrationId":1862355100,"currentRatchet":{"ephemeralKeyPair":{"pubKey":"BXkypEBtQckkKwrEvFtTLhiHLc3KbyDeuRK2clSCJKI3","privKey":"iDZnMkMjQFhn2e9HroZvftBYhlllkTtuCnrpK+ylyms="},"lastRemoteEphemeralKey":"BXWg/0kKJYT1lB4x7Y8cIeKo83g1wXkAPYgvRUsROYpc","previousCounter":0,"rootKey":"IBrfUHQ6fRsmExairTkjpQGz0hF+4w6MlczcWNLgMbg="},"indexInfo":{"baseKey":"Bbq3c3KK5ffGeTHWu5HcUZZ7aGQtgXDf3HeV8SBdr/oY","baseKeyType":1,"closed":1692405747049,"used":1692405746666,"created":1692405746666,"remoteIdentityKey":"BapEatAcCliu1XZDmE5yoBw49LEo43k9GM8/5o8d9LUt"},"_chains":{"BXkypEBtQckkKwrEvFtTLhiHLc3KbyDeuRK2clSCJKI3":{"chainKey":{"counter":0,"key":"T57FbVyZ8QDhF5usoXvoCgL0CLr/FYFBBrNRx1yw2hc="},"chainType":1,"messageKeys":{}}},"pendingPreKey":{"signedKeyId":0,"baseKey":"Bbq3c3KK5ffGeTHWu5HcUZZ7aGQtgXDf3HeV8SBdr/oY","preKeyId":5345794}},"BbM5SPmK8Jl/d2PUBhOLnP9PI3aZ2idJeOLWsflrff5p":{"registrationId":1862355100,"currentRatchet":{"ephemeralKeyPair":{"pubKey":"Bch+Un56udI+qtAYYeBHWz7reVmokymTYhsmuIvK8Y1w","privKey":"mNH7yb3yippj/9nZoU1N5qSuBuwCGrht9j8xgSCFWms="},"lastRemoteEphemeralKey":"BckUqDwAPs/xZL5/7jkrQC3tNnGUxf42wahdSwwzb0o6","previousCounter":1,"rootKey":"gGnSljYvdebF2MEAOheOIUCi2huSa4gEivRtZm1YZNI="},"indexInfo":{"baseKey":"BbM5SPmK8Jl/d2PUBhOLnP9PI3aZ2idJeOLWsflrff5p","baseKeyType":1,"closed":1692417236139,"used":1692417228380,"created":1692405747047,"remoteIdentityKey":"BapEatAcCliu1XZDmE5yoBw49LEo43k9GM8/5o8d9LUt"},"_chains":{"BckUqDwAPs/xZL5/7jkrQC3tNnGUxf42wahdSwwzb0o6":{"chainKey":{"counter":8,"key":"pCyI7gbmxSMwt2epaDMtVlc/zPmXrVPXCfcbbC+AHj4="},"chainType":2,"messageKeys":{"0":"kHanhkuNXTjZTKCJX9xoBZAZextccAh27X2UkjbVuro=","1":"eLy7pXBmUSpLgGO/sA9eqgFj0aqsicAFbtDhDFozYFg=","2":"eH2eVxBWXn3imocvPyzAHE45afro9GwEoeyUx7fzRxM=","3":"DVAnP+kaSlB45MPs5eQpKnVNXH41RC+D8fJ16PtxB3k=","4":"4J74QiwLFPmTKZh9EweyBph5nE6YfkQu1XbiEQLInT0=","5":"BfPCknUjTpsZXU+dC/bpjHeX+kcgVtHGB8fe2TnUyNU=","6":"G4MNmZHE8DbDC/AhNTCVxyiHDchdQC9MDp20fMDnzgU=","7":"LQJbGKg5hwnx0bZVgw+85ZZC27+zJQXtxvKF+4WN4QQ="}},"Bch+Un56udI+qtAYYeBHWz7reVmokymTYhsmuIvK8Y1w":{"chainKey":{"counter":0,"key":"YdNNnvwGx28HrvE1LU6zkIj2opW1bTfmuC6eRsdLHJo="},"chainType":1,"messageKeys":{}}}},"Bf7uMlKQ+U32H/rEtBqdxJarEcrN5w7g7Ilu2Chj3GF1":{"registrationId":1862355100,"currentRatchet":{"ephemeralKeyPair":{"pubKey":"BacGzAmSrVFHIFF2e/kV1oybPz1lPYKsEhUkqc2f3q1K","privKey":"YGuHcZrMEjGsBAiFevOyZf7Im6Md/kEyDG2TU36Baks="},"lastRemoteEphemeralKey":"BVsbG8TcLNUW779z3p/xkxaG7foa3miEpMc1Ls5PGTZ7","previousCounter":3,"rootKey":"WTBVfKnJBCTA0pB8x1/yaizJjiTNw6XkEq3gP8DfdZo="},"indexInfo":{"baseKey":"Bf7uMlKQ+U32H/rEtBqdxJarEcrN5w7g7Ilu2Chj3GF1","baseKeyType":1,"closed":1692435562969,"used":1692432916714,"created":1692417236134,"remoteIdentityKey":"BapEatAcCliu1XZDmE5yoBw49LEo43k9GM8/5o8d9LUt"},"_chains":{"BVsbG8TcLNUW779z3p/xkxaG7foa3miEpMc1Ls5PGTZ7":{"chainKey":{"counter":0,"key":"lbGdlASQYqTa02nvoro6QtReo5MPFt3TGicL6kr8dvA="},"chainType":2,"messageKeys":{}},"BacGzAmSrVFHIFF2e/kV1oybPz1lPYKsEhUkqc2f3q1K":{"chainKey":{"counter":4,"key":"EcMxas4a50uEtq00gI5eo04R/CiBqvrnx2R8YCTZSak="},"chainType":1,"messageKeys":{}}}},"BXyVusiJb0BfS9I9G1qbYv+GroS6+Qa12TVcYATlJU0C":{"registrationId":1862355100,"currentRatchet":{"ephemeralKeyPair":{"pubKey":"BbxrkVwZCxt67uag60sjRWI5WHKZWVvMZtypXzH5lDAu","privKey":"sOgjQrTpIjKs4h9k3N13LrqV+wHHlwz+iWyx6cTyzG8="},"lastRemoteEphemeralKey":"BXWg/0kKJYT1lB4x7Y8cIeKo83g1wXkAPYgvRUsROYpc","previousCounter":0,"rootKey":"n3jvKt7I+DmCTHySWB47mmT+JgSzHJqsyo4poZHkeB0="},"indexInfo":{"baseKey":"BXyVusiJb0BfS9I9G1qbYv+GroS6+Qa12TVcYATlJU0C","baseKeyType":1,"closed":-1,"used":1692435562962,"created":1692435562962,"remoteIdentityKey":"BapEatAcCliu1XZDmE5yoBw49LEo43k9GM8/5o8d9LUt"},"_chains":{"BbxrkVwZCxt67uag60sjRWI5WHKZWVvMZtypXzH5lDAu":{"chainKey":{"counter":1,"key":"od6OkMRlotSrgsl9D1yMKrhI0cmWAIenpETinLu32+0="},"chainType":1,"messageKeys":{}}},"pendingPreKey":{"signedKeyId":0,"baseKey":"BXyVusiJb0BfS9I9G1qbYv+GroS6+Qa12TVcYATlJU0C","preKeyId":5346552}}},"version":"v1"}