{"_sessions":{"BV7hRjhD8vumVolEteh5T6aQC9Q32/QZU1eErav65+VN":{"registrationId":1769268312,"currentRatchet":{"ephemeralKeyPair":{"pubKey":"BQu4CjCM78mmx7GTApPiwxXPHs2ArZrJKs0eUnWcFVIQ","privKey":"aKwXopaTKV7X2HXnZ4FcXoQBxsvMFhDXJn1cuZKdyHE="},"lastRemoteEphemeralKey":"BS3Znk1BlCGMuzi4VcDUjSq0gpMrCDZzGMWOub6wUYhz","previousCounter":0,"rootKey":"zFL2M3wW21ExNod+TcDthB9f0LcREohfS7X72/vVako="},"indexInfo":{"baseKey":"BV7hRjhD8vumVolEteh5T6aQC9Q32/QZU1eErav65+VN","baseKeyType":1,"closed":-1,"used":1692405309894,"created":1692405309894,"remoteIdentityKey":"Bd4wnueQOLEmTuIRpsEqVv5hw9b2B9LSjUiEOepOGttB"},"_chains":{"BQu4CjCM78mmx7GTApPiwxXPHs2ArZrJKs0eUnWcFVIQ":{"chainKey":{"counter":0,"key":"JFGLn/5X77887TF1blWiMf+4r9thf07KL1u6sDUI9/s="},"chainType":1,"messageKeys":{}}},"pendingPreKey":{"signedKeyId":2,"baseKey":"BV7hRjhD8vumVolEteh5T6aQC9Q32/QZU1eErav65+VN","preKeyId":7645662}}},"version":"v1"}