{"_sessions":{"BXygiBNCDkywOoae1FLjA5xfO4WZtd3EhCXrxAmKSv1q":{"registrationId":574045352,"currentRatchet":{"ephemeralKeyPair":{"pubKey":"BfVtkb5+3Uv5TljgJBsnTHpBKwqHysnmo4+W/7ZJ8gIu","privKey":"COqaQ4O0VATE9zn5dh+Q/5J6/7PLavGOt/wiiskHuH4="},"lastRemoteEphemeralKey":"Ba72wwlARygh/sMKrdmDKUvwHCOabntF3dXbVtHpH0Ir","previousCounter":0,"rootKey":"x5dcHXy/qNxkm/9spRLET7wOajJXdJbaSHaLjs+oFvg="},"indexInfo":{"baseKey":"BXygiBNCDkywOoae1FLjA5xfO4WZtd3EhCXrxAmKSv1q","baseKeyType":1,"closed":-1,"used":1692405310613,"created":1692405310613,"remoteIdentityKey":"BdCOXJGJ8NlpEvEIKP6as4z+/Pr2gQrxSN8cR7RL3Vcw"},"_chains":{"BfVtkb5+3Uv5TljgJBsnTHpBKwqHysnmo4+W/7ZJ8gIu":{"chainKey":{"counter":0,"key":"FveztwvYw8WbS6zDayFseDCjyp1d2u2f7D2HaPn+08I="},"chainType":1,"messageKeys":{}}},"pendingPreKey":{"signedKeyId":8,"baseKey":"BXygiBNCDkywOoae1FLjA5xfO4WZtd3EhCXrxAmKSv1q","preKeyId":16678333}}},"version":"v1"}