{"_sessions":{"BV6+yCE4A7FSiPvAklD7uRdrabGaTMBM61q/3YFNdywo":{"registrationId":711257929,"currentRatchet":{"ephemeralKeyPair":{"pubKey":"BQx0PIA2NQ0aSce901zxEB8jEx3WM7s/4dcK5uWutlAM","privKey":"UMNjNTd1NuKr/GSjMo4TOb4e3E2W9f2oei9aHDAmnUE="},"lastRemoteEphemeralKey":"BbUYkiZjt9HDW1tiO4MOgmqEKg6AxuKa6T/G9ekTotxO","previousCounter":0,"rootKey":"VXvFfF+GFyqnpD6UDTzAd9L0D9i3Wc4tm8inKMrHtq0="},"indexInfo":{"baseKey":"BV6+yCE4A7FSiPvAklD7uRdrabGaTMBM61q/3YFNdywo","baseKeyType":1,"closed":-1,"used":1692405309573,"created":1692405309573,"remoteIdentityKey":"BRBh6UGPmwLiAlPrGwKCDxIv+7B5pHBnENddBBQdd7ks"},"_chains":{"BQx0PIA2NQ0aSce901zxEB8jEx3WM7s/4dcK5uWutlAM":{"chainKey":{"counter":0,"key":"BCoMQ4+Q0MooeO3PFIqBPMJhbea2X+7BwUIFWIL57Dg="},"chainType":1,"messageKeys":{}}},"pendingPreKey":{"signedKeyId":5,"baseKey":"BV6+yCE4A7FSiPvAklD7uRdrabGaTMBM61q/3YFNdywo","preKeyId":7218522}}},"version":"v1"}