{"_sessions":{"Be5Aj5GVNeu1i5ggMSnXxHB3H08/mmm2dD2LhHUJKNJH":{"registrationId":9767,"currentRatchet":{"ephemeralKeyPair":{"pubKey":"BT9dRWZnavann+LBnhJvvp5RtRa4IL1avMnKy0oqA5E5","privKey":"GA2fn44Fak4W8sJoQXrodLLhttlmPO3Bgy8JbTlux34="},"lastRemoteEphemeralKey":"BTE0e9KsEaoMODPe3NDXbTPAbPLuMSG56DiMZGNrSxJj","previousCounter":0,"rootKey":"K3K/mxRNQJqMrBkp3MgSgDPk9gwkfyJCE0174C+3wyM="},"indexInfo":{"baseKey":"Be5Aj5GVNeu1i5ggMSnXxHB3H08/mmm2dD2LhHUJKNJH","baseKeyType":1,"closed":-1,"used":1692405308160,"created":1692405308160,"remoteIdentityKey":"BQ2W4UtgFV6D6tFeMKgmK0ttjCJn9jtzfW7xMGI5eNRu"},"_chains":{"BT9dRWZnavann+LBnhJvvp5RtRa4IL1avMnKy0oqA5E5":{"chainKey":{"counter":0,"key":"aAii8Hfpo/D68trdgLu43n2iwDIbcnb+BumLOWnNLbQ="},"chainType":1,"messageKeys":{}}},"pendingPreKey":{"signedKeyId":1,"baseKey":"Be5Aj5GVNeu1i5ggMSnXxHB3H08/mmm2dD2LhHUJKNJH"}}},"version":"v1"}