{"_sessions":{"BffQqky9xlZKE6ID/1IWeByuDkAowh1XnuSgVxV0oUBI":{"registrationId":1466405634,"currentRatchet":{"ephemeralKeyPair":{"pubKey":"BZgjzCJx6WaDUeFxxHv2EwPDXQIM6Umlyu6VzynDyg5C","privKey":"kGlIc6vKJelKcRucueaS7Dnr7mP0t4wYHe/BHfkfrWY="},"lastRemoteEphemeralKey":"BYVxj+XOv8yIKhKKfjcg4J+bcfZKH8Oh8kXlOBVHGAEt","previousCounter":0,"rootKey":"JPunW4LvU0EfLmshrqb66Wi9B56FODDPONqtOyZVjLk="},"indexInfo":{"baseKey":"BffQqky9xlZKE6ID/1IWeByuDkAowh1XnuSgVxV0oUBI","baseKeyType":1,"closed":-1,"used":1692405310591,"created":1692405310591,"remoteIdentityKey":"BQJqMBJtPlVxnSs8zPnLIglPganNmRjVWcazz2ZtgBF3"},"_chains":{"BZgjzCJx6WaDUeFxxHv2EwPDXQIM6Umlyu6VzynDyg5C":{"chainKey":{"counter":0,"key":"8FGzzX32Cy8SYOT2MiZeo/wd7aoTOIxEQ9IYMEydPmI="},"chainType":1,"messageKeys":{}}},"pendingPreKey":{"signedKeyId":3,"baseKey":"BffQqky9xlZKE6ID/1IWeByuDkAowh1XnuSgVxV0oUBI","preKeyId":3738399}}},"version":"v1"}