{"_sessions":{"BcfsnJ5VB4pVuv8GJtS3MirofLRocFe2MKP8y8mShbM0":{"registrationId":1725950805,"currentRatchet":{"ephemeralKeyPair":{"pubKey":"Bd1Y5i1OT282ctm0/ccULKJzsePhDJl48T7c/XNAkZ0b","privKey":"WFLLeXDyJZOnaNzYoto+/JApnC4CLtKRYjgKDcRZIWI="},"lastRemoteEphemeralKey":"BbAxZDPuuZ5nE+x9j38mVKMLXvxkCRSxxo0M5fxrBP5H","previousCounter":0,"rootKey":"68bxjUihZRqZutkrRAogNOTHNPhVjCJrG8epD+ozMlM="},"indexInfo":{"baseKey":"BcfsnJ5VB4pVuv8GJtS3MirofLRocFe2MKP8y8mShbM0","baseKeyType":1,"closed":-1,"used":1692405309467,"created":1692405309467,"remoteIdentityKey":"BX9XH4jwysQgeG1EJIKLEKiN5Zhn2KmJm/Hu3ERR9CoV"},"_chains":{"Bd1Y5i1OT282ctm0/ccULKJzsePhDJl48T7c/XNAkZ0b":{"chainKey":{"counter":0,"key":"woqNpwRm/X+/21ZoW8gcAq/HS3nEBvEdn0eRl6aNnQ0="},"chainType":1,"messageKeys":{}}},"pendingPreKey":{"signedKeyId":6,"baseKey":"BcfsnJ5VB4pVuv8GJtS3MirofLRocFe2MKP8y8mShbM0","preKeyId":1744143}}},"version":"v1"}