{"_sessions":{"BaW3CODlXdGh83Gxq1dc/OqA4ne46qlwAPa3gHioehwF":{"registrationId":1779587905,"currentRatchet":{"ephemeralKeyPair":{"pubKey":"Bf73YGFAc3UAdo8T5n5+n9hjGXjUXC5EawWd1Y4zheoD","privKey":"kFHjIFs64Ig8XiC6NiRZ4WNHkezLtThu9pdX4b4wUGA="},"lastRemoteEphemeralKey":"Bf4dYH7Oupc8TIZ7fiADWKJ6tKJykoXSaSZrNnir0dAw","previousCounter":0,"rootKey":"zmmO7OvE2+LiDi2Q/NKRVBXAeqIO8lE8nM5/o9l/Qns="},"indexInfo":{"baseKey":"BaW3CODlXdGh83Gxq1dc/OqA4ne46qlwAPa3gHioehwF","baseKeyType":1,"closed":-1,"used":1692405309303,"created":1692405309303,"remoteIdentityKey":"BXnMp2aPPDZ1b4tEDyGKjfXkjX7Gs/G7ziyuijPFkpQq"},"_chains":{"Bf73YGFAc3UAdo8T5n5+n9hjGXjUXC5EawWd1Y4zheoD":{"chainKey":{"counter":0,"key":"RWGK8alsv4aCqAVlozUyGUnARfqn2+jcSIxSsn/N2Hw="},"chainType":1,"messageKeys":{}}},"pendingPreKey":{"signedKeyId":9,"baseKey":"BaW3CODlXdGh83Gxq1dc/OqA4ne46qlwAPa3gHioehwF","preKeyId":2307724}}},"version":"v1"}