{"_sessions":{"BTTSW8zvyXkdyhVFKy9XtN6C9e9gn7p+ipL49ryA3hd1":{"registrationId":1686582507,"currentRatchet":{"ephemeralKeyPair":{"pubKey":"BQJISeZYv4RaV7Es5oF7Jg9DjO4CCQ6KmIjQWDwtzFQL","privKey":"cBrMDcOKoBD8Wxt03U9fu/QMzvrInS4tZa92iys1KnI="},"lastRemoteEphemeralKey":"BXOvpYdUnqfnxntGrtQoH0fN1h/w+2eFKZpAKlfda4ck","previousCounter":0,"rootKey":"36CZOpCqH2ZV6BzPpdV6xnZAW6sSezoS5y1RuoaL8ig="},"indexInfo":{"baseKey":"BTTSW8zvyXkdyhVFKy9XtN6C9e9gn7p+ipL49ryA3hd1","baseKeyType":1,"closed":-1,"used":1692405310020,"created":1692405310020,"remoteIdentityKey":"BbVewaTZMdPjIfwOALBuCCP87J6yqW9rDBSTpVyP4qMk"},"_chains":{"BQJISeZYv4RaV7Es5oF7Jg9DjO4CCQ6KmIjQWDwtzFQL":{"chainKey":{"counter":0,"key":"v1XVc/y8VXGTKlPab2wdGX6Jk/z6Qt57+f7ndH5Iptc="},"chainType":1,"messageKeys":{}}},"pendingPreKey":{"signedKeyId":8,"baseKey":"BTTSW8zvyXkdyhVFKy9XtN6C9e9gn7p+ipL49ryA3hd1","preKeyId":10460525}}},"version":"v1"}