{"_sessions":{"BYyYVZvqZw10phNDAhrNUEILlztnIQOz/48OZoWme/gm":{"registrationId":276778310,"currentRatchet":{"ephemeralKeyPair":{"pubKey":"BbhqZnFdub27yOhLs2zfRLbCNQszYkZRGi72yRQzPbws","privKey":"CInF8uVTLAULpSAYNq9AJvNbjZxkAHiAS5NaLjkyWns="},"lastRemoteEphemeralKey":"BSqBOk0hFuhaNiscEEaowJaFM6TaRJkRFir7mSmOFaYy","previousCounter":0,"rootKey":"1OSH4he+3M6+u9UMUONq9rbuAEqPrfQcLrrn9dz17Zc="},"indexInfo":{"baseKey":"BYyYVZvqZw10phNDAhrNUEILlztnIQOz/48OZoWme/gm","baseKeyType":1,"closed":-1,"used":1692405309250,"created":1692405309250,"remoteIdentityKey":"BSePXj1/bWWSNi33dmjsENK6yc1Mq3GSNZ6Rp+uJJYwr"},"_chains":{"BbhqZnFdub27yOhLs2zfRLbCNQszYkZRGi72yRQzPbws":{"chainKey":{"counter":0,"key":"zw1UpaMhXwTxPo+b4YIYbd3Qvrpr1DH446OnuLCbrO4="},"chainType":1,"messageKeys":{}}},"pendingPreKey":{"signedKeyId":0,"baseKey":"BYyYVZvqZw10phNDAhrNUEILlztnIQOz/48OZoWme/gm","preKeyId":9924242}}},"version":"v1"}