{"_sessions":{"BRyfrH+qesEzY83wTbnp1ET0GWh4f89XekH7Dkswat9s":{"registrationId":39331589,"currentRatchet":{"ephemeralKeyPair":{"pubKey":"BfGMslBd2oFCZSO+w93Ke+OYyFLNkcSvn07nwuvIt19t","privKey":"GCoGPXWNA8oR5qfeR+IuWnjKHcqCho0GmuZXjsgRfFc="},"lastRemoteEphemeralKey":"Ba/3+thFW0khl0ZLGOjOljb7q2EGx+H6L3NpXUGceoNx","previousCounter":0,"rootKey":"A30IgAy32uNotCIh4BzyECPr+L9wnDMDlFdARrM1mlE="},"indexInfo":{"baseKey":"BRyfrH+qesEzY83wTbnp1ET0GWh4f89XekH7Dkswat9s","baseKeyType":1,"closed":-1,"used":1692405308748,"created":1692405308748,"remoteIdentityKey":"BWG1jSH/5om9qTWQUPreV0kGJ8XJmnAib5BNE+HxdshU"},"_chains":{"BfGMslBd2oFCZSO+w93Ke+OYyFLNkcSvn07nwuvIt19t":{"chainKey":{"counter":0,"key":"JChwAsm6H2QNHmCIdbmfjMubMILOdbODvm7ZHQ0eaEU="},"chainType":1,"messageKeys":{}}},"pendingPreKey":{"signedKeyId":0,"baseKey":"BRyfrH+qesEzY83wTbnp1ET0GWh4f89XekH7Dkswat9s","preKeyId":15496694}}},"version":"v1"}