{"_sessions":{"BWT9Thk/UpLanSUWXEtIBS5JXZ0pdToIO2G7l5gF6m1z":{"registrationId":17432269,"currentRatchet":{"ephemeralKeyPair":{"pubKey":"BR6kP914aWrIH9dLHDUfEJsgw5ZuvFak90vjPkBTBM5g","privKey":"EMJKECS5z8d91j8D9b/jticOf5k5dKvphIc8xcUzl1M="},"lastRemoteEphemeralKey":"BbQkd1wqIRx0y/+WjytY1/iit+Izz8TP1QdklFl6bOY1","previousCounter":0,"rootKey":"QorzH5wMfPRSgfyIHftlIh5roVj6pxWmAGd2XmzC/RA="},"indexInfo":{"baseKey":"BWT9Thk/UpLanSUWXEtIBS5JXZ0pdToIO2G7l5gF6m1z","baseKeyType":1,"closed":-1,"used":1692405310586,"created":1692405310586,"remoteIdentityKey":"BQgIcAakLZ/UW0hLFeEoBRDWLHzAc+cCJmdhi8jh6ugG"},"_chains":{"BR6kP914aWrIH9dLHDUfEJsgw5ZuvFak90vjPkBTBM5g":{"chainKey":{"counter":0,"key":"YOLo1IQBjYFCYpS49I8tH62CPY8Ayq0BkCwNzaOzLtM="},"chainType":1,"messageKeys":{}}},"pendingPreKey":{"signedKeyId":21,"baseKey":"BWT9Thk/UpLanSUWXEtIBS5JXZ0pdToIO2G7l5gF6m1z","preKeyId":37522}}},"version":"v1"}