{"_sessions":{"BYIQ1Vkf3S258JaNdGyVCDdXagryyuM3uBasPga2mcFd":{"registrationId":1060507167,"currentRatchet":{"ephemeralKeyPair":{"pubKey":"BVY93pxqUmEVD4lKZTinM40A/AzTeqIVqLh5Yqcf599G","privKey":"sBQJQ1xYUTMS/VoCEwxmJSZ+pIEVgLaNxi20QIkAX3E="},"lastRemoteEphemeralKey":"BRj190ldJ2fYOTgv2yNJVv6dp/iKAIXZzY+TQWdbF3kP","previousCounter":0,"rootKey":"pjugG+mahi3DSzyl1es6Ril/nHLulT4Vuyi61K8ydic="},"indexInfo":{"baseKey":"BYIQ1Vkf3S258JaNdGyVCDdXagryyuM3uBasPga2mcFd","baseKeyType":1,"closed":-1,"used":1692405308830,"created":1692405308830,"remoteIdentityKey":"Bbgk+zlCvm3QV1IkBe+6M1ZbJB/h0m8FbbYq5dXh/cEc"},"_chains":{"BVY93pxqUmEVD4lKZTinM40A/AzTeqIVqLh5Yqcf599G":{"chainKey":{"counter":0,"key":"jLBX/71j+C/LqiptQaUjRfeajl2WwBeE6cKdFxOI+9U="},"chainType":1,"messageKeys":{}}},"pendingPreKey":{"signedKeyId":9,"baseKey":"BYIQ1Vkf3S258JaNdGyVCDdXagryyuM3uBasPga2mcFd","preKeyId":15562931}}},"version":"v1"}