{"_sessions":{"Bay35ZCEes9SDj+PQlSWaVs9Nr7idBVoLe5f7DsRTwdP":{"registrationId":1340924030,"currentRatchet":{"ephemeralKeyPair":{"pubKey":"BaoZF/u92Yw60iid+e6l9g1OSLAuqBfbV/WfTfbGIFER","privKey":"aO9EOdcZOLWDZwAXjvTgXsdZ//7Iyooj7LEpnbonAEI="},"lastRemoteEphemeralKey":"BQw8QNMdhDmTDMtw8rCevn9NxSTfpzevtMkfXk9bY5tx","previousCounter":0,"rootKey":"9TUfN1XFnOirmZymHmy8NF1JNrUlmBoOm06QymLc3PE="},"indexInfo":{"baseKey":"Bay35ZCEes9SDj+PQlSWaVs9Nr7idBVoLe5f7DsRTwdP","baseKeyType":1,"closed":-1,"used":1692405308794,"created":1692405308794,"remoteIdentityKey":"BYRgyrUkB9C16QHr/s40ly9j60D8eJY72c9/Vv4Ps49w"},"_chains":{"BaoZF/u92Yw60iid+e6l9g1OSLAuqBfbV/WfTfbGIFER":{"chainKey":{"counter":0,"key":"j4jSR14GkE9Y7hEuz/TmMSu7saSbxIkO9zcE0B/7+7I="},"chainType":1,"messageKeys":{}}},"pendingPreKey":{"signedKeyId":0,"baseKey":"Bay35ZCEes9SDj+PQlSWaVs9Nr7idBVoLe5f7DsRTwdP","preKeyId":12852499}}},"version":"v1"}