{"_sessions":{"BUncJzXe/h9+RAUDzUUysw2SA0kF4pOcbrDnWU8fj3N8":{"registrationId":2099667836,"currentRatchet":{"ephemeralKeyPair":{"pubKey":"BeOv0PKmcn2eDbxzYlkuKlHbexcB215g5D9dL2JvSSYA","privKey":"eDtPIxslAVofNFEdNQ7lmZ/RBZL0j8E2UCpiO+L8im0="},"lastRemoteEphemeralKey":"BQ8w0qYL9lHv4ELtNaRO03l3wL+CEhLt6BNPCBW3390A","previousCounter":0,"rootKey":"UtjHorXItQrso8SRk3MleJ/o/euYXM96hswnAEqDdeY="},"indexInfo":{"baseKey":"BUncJzXe/h9+RAUDzUUysw2SA0kF4pOcbrDnWU8fj3N8","baseKeyType":1,"closed":-1,"used":1692405310169,"created":1692405310169,"remoteIdentityKey":"BVqWBMd1El7IN/cXYswqxK5C+rlBF+3FB2j5rNpHh0ZU"},"_chains":{"BeOv0PKmcn2eDbxzYlkuKlHbexcB215g5D9dL2JvSSYA":{"chainKey":{"counter":0,"key":"nAi7kAwFAx0oWbTcHm79A1P4P+fVd7XQlDvfFAZCnt0="},"chainType":1,"messageKeys":{}}},"pendingPreKey":{"signedKeyId":3,"baseKey":"BUncJzXe/h9+RAUDzUUysw2SA0kF4pOcbrDnWU8fj3N8","preKeyId":2547738}}},"version":"v1"}