{"_sessions":{"BYx7NiDBJ3Sj06iPfrXo76LXzYRJgd+5caZ1DNcj8fYR":{"registrationId":1597555690,"currentRatchet":{"ephemeralKeyPair":{"pubKey":"BavOCYCRcn0QqJNlt/ArgxahgRhVN6yknwrzRRhKGXZ9","privKey":"IOppMv5UZWJ/ETks3smpHsYpsmL/63BMJCHFnYnWoWg="},"lastRemoteEphemeralKey":"BcK8I0T3QqR7PilpDnN/26ZYtBdG1prdzS9JLthToYE8","previousCounter":0,"rootKey":"JG6nXKYQ6SIZ8P+fGXp/p/7rZxruzW64vNeoRpJH9b4="},"indexInfo":{"baseKey":"BYx7NiDBJ3Sj06iPfrXo76LXzYRJgd+5caZ1DNcj8fYR","baseKeyType":1,"closed":-1,"used":1692405309431,"created":1692405309431,"remoteIdentityKey":"BVuGZWFca8dWISQplYVWmuYlfFf6wdnl0gQb7xOGlooO"},"_chains":{"BavOCYCRcn0QqJNlt/ArgxahgRhVN6yknwrzRRhKGXZ9":{"chainKey":{"counter":0,"key":"UgKCynk+ty7rxBZlpj4onYjqZRaYXucklJocExvLVoE="},"chainType":1,"messageKeys":{}}},"pendingPreKey":{"signedKeyId":3,"baseKey":"BYx7NiDBJ3Sj06iPfrXo76LXzYRJgd+5caZ1DNcj8fYR","preKeyId":294002}}},"version":"v1"}