{"_sessions":{"Ba1eBYCZukvz2dlKcWTdfJ0ak+AM2xFrdrrlyA9mqn0Z":{"registrationId":2141993828,"currentRatchet":{"ephemeralKeyPair":{"pubKey":"Be8yEEVJxXTNiZnZYtnMg7HWdzBPoNqKgoYlAK3Iwucy","privKey":"KA7EFnDbSuCtrrQuZIGffOHIiPMW/yq7fR4JQqsGTlk="},"lastRemoteEphemeralKey":"BdM/7INhGE1Xk16dQUhcT+q/BWNEEm6l37uXByGFkmJM","previousCounter":0,"rootKey":"nh88noWgReHv99NmBJOzxsIFSl7+NJbg6/28gsDudZg="},"indexInfo":{"baseKey":"Ba1eBYCZukvz2dlKcWTdfJ0ak+AM2xFrdrrlyA9mqn0Z","baseKeyType":1,"closed":-1,"used":1692405309568,"created":1692405309568,"remoteIdentityKey":"BfwjclNQAPIvbFym01JigIqkOdqe3SKAwN74KSb+HyZ0"},"_chains":{"Be8yEEVJxXTNiZnZYtnMg7HWdzBPoNqKgoYlAK3Iwucy":{"chainKey":{"counter":0,"key":"MmGNwlW6K5t41YjQ6Kr+VSEwucV2fp1oVzA2MxMhKHY="},"chainType":1,"messageKeys":{}}},"pendingPreKey":{"signedKeyId":14,"baseKey":"Ba1eBYCZukvz2dlKcWTdfJ0ak+AM2xFrdrrlyA9mqn0Z"}}},"version":"v1"}