{"_sessions":{"BXL3KmoH7+FE3BDeK8oZhFZylQglqaAMP4Z32/o5Giwe":{"registrationId":1242959424,"currentRatchet":{"ephemeralKeyPair":{"pubKey":"BVh53VLIPn65oWHftdNsLjXolxCMCiTgS71suRYCM4ZQ","privKey":"aPiFXLWOTkXcDrsLhdsR3gobj+MLd699FbG+CmnN/2s="},"lastRemoteEphemeralKey":"BaFq8Gf0m5r8jqd0PF+y0+Sc32jp48yzGcw3Md6JsX1z","previousCounter":0,"rootKey":"pgWfvlr141fsoP42JXZrwSqMIY3z0NBeqmFQk+DAcW4="},"indexInfo":{"baseKey":"BXL3KmoH7+FE3BDeK8oZhFZylQglqaAMP4Z32/o5Giwe","baseKeyType":1,"closed":-1,"used":1692405310389,"created":1692405310389,"remoteIdentityKey":"BY0kmynh+PpnlaqVzIsbvc19oQ9aFctZ8bUfTa9LmaMU"},"_chains":{"BVh53VLIPn65oWHftdNsLjXolxCMCiTgS71suRYCM4ZQ":{"chainKey":{"counter":0,"key":"Ef8H//jizh/rpcmKUXDCTQ2zu3hQvLs46Jjj+3lXMmY="},"chainType":1,"messageKeys":{}}},"pendingPreKey":{"signedKeyId":13,"baseKey":"BXL3KmoH7+FE3BDeK8oZhFZylQglqaAMP4Z32/o5Giwe","preKeyId":3605323}}},"version":"v1"}