{"_sessions":{"BUs9KrtDAp+W5fws4mYrjMsM+cgTqTiFZm2kdu31qVE5":{"registrationId":1301521865,"currentRatchet":{"ephemeralKeyPair":{"pubKey":"Bd4/KGuW8hM6bRuHx3qia6gCQoSrGKQ9pDPJAneAtGF7","privKey":"sDXvt/zhEAa2ai93CR5BT4s+HsJHw/vT76Faf+VUOXk="},"lastRemoteEphemeralKey":"BcqRYsI6gngMjbmNo2eZlYSK8hVc4H3/6DdTgIFckkFL","previousCounter":0,"rootKey":"+olkv4zwyTJTv5Rc2OCpFPAIEY6gBlUiiwcpPAbo5mk="},"indexInfo":{"baseKey":"BUs9KrtDAp+W5fws4mYrjMsM+cgTqTiFZm2kdu31qVE5","baseKeyType":1,"closed":-1,"used":1692405310047,"created":1692405310047,"remoteIdentityKey":"BZ9zBSYmNTWtveD5q9X3LsnAOUHADV6FtZLM7VUyHUtp"},"_chains":{"Bd4/KGuW8hM6bRuHx3qia6gCQoSrGKQ9pDPJAneAtGF7":{"chainKey":{"counter":0,"key":"Mbh/EZwSMNFzljiZwFm+tsKKVW1yCDrSIercRACBxDE="},"chainType":1,"messageKeys":{}}},"pendingPreKey":{"signedKeyId":1,"baseKey":"BUs9KrtDAp+W5fws4mYrjMsM+cgTqTiFZm2kdu31qVE5","preKeyId":798606}}},"version":"v1"}