{"_sessions":{"Bcu6jbF80s4mwz0QV34yvn+7r1A48ANA8Jz+wJU7w/9s":{"registrationId":2063057737,"currentRatchet":{"ephemeralKeyPair":{"pubKey":"BcWae1z7ya4xj+mVI4TuzDDhhrrBIATtjfMfHdTN+QRP","privKey":"4Hf47nLupJ7vCGvAfuor4mwtwcNr/IrCIXublc6Lh2k="},"lastRemoteEphemeralKey":"BQ2mpW0//9Ljyvwv6iXiK/4ebjouvJZ66vFBSBjHh1Z/","previousCounter":0,"rootKey":"2sviHRacJaZiKn3tjI/wL2ft/bTpR4/Bw1Wr39ueg4A="},"indexInfo":{"baseKey":"Bcu6jbF80s4mwz0QV34yvn+7r1A48ANA8Jz+wJU7w/9s","baseKeyType":1,"closed":-1,"used":1692405309186,"created":1692405309186,"remoteIdentityKey":"BXh42VBBhxFmU40qO0eiWTZ1T1WA9YH5FXpT+1ktV0ZT"},"_chains":{"BcWae1z7ya4xj+mVI4TuzDDhhrrBIATtjfMfHdTN+QRP":{"chainKey":{"counter":0,"key":"SatVdYBKzvihH0NY+aBlQQkxZ6LZH8kpw6whCChvTo4="},"chainType":1,"messageKeys":{}}},"pendingPreKey":{"signedKeyId":13,"baseKey":"Bcu6jbF80s4mwz0QV34yvn+7r1A48ANA8Jz+wJU7w/9s","preKeyId":6772048}}},"version":"v1"}