{"_sessions":{"BRKSxcN7QkqdA4pfAe6XFQKgnX5SOvIkx5vobEXA1v1Z":{"registrationId":1035746789,"currentRatchet":{"ephemeralKeyPair":{"pubKey":"BXohx6e24Ri5BCTSOFTwkDy7NzkiWkKqYC2rQyPMhrd+","privKey":"OAXGkhY5qAJxjNa+wkUbuYMRO+ixXKYul7VKRvCDAX0="},"lastRemoteEphemeralKey":"BdYR3iI+EbdhZa02/pc+/kqI33o/XmHO2UvG8R/X5Ulu","previousCounter":0,"rootKey":"V37ILC34X5PFYPcMti1Yw80IhG2LwT7lK9ZrmvJQ1ps="},"indexInfo":{"baseKey":"BRKSxcN7QkqdA4pfAe6XFQKgnX5SOvIkx5vobEXA1v1Z","baseKeyType":1,"closed":-1,"used":1692405310291,"created":1692405310291,"remoteIdentityKey":"BZMWQwcD6BiF3pbgG44/3iDf0X4gkj2NTMUjCvMjodER"},"_chains":{"BXohx6e24Ri5BCTSOFTwkDy7NzkiWkKqYC2rQyPMhrd+":{"chainKey":{"counter":0,"key":"0nYpMQfx9oTZ5xrk/o8yGBIIQ9M2D+p3bVkP+ry9II4="},"chainType":1,"messageKeys":{}}},"pendingPreKey":{"signedKeyId":1,"baseKey":"BRKSxcN7QkqdA4pfAe6XFQKgnX5SOvIkx5vobEXA1v1Z","preKeyId":2835412}}},"version":"v1"}