{"_sessions":{"BfpZp1u4F9snvRQpdrNcaqVJ88h9ficS8KvbZC4Sgat1":{"registrationId":246,"currentRatchet":{"ephemeralKeyPair":{"pubKey":"BY8uGgud0i+VnmzCHuqpV+F10sp4/qdT6QsuwacQZydu","privKey":"ECbjjfxAaTsjaywwbXuRxNwztdDQHkzeUiYGfYH1vWk="},"lastRemoteEphemeralKey":"BZGSKM+74QyGrdjH489S998jANfD0dpv7yzJVFGmSC9m","previousCounter":0,"rootKey":"0cD+QfxzOTz3ie+KTpf9kibiYc7VJ3sR3k83JbkMJV8="},"indexInfo":{"baseKey":"BfpZp1u4F9snvRQpdrNcaqVJ88h9ficS8KvbZC4Sgat1","baseKeyType":1,"closed":-1,"used":1692405308330,"created":1692405308330,"remoteIdentityKey":"BUMHmDH7hbTet5DDktOsjFp5je5GXOE5AT6QrsmZJ8lt"},"_chains":{"BY8uGgud0i+VnmzCHuqpV+F10sp4/qdT6QsuwacQZydu":{"chainKey":{"counter":0,"key":"bjjEHn1LvQOxjQ4PvDNrbROFAsUuXOzw3dELvGPSzis="},"chainType":1,"messageKeys":{}}},"pendingPreKey":{"signedKeyId":1,"baseKey":"BfpZp1u4F9snvRQpdrNcaqVJ88h9ficS8KvbZC4Sgat1"}}},"version":"v1"}