{"_sessions":{"BdsLeMMDiBe+8ZhRZGoJT96VDzDMFIOOBP+naRBiilNW":{"registrationId":1453958424,"currentRatchet":{"ephemeralKeyPair":{"pubKey":"BSw4JcXIsFe55EMKQI9QraMb08N8rMFJIcxTKzEkcXFZ","privKey":"IL3fB39Oi7ZMGBTfCaZfiFSqQ6YpJ0asAYNbhkNfPGI="},"lastRemoteEphemeralKey":"BUhx5O5atBzW/Fw3UF2rRANzGGt6jx5n/V33NSdJ7CQ/","previousCounter":0,"rootKey":"E7YmJyu9ZURlpWnMezXcQp8Fu2aYYS07Y34Dijsia6k="},"indexInfo":{"baseKey":"BdsLeMMDiBe+8ZhRZGoJT96VDzDMFIOOBP+naRBiilNW","baseKeyType":1,"closed":-1,"used":1692405310057,"created":1692405310057,"remoteIdentityKey":"BXyxYSYDqiardfhBwpOR4E6bAO0aUUaHRComPowiV1oZ"},"_chains":{"BSw4JcXIsFe55EMKQI9QraMb08N8rMFJIcxTKzEkcXFZ":{"chainKey":{"counter":0,"key":"ydKNj8idf8WhIVEkgrUspxot3G2p5eVPul/xfIF6+vA="},"chainType":1,"messageKeys":{}}},"pendingPreKey":{"signedKeyId":7,"baseKey":"BdsLeMMDiBe+8ZhRZGoJT96VDzDMFIOOBP+naRBiilNW","preKeyId":6052195}}},"version":"v1"}