{"_sessions":{"BTrNuITClpRIva+UdWwvl8GAHX9gQ8wbBrWgSCEQTyAW":{"registrationId":1775144849,"currentRatchet":{"ephemeralKeyPair":{"pubKey":"BZb3JJVAndzHMJh6EqC3GGXYDGEN1ai3/ixfpHM4DgJK","privKey":"QGMiOX+nNrhFYnhKC3PiP80yA0WS8vK3A02XT/bp30g="},"lastRemoteEphemeralKey":"BQyrN9oN/LmehtLuTbX6lO9Qc/ztsWLRMPS/0eCGZtJE","previousCounter":0,"rootKey":"adOrcgMGXtS0XzJ3i2Ci0xwbfQSPuPwQTqAo6ytDKws="},"indexInfo":{"baseKey":"BTrNuITClpRIva+UdWwvl8GAHX9gQ8wbBrWgSCEQTyAW","baseKeyType":1,"closed":-1,"used":1692405308730,"created":1692405308730,"remoteIdentityKey":"Bc/BZ0s8l+TXxIiA8ADMmn9LuoMfBg4oUkhKMhYiUBlq"},"_chains":{"BZb3JJVAndzHMJh6EqC3GGXYDGEN1ai3/ixfpHM4DgJK":{"chainKey":{"counter":0,"key":"DqwBgBJKJ4EKr2LoAIuo7PfunR7PGlNJRqPBY7U9YgM="},"chainType":1,"messageKeys":{}}},"pendingPreKey":{"signedKeyId":8,"baseKey":"BTrNuITClpRIva+UdWwvl8GAHX9gQ8wbBrWgSCEQTyAW","preKeyId":16476504}}},"version":"v1"}