{"_sessions":{"BUaf3FDW+3/bod6qnVYsup4RWnmoHfqEzuLZVrkUtel4":{"registrationId":496989700,"currentRatchet":{"ephemeralKeyPair":{"pubKey":"BSx/YIRTc0ymhzjsP6rQKI+KH4FM0RNn78BXsbNLA5NX","privKey":"oGRlfRANc7vvkWHj+QbhxjdrxEfBSmLG0gshdcfgAmo="},"lastRemoteEphemeralKey":"BWhjJ8vcoZUE3AqUYwaLYGBw4KE2nE/PsRJDppZ6uPIJ","previousCounter":0,"rootKey":"eG1s5z+y0d86X/ywSBnmK0wtX7dskBnZgfgFXAmXI/Q="},"indexInfo":{"baseKey":"BUaf3FDW+3/bod6qnVYsup4RWnmoHfqEzuLZVrkUtel4","baseKeyType":1,"closed":-1,"used":1692405308621,"created":1692405308621,"remoteIdentityKey":"BRleKkRGpuW9d1rpCAPL8hDHMs8B20JZ6HOJir/PkHU9"},"_chains":{"BSx/YIRTc0ymhzjsP6rQKI+KH4FM0RNn78BXsbNLA5NX":{"chainKey":{"counter":0,"key":"xrImDdhS0Bz5wUI/MYaGM6TP8zh55lQ+MpRB/gZ1QzI="},"chainType":1,"messageKeys":{}}},"pendingPreKey":{"signedKeyId":4,"baseKey":"BUaf3FDW+3/bod6qnVYsup4RWnmoHfqEzuLZVrkUtel4","preKeyId":9100452}}},"version":"v1"}