{"_sessions":{"BdbkNg2XpPbNr+3UWMPwjR4jCQWj7YKdfmWBWBdlAwUn":{"registrationId":394384280,"currentRatchet":{"ephemeralKeyPair":{"pubKey":"BV62OqwGfSRxMjXqTxN1XKRUF4YgNuOHpsLp+fcYx4ER","privKey":"GFT1f5x+5kqqLEwwg87R+BQA9XYLkUo5QRVg+GEoNHE="},"lastRemoteEphemeralKey":"BZUEDJJD8SBHExSst+VbV92jN5SB4te/OpIiyOXE3vlo","previousCounter":0,"rootKey":"7kndgsddwHq1tBX+ryHrnZ/w8sYHt1gZ7kxOr/lLdU4="},"indexInfo":{"baseKey":"BdbkNg2XpPbNr+3UWMPwjR4jCQWj7YKdfmWBWBdlAwUn","baseKeyType":1,"closed":-1,"used":1692405309558,"created":1692405309558,"remoteIdentityKey":"BSsB4B0LRGCXRol7DCMkDJqaFsl4lqLLWbixV5IEoSB0"},"_chains":{"BV62OqwGfSRxMjXqTxN1XKRUF4YgNuOHpsLp+fcYx4ER":{"chainKey":{"counter":0,"key":"YD8j+hM0TTgch7pETScpoo9S0nWQb5BJiJelGIJTuoM="},"chainType":1,"messageKeys":{}}},"pendingPreKey":{"signedKeyId":4,"baseKey":"BdbkNg2XpPbNr+3UWMPwjR4jCQWj7YKdfmWBWBdlAwUn","preKeyId":7961195}}},"version":"v1"}