{"_sessions":{"BRBxUfal21YoeDxLP6bJZZwvvaKHvwPXrzD0yxx1+19Q":{"registrationId":107058364,"currentRatchet":{"ephemeralKeyPair":{"pubKey":"BZzjmn5OH5kc2F9M2YlwsyOjLpSHov8ZvI/J1drYTbsD","privKey":"IBsoQu/ZIaUC3KEzUOaRbx80vilLwQRdpAEIJK4gq08="},"lastRemoteEphemeralKey":"BXx4Sjqg2RJD5G6XAdjiL/ZsOSc0GOWP+Kz4YhQOMlc1","previousCounter":0,"rootKey":"fpl5XIHe/6B4jUk1d8dfLvtxlI2y7i6+jWNdNCcIc74="},"indexInfo":{"baseKey":"BRBxUfal21YoeDxLP6bJZZwvvaKHvwPXrzD0yxx1+19Q","baseKeyType":1,"closed":-1,"used":1692405309606,"created":1692405309606,"remoteIdentityKey":"BRRZLOhF273NiWUj+9sHamJWughZH5cXWN3+j6UcnNkU"},"_chains":{"BZzjmn5OH5kc2F9M2YlwsyOjLpSHov8ZvI/J1drYTbsD":{"chainKey":{"counter":0,"key":"WZWdu5Q2Oaoi5uRb8XRAPO1U7RjM9qveq5TtnZClzyU="},"chainType":1,"messageKeys":{}}},"pendingPreKey":{"signedKeyId":2,"baseKey":"BRBxUfal21YoeDxLP6bJZZwvvaKHvwPXrzD0yxx1+19Q","preKeyId":15055422}}},"version":"v1"}