{"_sessions":{"BaytOhwjBw0Q+5cxAuE1zTR3jDQtdCnOUzRJbVK+aQ8n":{"registrationId":1648630580,"currentRatchet":{"ephemeralKeyPair":{"pubKey":"BT3e1nz6zKx5zYhp4PrqjtDo67XkTjhnn8BywgMmb5wf","privKey":"mE+gpf8+mDA7IrA2wA6iKxZwEjI2OqaaQ39tkNWN0Fk="},"lastRemoteEphemeralKey":"Bfi1gTjbnyyZj6AGgrjgb8nBCfFuOjNIJ2JQN9WxL3J8","previousCounter":0,"rootKey":"rLI5yD8/GjSMG6OTgsxeReH7BFKLOgq4qegiY8Td9QU="},"indexInfo":{"baseKey":"BaytOhwjBw0Q+5cxAuE1zTR3jDQtdCnOUzRJbVK+aQ8n","baseKeyType":1,"closed":-1,"used":1692405308847,"created":1692405308847,"remoteIdentityKey":"Be51Ty+4Nl3CZnxQHDEsnPuDsp5oR5BHWxdwppq2+LND"},"_chains":{"BT3e1nz6zKx5zYhp4PrqjtDo67XkTjhnn8BywgMmb5wf":{"chainKey":{"counter":0,"key":"ZA9YCzi431TB//dT+d8P2xmXjvGRSAjtDvUURb8FIPg="},"chainType":1,"messageKeys":{}}},"pendingPreKey":{"signedKeyId":10,"baseKey":"BaytOhwjBw0Q+5cxAuE1zTR3jDQtdCnOUzRJbVK+aQ8n","preKeyId":4018176}}},"version":"v1"}