{"_sessions":{"BbOOErZTp3lVWsVI7JZdK/0ypR8pLmlkMS6wKZy4iTAx":{"registrationId":157,"currentRatchet":{"ephemeralKeyPair":{"pubKey":"BbhSDUNEVKrXj75Gdf4bWn2dn66niK70iOt/bSyYRV5V","privKey":"ANg2wyR9Rbn8KKeZrPL3WZD0ZiyFiJ7lLVDHhm33AXw="},"lastRemoteEphemeralKey":"BbNrvakdCa62uTawdzuw3ZHUzk+FM/q4wxXaEin5t11l","previousCounter":0,"rootKey":"FdnOSRFzfHE2w65s1Zvba16HgbuA2l2JtUIIxRzYas0="},"indexInfo":{"baseKey":"BbOOErZTp3lVWsVI7JZdK/0ypR8pLmlkMS6wKZy4iTAx","baseKeyType":1,"closed":-1,"used":1692405308390,"created":1692405308390,"remoteIdentityKey":"Bd6s14ZQCzdFbyhf9J9FbLvVIylIQrBq2kDlgc1rjRE/"},"_chains":{"BbhSDUNEVKrXj75Gdf4bWn2dn66niK70iOt/bSyYRV5V":{"chainKey":{"counter":0,"key":"oLPSpKp0JAmU+Mltpn5RI7fBwntVu2jg6Si9Qkqj4Lc="},"chainType":1,"messageKeys":{}}},"pendingPreKey":{"signedKeyId":1,"baseKey":"BbOOErZTp3lVWsVI7JZdK/0ypR8pLmlkMS6wKZy4iTAx"}}},"version":"v1"}