{"_sessions":{"Bc/r9fWRAQHk7LcZ5Eoz9ZNG2xcwUltz072Nvd0blQMC":{"registrationId":1450772873,"currentRatchet":{"ephemeralKeyPair":{"pubKey":"BXJQrtY1EN4UT6SzX2K1zOPV3n2YNaSew7+CNNwVrG1w","privKey":"qMBwJBs2mHcB4x4x96XABy7pmn36YYHX+/i5C9uxIFY="},"lastRemoteEphemeralKey":"BeaKYjVbfu0nEvRG0NOLA1Hb1LxZfsheU4uTLhFVoaVK","previousCounter":0,"rootKey":"8kTY7qRPgdEH/1MGhjx/yCSZCYCuRQ4IGaIaaImScxs="},"indexInfo":{"baseKey":"Bc/r9fWRAQHk7LcZ5Eoz9ZNG2xcwUltz072Nvd0blQMC","baseKeyType":1,"closed":-1,"used":1692405309832,"created":1692405309832,"remoteIdentityKey":"BaOIauDiD7YwCy7nxw9kKYFbxNCgOI1VNV6Xx+U7WL5g"},"_chains":{"BXJQrtY1EN4UT6SzX2K1zOPV3n2YNaSew7+CNNwVrG1w":{"chainKey":{"counter":0,"key":"g79EysxQjCnipvV4DElr9zJnHYb6fF25hhFZsUVcab8="},"chainType":1,"messageKeys":{}}},"pendingPreKey":{"signedKeyId":0,"baseKey":"Bc/r9fWRAQHk7LcZ5Eoz9ZNG2xcwUltz072Nvd0blQMC","preKeyId":13658726}}},"version":"v1"}