{"_sessions":{"BYqhVQr2VDfU5YTPNUF88cCjPqh4K7sX8RS+q0N3qnJ2":{"registrationId":113842411,"currentRatchet":{"ephemeralKeyPair":{"pubKey":"BZVAY3TWV2MLDAdkEFSbiyA0YWYIQP3UdPdECK7Liskf","privKey":"ACJjsmBpZdPvm7oV+U20BDWapXkeEzHx5VMT/eCiCXA="},"lastRemoteEphemeralKey":"BTlIgtWgM+sTb2vCbPJwS3ZykkCQLZCR3I/34pbieIxY","previousCounter":0,"rootKey":"wborC2Vps3h+J01hhrhhJKXDhHokdEgDeM37Sbb/5Eg="},"indexInfo":{"baseKey":"BYqhVQr2VDfU5YTPNUF88cCjPqh4K7sX8RS+q0N3qnJ2","baseKeyType":1,"closed":-1,"used":1692405310383,"created":1692405310383,"remoteIdentityKey":"BRSh7A6niQF9jpTIgwXybdVpwlDE8OTM1QvYDx+UoNU1"},"_chains":{"BZVAY3TWV2MLDAdkEFSbiyA0YWYIQP3UdPdECK7Liskf":{"chainKey":{"counter":0,"key":"UVWa2d1xG63jPtjGrrhDicHD1c3/xMaaRV6DXG0pNG8="},"chainType":1,"messageKeys":{}}},"pendingPreKey":{"signedKeyId":27,"baseKey":"BYqhVQr2VDfU5YTPNUF88cCjPqh4K7sX8RS+q0N3qnJ2","preKeyId":9227893}}},"version":"v1"}