{"_sessions":{"Bc9toQd3eV4/dRQf60GzlFKGLjnRncIEmKfwTCg5sKl0":{"registrationId":1649386656,"currentRatchet":{"ephemeralKeyPair":{"pubKey":"BYTiLPrqZ192rWKnu/j7SmId3nlvstgIsIqkp0q6fS8K","privKey":"6LIwuOe2O0PqCMKaKl4egPZb6uMoEYTWSNxVnkE+n3s="},"lastRemoteEphemeralKey":"BZ2kepq9YNipLIz+YfC5Evc55EdZ4vO9DpPq5Lo/VQkz","previousCounter":39,"rootKey":"pnB1W3v6QeH6B37lczbQoD1uW/cABt/MRuZaga6xYgM="},"indexInfo":{"baseKey":"Bc9toQd3eV4/dRQf60GzlFKGLjnRncIEmKfwTCg5sKl0","baseKeyType":2,"closed":1692417242452,"used":1692415972080,"created":1692405249234,"remoteIdentityKey":"BfXeijp+f7glcQqIeQl7fP0jzRTUwQZIC8mvwqpXSJdG"},"_chains":{"BQPsv8AFF4N4nVxWdOqqoY98ZomxmCl/huN3F05uFwJf":{"chainKey":{"counter":1},"chainType":2,"messageKeys":{}},"BZ2kepq9YNipLIz+YfC5Evc55EdZ4vO9DpPq5Lo/VQkz":{"chainKey":{"counter":0,"key":"cHqgauLeC4EmARQROvBol4Xe6K7E4Eb1IZfBqPEOZ2g="},"chainType":2,"messageKeys":{}},"BYTiLPrqZ192rWKnu/j7SmId3nlvstgIsIqkp0q6fS8K":{"chainKey":{"counter":21,"key":"vIIQ1dpIKC+bvgY+P229SOrIoq5xtA1MFhL5J9Fys38="},"chainType":1,"messageKeys":{}}}},"BShYB6J9Is5ghdg8n3cfCmquF5H+IGfKwzBXh5bYXbh/":{"registrationId":1649386656,"currentRatchet":{"ephemeralKeyPair":{"pubKey":"BQTp5E+PFnW2Qk7+Nq+v65sojoXAXfIeTTn+0f2yt4J3","privKey":"eCbDOOJhVCBLEm5yVG8yqogxGFI5NxybVQ5LV23/hEg="},"lastRemoteEphemeralKey":"BaqQSkTCdeuEthXMK6rOG0vIzODD5GYw5OgBnzuVGw5l","previousCounter":10,"rootKey":"2W9tgqgHNZ+9tqLILNzA8OD9HnDxNyakDSt3ztv9dPA="},"indexInfo":{"baseKey":"BShYB6J9Is5ghdg8n3cfCmquF5H+IGfKwzBXh5bYXbh/","baseKeyType":1,"closed":1692435560338,"used":1692423254836,"created":1692417242448,"remoteIdentityKey":"BfXeijp+f7glcQqIeQl7fP0jzRTUwQZIC8mvwqpXSJdG"},"_chains":{"BQGoR2wV3ZP6uMfRiD5PZEDZU4q33B+dCsnHEeN/azxy":{"chainKey":{"counter":0},"chainType":2,"messageKeys":{}},"BaqQSkTCdeuEthXMK6rOG0vIzODD5GYw5OgBnzuVGw5l":{"chainKey":{"counter":1,"key":"eb+f6SNyPn+ZsPY5/y7uzyqnckfL4hiVqAnqQI09XqY="},"chainType":2,"messageKeys":{}},"BQTp5E+PFnW2Qk7+Nq+v65sojoXAXfIeTTn+0f2yt4J3":{"chainKey":{"counter":21,"key":"G/F7vOoISWahikwmRLmwn/UmeIPIMqGECBJ3fweow+A="},"chainType":1,"messageKeys":{}}}},"BaVYtYiT5vAd51pUr0Qv369tWG90q4fVm9dJf79BuwZB":{"registrationId":1649386656,"currentRatchet":{"ephemeralKeyPair":{"pubKey":"Be2cYOrGedVs5NfvWjru56Z/tyty5K5O57Zd4VXHtgo3","privKey":"qPbxIcSC1twUXhl6K/UBYnimPuOtoINQLUusjfH3ZW8="},"lastRemoteEphemeralKey":"Be303aaC62YbzTw41FM2jd+kLYGvKkNyc+0GLDlDI3Z2","previousCounter":0,"rootKey":"jNSWXJ5s+5VtUd0hDo6f3GB605u9G6wBRkWxUhgcjEE="},"indexInfo":{"baseKey":"BaVYtYiT5vAd51pUr0Qv369tWG90q4fVm9dJf79BuwZB","baseKeyType":1,"closed":-1,"used":1692435560332,"created":1692435560332,"remoteIdentityKey":"BfXeijp+f7glcQqIeQl7fP0jzRTUwQZIC8mvwqpXSJdG"},"_chains":{"Be2cYOrGedVs5NfvWjru56Z/tyty5K5O57Zd4VXHtgo3":{"chainKey":{"counter":3,"key":"CWzvYxw8tu6Cd/iYvNeJNScoLoZQCNEPDeZtlcWgxyc="},"chainType":1,"messageKeys":{}}},"pendingPreKey":{"signedKeyId":1,"baseKey":"BaVYtYiT5vAd51pUr0Qv369tWG90q4fVm9dJf79BuwZB","preKeyId":5650477}}},"version":"v1"}