{"_sessions":{"BUerk/SJf583jjEcdWqdEmN9RKm5hYolQTfVV7ScP51V":{"registrationId":181113183,"currentRatchet":{"ephemeralKeyPair":{"pubKey":"BWAW6UYzf4B1Ps9VHjNUEIr4LDVZ1ENbv2oXNjCqdpUq","privKey":"eJXg34etGq6vlQsqI/sOUYpgEvIJxWFtmRRpZUORY0w="},"lastRemoteEphemeralKey":"BYYhkBNDDzpb79fYg2LVLx1dvthYEgKi83LhlxAenEBc","previousCounter":0,"rootKey":"KtIMdhyTPWAoYzHDC3CcVdGeUINo0EkxEQrJlCKuex8="},"indexInfo":{"baseKey":"BUerk/SJf583jjEcdWqdEmN9RKm5hYolQTfVV7ScP51V","baseKeyType":1,"closed":-1,"used":1692405309978,"created":1692405309978,"remoteIdentityKey":"Bda4voVKsY78EJR3Anujy4Zd3L7DrtdaLIdHOycI4NR2"},"_chains":{"BWAW6UYzf4B1Ps9VHjNUEIr4LDVZ1ENbv2oXNjCqdpUq":{"chainKey":{"counter":0,"key":"pcd4aVh8JRSDR0dAyZn4SSGOtiy+gKKFvIDOsYHIkXo="},"chainType":1,"messageKeys":{}}},"pendingPreKey":{"signedKeyId":0,"baseKey":"BUerk/SJf583jjEcdWqdEmN9RKm5hYolQTfVV7ScP51V","preKeyId":6627170}}},"version":"v1"}