{"_sessions":{"BczxuL+UY3F1s1GiQClcQowssaziOW0W6f9tDdmJ2Q18":{"registrationId":536181651,"currentRatchet":{"ephemeralKeyPair":{"pubKey":"Bc/6fBpubzj+Ap/XqnxwgwAw/G/81lzZoOXtlZN6M0Aj","privKey":"uOm4zj1K7EZRVIRUFaRfbRw28ANxvswJnK+z0OT+VUU="},"lastRemoteEphemeralKey":"BQLHcEKUGTpGM7D1cjSeLA5cTNHJKKOzv1owDZr3P+sU","previousCounter":0,"rootKey":"8oQuLjDEPrLjHlYJDsFuwa0XR0iIDfcixuhMjYYD8T8="},"indexInfo":{"baseKey":"BczxuL+UY3F1s1GiQClcQowssaziOW0W6f9tDdmJ2Q18","baseKeyType":1,"closed":-1,"used":1692405309409,"created":1692405309409,"remoteIdentityKey":"Bf4PWf/b7HCyRclUg7g2IjjJJQvLXaBBang+H0uKtcNF"},"_chains":{"Bc/6fBpubzj+Ap/XqnxwgwAw/G/81lzZoOXtlZN6M0Aj":{"chainKey":{"counter":0,"key":"de8UHZReKG8ldAlLMKdLAJ8nzUIamgmFftxiUcw5KGY="},"chainType":1,"messageKeys":{}}},"pendingPreKey":{"signedKeyId":13,"baseKey":"BczxuL+UY3F1s1GiQClcQowssaziOW0W6f9tDdmJ2Q18","preKeyId":10525064}}},"version":"v1"}