{"_sessions":{"Bcd67jeqtIgjfiPynaNeGIH/jsboPO4y2s81+e/+gEQ/":{"registrationId":1248548945,"currentRatchet":{"ephemeralKeyPair":{"pubKey":"BVDOWArVQtD3564wqAW2Zh0j7T88NSJTyhcSKjEE6ylB","privKey":"SG8ah64UdydPE4LXVp/BPJs31QUNFnpE/206j7Axy3Q="},"lastRemoteEphemeralKey":"BTfM7sq7+ZtFTTkR5GCTJWbr2AKCE5CzE2fYhEw3F18D","previousCounter":0,"rootKey":"VVBqR5U6VTT8hOjjsvhuWT3UUZF9Nvxeli0Doq/sBr0="},"indexInfo":{"baseKey":"Bcd67jeqtIgjfiPynaNeGIH/jsboPO4y2s81+e/+gEQ/","baseKeyType":1,"closed":-1,"used":1692405308616,"created":1692405308616,"remoteIdentityKey":"BbYpC3DrjNyjDEWX+NQc7QyDDKTXBiDnibUy2/c4ikUW"},"_chains":{"BVDOWArVQtD3564wqAW2Zh0j7T88NSJTyhcSKjEE6ylB":{"chainKey":{"counter":0,"key":"Zbdf2Gb6Oz5/ItuJOCU+anTuFKZjroE/GxIouuyZi/w="},"chainType":1,"messageKeys":{}}},"pendingPreKey":{"signedKeyId":11,"baseKey":"Bcd67jeqtIgjfiPynaNeGIH/jsboPO4y2s81+e/+gEQ/","preKeyId":2528459}}},"version":"v1"}