{"_sessions":{"BVnjfCOvbs1DTHY2UIweS64MfzKKeMEB+ClwN3wAyqQ7":{"registrationId":174375394,"currentRatchet":{"ephemeralKeyPair":{"pubKey":"BcmYXFCrMxcMiU9/vBhHcJdTg+Cs4VCwo1jN2g2bCIV3","privKey":"6Nct9hWmkTPBt0BxibWNzWIfvPbXN78SF+Zca4bSW0w="},"lastRemoteEphemeralKey":"BdQzerVJ1j4QVEZzYP3Q20mGDisVmX+RnWL9a4AhGOcG","previousCounter":0,"rootKey":"RTp8srOA0hRvq7+HiU5H/JF6XCP9vqWQEBlUeDo/K3U="},"indexInfo":{"baseKey":"BVnjfCOvbs1DTHY2UIweS64MfzKKeMEB+ClwN3wAyqQ7","baseKeyType":1,"closed":-1,"used":1692405310554,"created":1692405310554,"remoteIdentityKey":"BQsh3aFgyFfqUyQ4ipyvJeVLWC1YfLrM1DPcBZB+VRht"},"_chains":{"BcmYXFCrMxcMiU9/vBhHcJdTg+Cs4VCwo1jN2g2bCIV3":{"chainKey":{"counter":0,"key":"mG324nxW+yEUstTOYzt0k/MXx7FYn7rZoPFPpieB100="},"chainType":1,"messageKeys":{}}},"pendingPreKey":{"signedKeyId":24,"baseKey":"BVnjfCOvbs1DTHY2UIweS64MfzKKeMEB+ClwN3wAyqQ7","preKeyId":9041899}}},"version":"v1"}