{"_sessions":{"BYJHqIsI/Rt5m5pi1YP3GE1yGLxAy9JlwOJZ3rTHCmhe":{"registrationId":162178937,"currentRatchet":{"ephemeralKeyPair":{"pubKey":"Bep//uuC8O4HErGsF4shFZKydVxzFBOS7wCDadWjYB0I","privKey":"kCyZIEnzfESz8AskF/wL20d3yPDfvcisnuA/Hwe7xHY="},"lastRemoteEphemeralKey":"BU8RVWXvm7cnByZ82O934cnYWL7hxEQaqTV5BHLdjvQP","previousCounter":0,"rootKey":"IHbRXOwhX0ie73wMOf6zN1+HSsFFlU1vSk55he572sI="},"indexInfo":{"baseKey":"BYJHqIsI/Rt5m5pi1YP3GE1yGLxAy9JlwOJZ3rTHCmhe","baseKeyType":1,"closed":-1,"used":1692405309732,"created":1692405309732,"remoteIdentityKey":"BVeLtiK8kc7jRzn60wWeo0jlaG2gWAF2swQuDn1gFKo/"},"_chains":{"Bep//uuC8O4HErGsF4shFZKydVxzFBOS7wCDadWjYB0I":{"chainKey":{"counter":0,"key":"vB63r6YyiMEMBhtwvp61TwWtUy27jOPZ348dEPs4oHo="},"chainType":1,"messageKeys":{}}},"pendingPreKey":{"signedKeyId":11,"baseKey":"BYJHqIsI/Rt5m5pi1YP3GE1yGLxAy9JlwOJZ3rTHCmhe","preKeyId":15503783}}},"version":"v1"}