{"_sessions":{"BT8UAIQNlpDiRqEhaK+EQomHbau/JSHJcF340HLQo/sI":{"registrationId":1111234908,"currentRatchet":{"ephemeralKeyPair":{"pubKey":"BVfNx284G0D+hH86t3HhGc6le+ufTaR42Mm/5LOUAm4x","privKey":"4L4zvuuO+YgZ2za2SUKZ6eOmNiJ9RMNb7u74SpG7jXU="},"lastRemoteEphemeralKey":"BYfFi9ZWe48SA4qw/R36LrEUZoT8Mxp/AEcomGouPHt8","previousCounter":0,"rootKey":"Dda705wzQi1Ppmw9Fwhrxpb3z7b+Dwuz+JbJDkb6YA8="},"indexInfo":{"baseKey":"BT8UAIQNlpDiRqEhaK+EQomHbau/JSHJcF340HLQo/sI","baseKeyType":1,"closed":-1,"used":1692405309682,"created":1692405309682,"remoteIdentityKey":"Bb26LfG1Xflh4+8CTDLAuTMuW4CLUheBpv7pyWMhacdj"},"_chains":{"BVfNx284G0D+hH86t3HhGc6le+ufTaR42Mm/5LOUAm4x":{"chainKey":{"counter":0,"key":"uyrk6gUHjF7J9rRYsvD5wCIt+lhLmR8Y/Fqtd83uwnE="},"chainType":1,"messageKeys":{}}},"pendingPreKey":{"signedKeyId":1,"baseKey":"BT8UAIQNlpDiRqEhaK+EQomHbau/JSHJcF340HLQo/sI","preKeyId":1487695}}},"version":"v1"}