{"_sessions":{"BbS7lNTGBS4ODRTg3bQbwrwvw0TVwJ7jDBEEJGzjrI1q":{"registrationId":1667188174,"currentRatchet":{"ephemeralKeyPair":{"pubKey":"BckwZd49dt3nxtmKkLU+JcZEmOEPaSLM11kzt80yaYwD","privKey":"QEk8R1HDrdIjbelOp8cjo3cYKox3pildujfiu+1OElo="},"lastRemoteEphemeralKey":"BRatGtq7zH5eY6iDThgdlPtybUIXiDrJE8o753ZueCQ5","previousCounter":0,"rootKey":"YxtQHYzI8WWHzyZvfjjdl57slBXN9/iawOzohagnu2g="},"indexInfo":{"baseKey":"BbS7lNTGBS4ODRTg3bQbwrwvw0TVwJ7jDBEEJGzjrI1q","baseKeyType":1,"closed":-1,"used":1692405309600,"created":1692405309600,"remoteIdentityKey":"BQnT+lN5gnsiZIC9CxmGhJp/npQs3+wK9wEREg2TwU53"},"_chains":{"BckwZd49dt3nxtmKkLU+JcZEmOEPaSLM11kzt80yaYwD":{"chainKey":{"counter":0,"key":"xhakPzvqhgi2934xzpdLCCQdU7v/iM+sGVHhKQyKwSk="},"chainType":1,"messageKeys":{}}},"pendingPreKey":{"signedKeyId":8,"baseKey":"BbS7lNTGBS4ODRTg3bQbwrwvw0TVwJ7jDBEEJGzjrI1q","preKeyId":4104893}}},"version":"v1"}