{"_sessions":{"BbjHWv07AecguSumHEb2h4sJlHQOqE3kfCL81pJL8l87":{"registrationId":1266688703,"currentRatchet":{"ephemeralKeyPair":{"pubKey":"BeqN5TlN1oJgsc1N7cuZdXCFsECAYNRz3i1m/r94qaw7","privKey":"YGC0KmER737laZ5TJXsezoqIcNo4nDTbNLyIAqpBPWI="},"lastRemoteEphemeralKey":"BdHruPWHcGh7727ohAA5A0dOa4WwUZnzA2z5y6aWiaZW","previousCounter":0,"rootKey":"0k5lGoBmGDzgxAMHeMQJzBOEW5ZNelGuZ77ZlmlWgMQ="},"indexInfo":{"baseKey":"BbjHWv07AecguSumHEb2h4sJlHQOqE3kfCL81pJL8l87","baseKeyType":1,"closed":-1,"used":1692405309900,"created":1692405309900,"remoteIdentityKey":"BY8nCOIYUtVbeEYwG47hIh0ZFjNRRTz8OOV7ks6WkdAU"},"_chains":{"BeqN5TlN1oJgsc1N7cuZdXCFsECAYNRz3i1m/r94qaw7":{"chainKey":{"counter":0,"key":"W876PdsBVOpqBRxvmFrq3hqJ4605qEy08JuhI3PdorI="},"chainType":1,"messageKeys":{}}},"pendingPreKey":{"signedKeyId":9,"baseKey":"BbjHWv07AecguSumHEb2h4sJlHQOqE3kfCL81pJL8l87","preKeyId":13891701}}},"version":"v1"}