{"_sessions":{"BbgA1ky7Ou2yLOx7fFlsqcKnNAmuQa+Mejdzp8nOrjJu":{"registrationId":806431302,"currentRatchet":{"ephemeralKeyPair":{"pubKey":"BSpSil69fEz1V5lB9zwvN9lE28OLyUCswPbRPNjxPnBe","privKey":"0EBVXiI52hKMNhbdYxgQtLtp4tMRQPTHBxH5sSNfGEc="},"lastRemoteEphemeralKey":"BbnqgxqVaVyatbFQgQNpuGBRyk1jHVoxfDeK8/WUWHo+","previousCounter":0,"rootKey":"j6P5QqPkZcgQWTb5ClsMEhDqt77WHZ8CrH1AQeaThtU="},"indexInfo":{"baseKey":"BbgA1ky7Ou2yLOx7fFlsqcKnNAmuQa+Mejdzp8nOrjJu","baseKeyType":1,"closed":-1,"used":1692405308983,"created":1692405308983,"remoteIdentityKey":"BQBFNuGiDU2by5cj9EiP34YdJ+L86lMv7xOIkBQT7twK"},"_chains":{"BSpSil69fEz1V5lB9zwvN9lE28OLyUCswPbRPNjxPnBe":{"chainKey":{"counter":0,"key":"PRyKOEonWB8EVTCC7+7leTfL5VmEf2MyA0fx2Phzuzg="},"chainType":1,"messageKeys":{}}},"pendingPreKey":{"signedKeyId":6,"baseKey":"BbgA1ky7Ou2yLOx7fFlsqcKnNAmuQa+Mejdzp8nOrjJu","preKeyId":6954802}}},"version":"v1"}