{"_sessions":{"BYIS+xhJhS/tRe4mPFEvHSXyVo8Sb9g0yrHuM6RCZsxu":{"registrationId":1532272771,"currentRatchet":{"ephemeralKeyPair":{"pubKey":"BXxxx+q/cE10FKm8XGQh7/ft503Fz3w8pmCjTKP4661d","privKey":"+BXe7dVg3TGw1+5JYx+uIctFdPLh0IW9wdXBeqvecFY="},"lastRemoteEphemeralKey":"BVdq/fXcbr43YHC51HR9nqlpZ5MTkcb8SA+67pryRK0O","previousCounter":0,"rootKey":"akXoRZXQv4FvKm5zvNVIXY6ct9txbBn+0tFi/HTtCBQ="},"indexInfo":{"baseKey":"BYIS+xhJhS/tRe4mPFEvHSXyVo8Sb9g0yrHuM6RCZsxu","baseKeyType":1,"closed":-1,"used":1692405309946,"created":1692405309946,"remoteIdentityKey":"BcnxATXnjm2YMWI7RcN1DNBYSLGG3knAoPUu9QxCYYVg"},"_chains":{"BXxxx+q/cE10FKm8XGQh7/ft503Fz3w8pmCjTKP4661d":{"chainKey":{"counter":0,"key":"qhTg93OA1w7cCcBlvo1Hj3XasTT/HTbkaRAQcYZSJvw="},"chainType":1,"messageKeys":{}}},"pendingPreKey":{"signedKeyId":4,"baseKey":"BYIS+xhJhS/tRe4mPFEvHSXyVo8Sb9g0yrHuM6RCZsxu","preKeyId":16746865}}},"version":"v1"}