{"_sessions":{"BYu5AglwZZangrB0oxzAzRhUw7HYlGcW+8Lk329esz16":{"registrationId":2082402372,"currentRatchet":{"ephemeralKeyPair":{"pubKey":"BdaTH0aiM4c/iieocNFW6KC4BHPaYjBtR6jmrmpBH/kM","privKey":"WLdyFz1DFVQAawCvc+j/iQZn4PLSCYLE1UxwtGz020g="},"lastRemoteEphemeralKey":"BbDMrYN2xYzZTWwyGW/sTGFlW2A1ctFRuLtRT9cpLl8J","previousCounter":0,"rootKey":"kuvwDqpx9XyD9J/Ceqj44HPTyi+j3jXfjNVuRqgFzqM="},"indexInfo":{"baseKey":"BYu5AglwZZangrB0oxzAzRhUw7HYlGcW+8Lk329esz16","baseKeyType":1,"closed":-1,"used":1692405309108,"created":1692405309108,"remoteIdentityKey":"BcqP7EpQwgqG7TWKGPwFTJgLZgwj4fHesmF6n4ckFc8C"},"_chains":{"BdaTH0aiM4c/iieocNFW6KC4BHPaYjBtR6jmrmpBH/kM":{"chainKey":{"counter":0,"key":"K/FWf91EDnfvI0kzt/ynHEbKDHQXXkrHm1AOiUlq6Lw="},"chainType":1,"messageKeys":{}}},"pendingPreKey":{"signedKeyId":10,"baseKey":"BYu5AglwZZangrB0oxzAzRhUw7HYlGcW+8Lk329esz16","preKeyId":12315188}}},"version":"v1"}