{"_sessions":{"BS0EkrBrQq70krfTMFEdKyNfkCOKqmBVWXVxdZj0WhMJ":{"registrationId":1894498499,"currentRatchet":{"ephemeralKeyPair":{"pubKey":"BbEcIBXSX246/vwLN1gjoKA7TTyB/Zs0ejiKkTz+iHVs","privKey":"IHLwf02NzTYjyhgbe30dzJ1DyGGPBljk7kdgsrlplXE="},"lastRemoteEphemeralKey":"Bc4Up69eAbh90mYni7yB+XHE0Yu2f3P5BjUmwB2VjsU3","previousCounter":0,"rootKey":"/pmnH1eUA9+iCVyRrg3h5M2KdLAKBNur6O4/yuTVPtk="},"indexInfo":{"baseKey":"BS0EkrBrQq70krfTMFEdKyNfkCOKqmBVWXVxdZj0WhMJ","baseKeyType":1,"closed":-1,"used":1692405310052,"created":1692405310052,"remoteIdentityKey":"BaBXa3NIVWH2L3KDv+4IdjL73HKPD92376TC5cDTKXQt"},"_chains":{"BbEcIBXSX246/vwLN1gjoKA7TTyB/Zs0ejiKkTz+iHVs":{"chainKey":{"counter":0,"key":"mMbqfsZKAcalFF2Op9o2AuIKirxgnY9G7W1oWTJXde0="},"chainType":1,"messageKeys":{}}},"pendingPreKey":{"signedKeyId":0,"baseKey":"BS0EkrBrQq70krfTMFEdKyNfkCOKqmBVWXVxdZj0WhMJ","preKeyId":6854944}}},"version":"v1"}