{"_sessions":{"BX08gA0obr+MPaRHoRgVMCpV19XHR3y5RNua3DIE+3BD":{"registrationId":1439466811,"currentRatchet":{"ephemeralKeyPair":{"pubKey":"BRKq46UsMKfLlSnhl/f7XUHTeh9m7UoSRpYdmnamcVB9","privKey":"8ME409EAlCy1M3S0o8TRppvjemFWXb1ZMMAASvNYh2M="},"lastRemoteEphemeralKey":"BVbLaULzh13zGOcE0Gxq5Z7PdiNQAMUJNQyGnZgmLFNL","previousCounter":0,"rootKey":"3Aorj4Mfx7QrF0Z6+yUkmJUMiQFlyuaZzcAUnfZN8CQ="},"indexInfo":{"baseKey":"BX08gA0obr+MPaRHoRgVMCpV19XHR3y5RNua3DIE+3BD","baseKeyType":1,"closed":-1,"used":1692405310230,"created":1692405310230,"remoteIdentityKey":"BZM/K9r+RtB8azcrtzPSftWgBBuCu1kf9OC43L3jKR0K"},"_chains":{"BRKq46UsMKfLlSnhl/f7XUHTeh9m7UoSRpYdmnamcVB9":{"chainKey":{"counter":0,"key":"iHsPo3Og6fBTEc+Mn3CwwAxY7A52pNqb5xhYGrRavXg="},"chainType":1,"messageKeys":{}}},"pendingPreKey":{"signedKeyId":13,"baseKey":"BX08gA0obr+MPaRHoRgVMCpV19XHR3y5RNua3DIE+3BD","preKeyId":14853820}}},"version":"v1"}