{"_sessions":{"BX2RgNsAjrEouTaZUC4pcKsdiAzAGGlBprTFzuCiCGIW":{"registrationId":1814617752,"currentRatchet":{"ephemeralKeyPair":{"pubKey":"BQj52bFME5QbeNsJUGYG+Sn4b3urGl5k8crtLP4Xo4Zn","privKey":"8Jt5AbfmCb4i3Rba2zYWCW5qXivXbAoI5KUimxHPI3w="},"lastRemoteEphemeralKey":"BSTTpqAzlMeo1SwQLYz7hJqef+SJeyLa1zgiFS95/2Ju","previousCounter":0,"rootKey":"b6UNvtjBKu17mIcbw5S5H5PUc03ZkB6AEWZnNiKR4As="},"indexInfo":{"baseKey":"BX2RgNsAjrEouTaZUC4pcKsdiAzAGGlBprTFzuCiCGIW","baseKeyType":1,"closed":-1,"used":1692405309910,"created":1692405309910,"remoteIdentityKey":"BYh7AQqErIxoAsgzIyEKcgPxbA3kxt9RQ/RfbfWOiyo4"},"_chains":{"BQj52bFME5QbeNsJUGYG+Sn4b3urGl5k8crtLP4Xo4Zn":{"chainKey":{"counter":0,"key":"JAaHwa/9iYO5qCyTLNbY0RE9afaHDfD6EeZniUxslE4="},"chainType":1,"messageKeys":{}}},"pendingPreKey":{"signedKeyId":7,"baseKey":"BX2RgNsAjrEouTaZUC4pcKsdiAzAGGlBprTFzuCiCGIW","preKeyId":4348523}}},"version":"v1"}