{"_sessions":{"BS7QmQad9Z0jjtg23y+HS6Adwm4jvFb6h7c4QHWqbRtA":{"registrationId":925623328,"currentRatchet":{"ephemeralKeyPair":{"pubKey":"BVuQ1wtAmCInGhYwV3PW9EEjJ4BmatF9DiKbEiou8cca","privKey":"wFkPGS30xSQNTewcbOI1Wm/gbKmiJNbQVwuxJTdIZWs="},"lastRemoteEphemeralKey":"BbmUUgOU3DwwU8S+CC1rCEnGChM1w4goKRKebhrSAYZb","previousCounter":0,"rootKey":"pTUCvkDfiu9Q5OdPhzVCSG22ggC6yRKVM0IjdwEdEVM="},"indexInfo":{"baseKey":"BS7QmQad9Z0jjtg23y+HS6Adwm4jvFb6h7c4QHWqbRtA","baseKeyType":1,"closed":-1,"used":1692405310010,"created":1692405310010,"remoteIdentityKey":"BVol9u1j0LDXzeTds7x1xJ8/g+u78XDog2Hri62tw35v"},"_chains":{"BVuQ1wtAmCInGhYwV3PW9EEjJ4BmatF9DiKbEiou8cca":{"chainKey":{"counter":0,"key":"AwMguqtEz01LEarNhK4uAGvYe7BdCNv2mskfG+ibgOw="},"chainType":1,"messageKeys":{}}},"pendingPreKey":{"signedKeyId":2,"baseKey":"BS7QmQad9Z0jjtg23y+HS6Adwm4jvFb6h7c4QHWqbRtA","preKeyId":557388}}},"version":"v1"}