{"_sessions":{"BSWUUP1yekdVHzjW8dV+XwLslAIYA/3wj9HStPixfFYn":{"registrationId":138404231,"currentRatchet":{"ephemeralKeyPair":{"pubKey":"BQH2mD9twsZhvS1sug4szyY2ao43+myT/VQ8fPkXx6AG","privKey":"2JWSsQ6UBZFewAaTEnVyhldnenOq2meJL0AcgTFXe3w="},"lastRemoteEphemeralKey":"BeR+zPoMkbqEh/feegGvdjxxdq4eYeo/pX/kcr96F99z","previousCounter":0,"rootKey":"hNnau5ga7Z7OGIOTuk5jLgVRMaYLdda3kJ5QI4ZFECU="},"indexInfo":{"baseKey":"BSWUUP1yekdVHzjW8dV+XwLslAIYA/3wj9HStPixfFYn","baseKeyType":1,"closed":-1,"used":1692405309931,"created":1692405309931,"remoteIdentityKey":"BTUrBeVy5DhhZUFg727mcHWjvSEzEg8GZxQzz/nds8EI"},"_chains":{"BQH2mD9twsZhvS1sug4szyY2ao43+myT/VQ8fPkXx6AG":{"chainKey":{"counter":0,"key":"qAqg8RJtWwGECeSxm7jVHpZtRQcpLCiXbtgRS8VAIHg="},"chainType":1,"messageKeys":{}}},"pendingPreKey":{"signedKeyId":7,"baseKey":"BSWUUP1yekdVHzjW8dV+XwLslAIYA/3wj9HStPixfFYn","preKeyId":2786409}}},"version":"v1"}