{"_sessions":{"BTNjAbsiPy2xqebGNvXrtgR5fwpPx8k5VPjymx2HFcdl":{"registrationId":1453865063,"currentRatchet":{"ephemeralKeyPair":{"pubKey":"BcUndm1kdDQosAzjaLFlN+Wo3GkSuOdDp2HwoQVLSr8V","privKey":"YFEu9gyltDMbv4mqPGTZAxbruAALJWTLIwrcvAQuXk0="},"lastRemoteEphemeralKey":"BVeaeMZFoWsVV0wTvrpKHMqa2Kl0sq8dz3SY2PP0tYtI","previousCounter":0,"rootKey":"pTdyMyFkeXsj7PMxIA4Ij5D0F08jyWXVDCwEr6fgQ04="},"indexInfo":{"baseKey":"BTNjAbsiPy2xqebGNvXrtgR5fwpPx8k5VPjymx2HFcdl","baseKeyType":1,"closed":-1,"used":1692405310367,"created":1692405310367,"remoteIdentityKey":"BbiwIB7/fjQ+mPRRVjjJO5CHTXjbzfdbXy5GPpQPWOQx"},"_chains":{"BcUndm1kdDQosAzjaLFlN+Wo3GkSuOdDp2HwoQVLSr8V":{"chainKey":{"counter":0,"key":"1zf20bO8C5emtSus8GQdmSFnIlfqnMkBZY6l4oJFkcw="},"chainType":1,"messageKeys":{}}},"pendingPreKey":{"signedKeyId":4,"baseKey":"BTNjAbsiPy2xqebGNvXrtgR5fwpPx8k5VPjymx2HFcdl","preKeyId":10937108}}},"version":"v1"}