{"_sessions":{"BVL6BKgXDuOoXeYvFmVw+1kvpZYP3wIflZ7qLEWjfvsM":{"registrationId":244446427,"currentRatchet":{"ephemeralKeyPair":{"pubKey":"BXgHW3o5zvo0+xD6zChAENmDm3ijTzjCT+6zKf4mfSgb","privKey":"KIpiuzxQ4q8rdRt7tjapTkKJlQrNlYiFJd+cWq2VWFs="},"lastRemoteEphemeralKey":"BQ7AP2G/1vakA+ZEEs+d7dZUNyR4D7B90buRHAUsh5g/","previousCounter":0,"rootKey":"CWz/ebYyefYNfCRyJhbfV2JXdKsPnYM2sEHRbTEpAyk="},"indexInfo":{"baseKey":"BVL6BKgXDuOoXeYvFmVw+1kvpZYP3wIflZ7qLEWjfvsM","baseKeyType":1,"closed":-1,"used":1692405310084,"created":1692405310084,"remoteIdentityKey":"BYRnYyyXr6CrCyN64csb29E6aZB88Yzn4GXJ49FTHw9m"},"_chains":{"BXgHW3o5zvo0+xD6zChAENmDm3ijTzjCT+6zKf4mfSgb":{"chainKey":{"counter":0,"key":"ad+CFAFV1V7IRSURpYOgKr826+JvTjicp5eKw8oj8LA="},"chainType":1,"messageKeys":{}}},"pendingPreKey":{"signedKeyId":6,"baseKey":"BVL6BKgXDuOoXeYvFmVw+1kvpZYP3wIflZ7qLEWjfvsM","preKeyId":9133014}}},"version":"v1"}