{"_sessions":{"BdHkM4i9B0vPZiqGPzfeRcJsnM+VM+xLMVCJgto8L3Uh":{"registrationId":1922182490,"currentRatchet":{"ephemeralKeyPair":{"pubKey":"BcL4dNtab+9Tw6RIRSoVpmYEoOFBLM/0KittFSA+cjhJ","privKey":"wFbIIEHPN9eAoh/yxjQVaocJ7aJW6wz1ntvNchgZAFk="},"lastRemoteEphemeralKey":"BSvYT7H+Zo4QdJ1ZmpAPstJVWHORcKvq6fJPCxP3JwRL","previousCounter":0,"rootKey":"Df/jU8r2R9Q6PsIBqGsipXvRfZvodA8AjjwcDxYAfUE="},"indexInfo":{"baseKey":"BdHkM4i9B0vPZiqGPzfeRcJsnM+VM+xLMVCJgto8L3Uh","baseKeyType":1,"closed":-1,"used":1692405310394,"created":1692405310394,"remoteIdentityKey":"BV4xinMjtJP3chw09zu07S+XhHv2tcQhj7IDzFnCRsYY"},"_chains":{"BcL4dNtab+9Tw6RIRSoVpmYEoOFBLM/0KittFSA+cjhJ":{"chainKey":{"counter":0,"key":"3DRk/lRi+/1D6Bop3gjjvwLpHwLRV24A2Fhjf6Jugic="},"chainType":1,"messageKeys":{}}},"pendingPreKey":{"signedKeyId":3,"baseKey":"BdHkM4i9B0vPZiqGPzfeRcJsnM+VM+xLMVCJgto8L3Uh","preKeyId":13835040}}},"version":"v1"}