{"_sessions":{"BU4niWH9O2dHXtAp8XNNNc2HnW/aFYTZLlzwYMdd8ugT":{"registrationId":478008094,"currentRatchet":{"ephemeralKeyPair":{"pubKey":"BbNb4LXLNe34obD4QdHFMGvAiwjNDPJLqjFlFXve47p6","privKey":"wN2c8tWX2/VJ9oOfy8E0SqubwuikoKbkYfPZRQjvsXk="},"lastRemoteEphemeralKey":"BY9+CvQ0PVhEy/0UXTmvV3CUwH8MD9DtEam1S7VUxbQa","previousCounter":0,"rootKey":"Yq728r9b0ySqnFEuSqP6RWrtEE90TnuTj7jvuOFFKAk="},"indexInfo":{"baseKey":"BU4niWH9O2dHXtAp8XNNNc2HnW/aFYTZLlzwYMdd8ugT","baseKeyType":1,"closed":-1,"used":1692405309666,"created":1692405309666,"remoteIdentityKey":"BTr8esbjarCKhqbsjrIMHgTCWHgTksHxPbmXR1PO8dAg"},"_chains":{"BbNb4LXLNe34obD4QdHFMGvAiwjNDPJLqjFlFXve47p6":{"chainKey":{"counter":0,"key":"nE/FBlpW2D+NpujR9SbqKTivSM4g9yTN5T8s4Sv9p6s="},"chainType":1,"messageKeys":{}}},"pendingPreKey":{"signedKeyId":1,"baseKey":"BU4niWH9O2dHXtAp8XNNNc2HnW/aFYTZLlzwYMdd8ugT"}}},"version":"v1"}