{"_sessions":{"BUfvnMj2Lo4q7lv9mRY2SmbW9715il7p7RFomqjbvjhR":{"registrationId":589423499,"currentRatchet":{"ephemeralKeyPair":{"pubKey":"BQLOfvueVJysJLTFKm0oQ2xoJRCF+WrTuSrDKaLRXZ5u","privKey":"SAuSIwjSTlEBhMOMcpaPsBg4a4tu6HN9p4FjLoHB6WY="},"lastRemoteEphemeralKey":"BSUTgxjsPx/Wfx2+XqNN3wrgCevuGb7w/jvY8Fpks1IX","previousCounter":0,"rootKey":"82uoCcchxIoLIigJqTd/2NsAfa19t2Klzooo6OO5tkw="},"indexInfo":{"baseKey":"BUfvnMj2Lo4q7lv9mRY2SmbW9715il7p7RFomqjbvjhR","baseKeyType":1,"closed":-1,"used":1692405309754,"created":1692405309754,"remoteIdentityKey":"BS+OZpvIjC3s3TparI9WSnp5Ynu/Zc97OJPf6OGg86E9"},"_chains":{"BQLOfvueVJysJLTFKm0oQ2xoJRCF+WrTuSrDKaLRXZ5u":{"chainKey":{"counter":0,"key":"uVprnY1V2tE6vgpWW9ZP1lU2ypPnqiv6YieKCxzSNjU="},"chainType":1,"messageKeys":{}}},"pendingPreKey":{"signedKeyId":5,"baseKey":"BUfvnMj2Lo4q7lv9mRY2SmbW9715il7p7RFomqjbvjhR","preKeyId":3259040}}},"version":"v1"}