{"_sessions":{"BXaV/jRNu9jiPuA4zQHb/D/qUvuLhhRXEJ1jlzQCQl0g":{"registrationId":861292484,"currentRatchet":{"ephemeralKeyPair":{"pubKey":"BTJo55k/jxz9oNXyYj3b/shJMQkxfCIK1FHLwUMAYgxs","privKey":"yD9rvupzzzEm+UiTs6CsSpX9CHABqEp0Q1s00v2fD1U="},"lastRemoteEphemeralKey":"Be7SpuBkcPJJjXZHQ0nQqScX+K+LPFLEPBt4awNlrvEH","previousCounter":0,"rootKey":"M+6UCP010jhTuNjD3EpGIy9u45o2PWBSWy+/i2hM58c="},"indexInfo":{"baseKey":"BXaV/jRNu9jiPuA4zQHb/D/qUvuLhhRXEJ1jlzQCQl0g","baseKeyType":1,"closed":-1,"used":1692405308668,"created":1692405308668,"remoteIdentityKey":"BVBE3MwHYDokjSZKGhQZkO1oKqlw17fbjqAmMD07OZcj"},"_chains":{"BTJo55k/jxz9oNXyYj3b/shJMQkxfCIK1FHLwUMAYgxs":{"chainKey":{"counter":0,"key":"XpcvC5YDyPMNjY+hwPENyuoaaLf6O0+TlAo0pCetzIU="},"chainType":1,"messageKeys":{}}},"pendingPreKey":{"signedKeyId":2,"baseKey":"BXaV/jRNu9jiPuA4zQHb/D/qUvuLhhRXEJ1jlzQCQl0g","preKeyId":16677031}}},"version":"v1"}