{"_sessions":{"BcC3+gJPLk2f495VoPOJI8azffzqNPw2Fvb5yDU9gUJJ":{"registrationId":402370990,"currentRatchet":{"ephemeralKeyPair":{"pubKey":"BTQRd2wpbWcLoRoLSh2W1+K5c7t5njVVGxWR4yaHNNsh","privKey":"ICknPtBtcaw61GbCD0lRiNeZbVSelHBE5kNZh0F571c="},"lastRemoteEphemeralKey":"BTysbS5OieC6lOaRs8y/LwotZW1cjUKPD9k554SG4ZxS","previousCounter":0,"rootKey":"114tuhjCPmunM5fR3CNFxkkYu3V8j/7XGDoQJ1Bg2aI="},"indexInfo":{"baseKey":"BcC3+gJPLk2f495VoPOJI8azffzqNPw2Fvb5yDU9gUJJ","baseKeyType":1,"closed":-1,"used":1692405309622,"created":1692405309622,"remoteIdentityKey":"BQlj0p5GVxcI7kOUYEzoM6MbHEU28rTdU0kUEogcmMVa"},"_chains":{"BTQRd2wpbWcLoRoLSh2W1+K5c7t5njVVGxWR4yaHNNsh":{"chainKey":{"counter":0,"key":"W3g1T2pe7KFkm+uRju191F1R64/EbjLRn9UBsmecx5g="},"chainType":1,"messageKeys":{}}},"pendingPreKey":{"signedKeyId":11,"baseKey":"BcC3+gJPLk2f495VoPOJI8azffzqNPw2Fvb5yDU9gUJJ","preKeyId":7934186}}},"version":"v1"}