{"_sessions":{"BQQdPL9tMsdRXe6o42KHyTi77C8pI/XMLvFLb4CpMdZF":{"registrationId":1491445087,"currentRatchet":{"ephemeralKeyPair":{"pubKey":"BR++UriboLLwI2r2rSktik+eOoHUhaceuNKkTsPXDc54","privKey":"mLvVYsLqL21vsxyiakN2A4k0zBwFMttlYHNcatrHcEE="},"lastRemoteEphemeralKey":"BRczW3QrH7xh9txuVZDER8qWtBaUWtJsoAX5uK5C6YVs","previousCounter":0,"rootKey":"7eZsZ0mruaHuVa55CmEi42//qRrkRweE8cEHpPmqkQY="},"indexInfo":{"baseKey":"BQQdPL9tMsdRXe6o42KHyTi77C8pI/XMLvFLb4CpMdZF","baseKeyType":1,"closed":-1,"used":1692405309456,"created":1692405309456,"remoteIdentityKey":"BcD/E9i/Kd5+vjAhg2d+5Ve21XQdFXQfbKJsWFca/3ke"},"_chains":{"BR++UriboLLwI2r2rSktik+eOoHUhaceuNKkTsPXDc54":{"chainKey":{"counter":0,"key":"h5JGn3ougDBm3D0vd3tpaUqfjw7obeAFE+ZfNlc/4jA="},"chainType":1,"messageKeys":{}}},"pendingPreKey":{"signedKeyId":21,"baseKey":"BQQdPL9tMsdRXe6o42KHyTi77C8pI/XMLvFLb4CpMdZF","preKeyId":13666373}}},"version":"v1"}