{"_sessions":{"BYylRhGQXYahLMkeCpxB0nBOl5BzlskS5JrhAGI9VnVi":{"registrationId":613030525,"currentRatchet":{"ephemeralKeyPair":{"pubKey":"BYOYp2nvmw0XOWupgkWmGVbkYx1t06Fw8hyr+qap6bAb","privKey":"iCsA18KzAW3Z8lG1sIMeVCgyyITUjce+3/rIXbpcb1c="},"lastRemoteEphemeralKey":"BQ7TxpY6xnL76/lfbcTXseqkLqlYQGhiA7d6wTQZBak2","previousCounter":0,"rootKey":"4k3rIDo6Dihqa/rjf9/KPmIPN3xo86Fse+SuY7e5heM="},"indexInfo":{"baseKey":"BYylRhGQXYahLMkeCpxB0nBOl5BzlskS5JrhAGI9VnVi","baseKeyType":1,"closed":-1,"used":1692405308962,"created":1692405308962,"remoteIdentityKey":"BQue7Ag9hbyM9gEl3BnSwVRZYUFIJvfL9gq96E/EzMwO"},"_chains":{"BYOYp2nvmw0XOWupgkWmGVbkYx1t06Fw8hyr+qap6bAb":{"chainKey":{"counter":0,"key":"pDY4L+aqYHoMt5AW2/M0eZIXEwRpDtLn3cz9FHwJOt8="},"chainType":1,"messageKeys":{}}},"pendingPreKey":{"signedKeyId":6,"baseKey":"BYylRhGQXYahLMkeCpxB0nBOl5BzlskS5JrhAGI9VnVi","preKeyId":662841}}},"version":"v1"}