{"_sessions":{"Bc007b7Dzsffl/7m+fiuocIs/D62nud41lTyMacx7R1h":{"registrationId":2132422434,"currentRatchet":{"ephemeralKeyPair":{"pubKey":"BepBmeDqSqtAVayHtMSnzieVKrqKlutBUzFeNUsv3Fdh","privKey":"mHhf5QoSokvKmmOksWvKtW7lSuOdUoI9A7lcSaqEy2c="},"lastRemoteEphemeralKey":"BRo1bPk0VZPNUbtM+9CPnhn9h4VKweu7iknULLzgXkxn","previousCounter":0,"rootKey":"gSM1ogsQS4pBVKVNIHMYzYnnWa/xNmYh1yPWh7dCpY8="},"indexInfo":{"baseKey":"Bc007b7Dzsffl/7m+fiuocIs/D62nud41lTyMacx7R1h","baseKeyType":1,"closed":-1,"used":1692405309951,"created":1692405309951,"remoteIdentityKey":"BYmvxhI6b6TjwtksX6p7zMgiCptMt3dHYvDszYPNurw2"},"_chains":{"BepBmeDqSqtAVayHtMSnzieVKrqKlutBUzFeNUsv3Fdh":{"chainKey":{"counter":0,"key":"LkHJwdu/uDHqfcM27ql66J5biO1kTTkyGmLeCSdOa9w="},"chainType":1,"messageKeys":{}}},"pendingPreKey":{"signedKeyId":2,"baseKey":"Bc007b7Dzsffl/7m+fiuocIs/D62nud41lTyMacx7R1h","preKeyId":629795}}},"version":"v1"}