{"_sessions":{"BdcrdtmZJR0Br1oruyepglPKoYoi8wh7VP9av0eSWRgw":{"registrationId":437182285,"currentRatchet":{"ephemeralKeyPair":{"pubKey":"BbrVrQg2TrRgqCm4t0BcOYh2Xae/icIuFw35nxuO7ZNV","privKey":"qM9nBbcgN65/+xSAQQY0Nw0EAuzZpji2Z70A7VNxekU="},"lastRemoteEphemeralKey":"BVJajiIkYt6MSF4Lq/A7h/9P0oKXWt5RMsZrIlHaBVoe","previousCounter":0,"rootKey":"qtJMbRZQ8TkB9srcTsIwgL3t1DKVHMmMPEdUcFEMB24="},"indexInfo":{"baseKey":"BdcrdtmZJR0Br1oruyepglPKoYoi8wh7VP9av0eSWRgw","baseKeyType":1,"closed":-1,"used":1692405309281,"created":1692405309281,"remoteIdentityKey":"BVvL5d7gQZdhmwog7HwrNKkzyowC4cE8vhBQ2bPdSwox"},"_chains":{"BbrVrQg2TrRgqCm4t0BcOYh2Xae/icIuFw35nxuO7ZNV":{"chainKey":{"counter":0,"key":"YAr9UFn6Ep8C8mqxXfXB0zSBHKUeY5bA/B1NCRFFXEs="},"chainType":1,"messageKeys":{}}},"pendingPreKey":{"signedKeyId":10,"baseKey":"BdcrdtmZJR0Br1oruyepglPKoYoi8wh7VP9av0eSWRgw","preKeyId":4997253}}},"version":"v1"}