{"_sessions":{"BQepsAuzAb6rlme7qKVdRhp976sL/NyF+xHf92p1vxM9":{"registrationId":990207215,"currentRatchet":{"ephemeralKeyPair":{"pubKey":"BVHR7k2Dg5QtD5YYgvu9MI7Cal8Bo3pHDZ4GfZHroz5H","privKey":"6P9T0THh3oCh2QNQ2aWBf/leFJoorZn+GuoZtJTL0kw="},"lastRemoteEphemeralKey":"BZxalZlnG9rVqxBFUdS/b50qHpgV5Gx4R86c7gnhUXZ+","previousCounter":0,"rootKey":"CRbUrWLxaoaYSePJErj7Lm9KaZcsXTawk7wCwZQvDuM="},"indexInfo":{"baseKey":"BQepsAuzAb6rlme7qKVdRhp976sL/NyF+xHf92p1vxM9","baseKeyType":1,"closed":-1,"used":1692405308198,"created":1692405308198,"remoteIdentityKey":"BVI7refqzhv+VfBR6ISqaIJIputspWudxO5D9/i8lzgL"},"_chains":{"BVHR7k2Dg5QtD5YYgvu9MI7Cal8Bo3pHDZ4GfZHroz5H":{"chainKey":{"counter":0,"key":"lSPrkgX/La0LDX6ob3iORCe+MOR4rwkCSXa+6zSL+kY="},"chainType":1,"messageKeys":{}}},"pendingPreKey":{"signedKeyId":1,"baseKey":"BQepsAuzAb6rlme7qKVdRhp976sL/NyF+xHf92p1vxM9"}}},"version":"v1"}