{"_sessions":{"BU8lwPwu0FzxlNz7LSBlZ4M1jqFT19YXwhSGiNnTvmFF":{"registrationId":1672089079,"currentRatchet":{"ephemeralKeyPair":{"pubKey":"Bdn19hRoTzqiC3oGzQhIhNsBpSsT+cg24X7t8FLai+1p","privKey":"APRFKx9geDlE+vqdovx3ShAUFkJIYs0QZv/lWwdzrlI="},"lastRemoteEphemeralKey":"Bf3yW1BHkzkoyAHrW4mUMUY8sGQBuNg3ZzrGk21zFwtA","previousCounter":0,"rootKey":"RmxWRfZ8uAA7Ml4sV2v6LyHjRBdcBu+bT5qoDyjlynk="},"indexInfo":{"baseKey":"BU8lwPwu0FzxlNz7LSBlZ4M1jqFT19YXwhSGiNnTvmFF","baseKeyType":1,"closed":-1,"used":1692405310415,"created":1692405310415,"remoteIdentityKey":"BZ3+tZ7RmZSDJs11pUQG0BwLM+tXoZtlXA5SyfsiuuoX"},"_chains":{"Bdn19hRoTzqiC3oGzQhIhNsBpSsT+cg24X7t8FLai+1p":{"chainKey":{"counter":0,"key":"mzDy0lMjj/eKusRFh6xLnn6dEqoiAjD55xfW92SMEVw="},"chainType":1,"messageKeys":{}}},"pendingPreKey":{"signedKeyId":2,"baseKey":"BU8lwPwu0FzxlNz7LSBlZ4M1jqFT19YXwhSGiNnTvmFF","preKeyId":2926008}}},"version":"v1"}