{"_sessions":{"BRBnqGO8B5woIPONNZsF+GNpt/uBcbcCyNxvUfByhUsY":{"registrationId":1569890482,"currentRatchet":{"ephemeralKeyPair":{"pubKey":"BR3Q1aPwm/Hz8gg36WLQNlmVLAgEOxmA87oJNsbJLj0m","privKey":"WKyBxDh8Xq+YF6rmMFZJRtlCAZ6J8utzRIwD5OwosGY="},"lastRemoteEphemeralKey":"BQGltzlR9tjPiDsTtc5BiT4DtgckehLHhRH5iacQKmp0","previousCounter":0,"rootKey":"Qb3kIIYTXX/8tTAfeadjtToMGAHKejs2X4dgoK3N26g="},"indexInfo":{"baseKey":"BRBnqGO8B5woIPONNZsF+GNpt/uBcbcCyNxvUfByhUsY","baseKeyType":1,"closed":-1,"used":1692405309504,"created":1692405309504,"remoteIdentityKey":"BdwJiZlgSK47FtMU7n546cCgY3wajlBcruKXxGePUY0p"},"_chains":{"BR3Q1aPwm/Hz8gg36WLQNlmVLAgEOxmA87oJNsbJLj0m":{"chainKey":{"counter":0,"key":"XcNXSXhARVyOcokvpcmOzdQZq+775Oxkc7GkexaFzKY="},"chainType":1,"messageKeys":{}}},"pendingPreKey":{"signedKeyId":11,"baseKey":"BRBnqGO8B5woIPONNZsF+GNpt/uBcbcCyNxvUfByhUsY","preKeyId":10671339}}},"version":"v1"}