{"_sessions":{"Bc9+hVw88EJzb729AX9Yoqs37/uvkKVgpi1ijQHXpuRV":{"registrationId":126,"currentRatchet":{"ephemeralKeyPair":{"pubKey":"BRBLzeMXR3wCfFWRVD8Xr4bmR8Kh94gZWNKjXeI5vvl6","privKey":"2MJ8MaABLM9pVt/lzxg3tnlwK3WpbgXvJgoC34oXInY="},"lastRemoteEphemeralKey":"BaoN5vA0AkQ+/feA5ScdkfsKM+V6FuWrcXHeFvcNLtYZ","previousCounter":0,"rootKey":"bjzg5iNLuVrvgGaVu5M2yW7LUtiGOnYqaxoehTKnZQI="},"indexInfo":{"baseKey":"Bc9+hVw88EJzb729AX9Yoqs37/uvkKVgpi1ijQHXpuRV","baseKeyType":1,"closed":-1,"used":1692405308433,"created":1692405308433,"remoteIdentityKey":"BYR2ZTZIJhmoIp7/5ed1yS7qf7L+5iwJlMFEd/vEZUBz"},"_chains":{"BRBLzeMXR3wCfFWRVD8Xr4bmR8Kh94gZWNKjXeI5vvl6":{"chainKey":{"counter":0,"key":"Tuxttt3vITj9ng25yT39aW50Znns52pZ2h59BI80b4M="},"chainType":1,"messageKeys":{}}},"pendingPreKey":{"signedKeyId":1,"baseKey":"Bc9+hVw88EJzb729AX9Yoqs37/uvkKVgpi1ijQHXpuRV","preKeyId":36}}},"version":"v1"}