{"_sessions":{"BRzhi1HiHxO9WrLczj009ewQiYGv4C7B8Fg4cSfdL1de":{"registrationId":9040,"currentRatchet":{"ephemeralKeyPair":{"pubKey":"BdPQIXvtSd5pp5ZGawJzkAMx29PIAxKW4gx0Y3g8vhIs","privKey":"oKrbdgL+K5VwiBfBekRrGLt1eR9IlloVY4A3ZawMrHo="},"lastRemoteEphemeralKey":"BfxVsi2icgqpvC6AtKeSFBAQqqK42zv5kTRX3U4FjKEp","previousCounter":0,"rootKey":"nDZH3uW0IqjOAiIXMgYXVVYRAKOdkqKSAUDcMuQ1jNU="},"indexInfo":{"baseKey":"BRzhi1HiHxO9WrLczj009ewQiYGv4C7B8Fg4cSfdL1de","baseKeyType":1,"closed":-1,"used":1692405307960,"created":1692405307960,"remoteIdentityKey":"BW8Pe32hwj92hdusF9DgafXuGEI0ghIqw2yOxqkZrZdu"},"_chains":{"BdPQIXvtSd5pp5ZGawJzkAMx29PIAxKW4gx0Y3g8vhIs":{"chainKey":{"counter":0,"key":"IIy0Kax8UvPSK14MTvav21QqzX/ktFjedkHO3CNKTG4="},"chainType":1,"messageKeys":{}}},"pendingPreKey":{"signedKeyId":1,"baseKey":"BRzhi1HiHxO9WrLczj009ewQiYGv4C7B8Fg4cSfdL1de","preKeyId":589}}},"version":"v1"}