{"_sessions":{"Bc0yDbnl6oZSMCDqtAkrUyaq+DG3/fbO7Qs3EYjV1JgJ":{"registrationId":517067644,"currentRatchet":{"ephemeralKeyPair":{"pubKey":"BeX2gRAcpTVf9TKip1m7//mWDDZJZJ/kMtSBz0c3v4JZ","privKey":"+OMe/4FCJjtekTCxXVt7LBM9ZAQsDNE2xjNTt0QwDEM="},"lastRemoteEphemeralKey":"BUueYlLp7RnxI+qFICqdHQYLyjDA2tZvfDYSrcqPC4EL","previousCounter":0,"rootKey":"5LcdV1o8giYIgi6kKDwPNN7MsvbU+dJ/by1qGz6xEqU="},"indexInfo":{"baseKey":"Bc0yDbnl6oZSMCDqtAkrUyaq+DG3/fbO7Qs3EYjV1JgJ","baseKeyType":1,"closed":-1,"used":1692405309967,"created":1692405309967,"remoteIdentityKey":"BaKqiYV/3M49XDJSAQNix9AhpAmPeg6fxlSlz5Ev3RJl"},"_chains":{"BeX2gRAcpTVf9TKip1m7//mWDDZJZJ/kMtSBz0c3v4JZ":{"chainKey":{"counter":0,"key":"a/ZbJ/GvBPD6J6ohoObj+NBDRv3qmb4ot0fn8LRPx48="},"chainType":1,"messageKeys":{}}},"pendingPreKey":{"signedKeyId":9,"baseKey":"Bc0yDbnl6oZSMCDqtAkrUyaq+DG3/fbO7Qs3EYjV1JgJ","preKeyId":16412077}}},"version":"v1"}