{"_sessions":{"BWsqcpQCYNxlj49A8AwlU6f6toumO0/gfMaDmb53jh8I":{"registrationId":1603078812,"currentRatchet":{"ephemeralKeyPair":{"pubKey":"BTzp0+Dv4rF5F9rKWidi5lbT/rrBsDYOcFM4oOcyUu16","privKey":"GKXhzFIZJ9SLwwtXLxwJ1OwuSNtHpGANeYrRd8EWwHU="},"lastRemoteEphemeralKey":"BfXRrLqnOSrUTWrx3G2WTE7zSYwEuws7jPI5QlZSHJ4u","previousCounter":0,"rootKey":"uDhM57ov1LlkaqyE0EeQCN/Fj1Nn4RdnuLw76UDrfrw="},"indexInfo":{"baseKey":"BWsqcpQCYNxlj49A8AwlU6f6toumO0/gfMaDmb53jh8I","baseKeyType":1,"closed":-1,"used":1692405309420,"created":1692405309420,"remoteIdentityKey":"BVSSx8UgopND7epDlGrtvCy5XP51Wr1aCcRhH7BuUKpj"},"_chains":{"BTzp0+Dv4rF5F9rKWidi5lbT/rrBsDYOcFM4oOcyUu16":{"chainKey":{"counter":0,"key":"1SG2n63N10bwN4Gi1gWgcyXW2Sz4pbXNSdfQozdw/j4="},"chainType":1,"messageKeys":{}}},"pendingPreKey":{"signedKeyId":4,"baseKey":"BWsqcpQCYNxlj49A8AwlU6f6toumO0/gfMaDmb53jh8I","preKeyId":3521744}}},"version":"v1"}