{"_sessions":{"BQuOt+BWps0RuwBVb0AUG3mubC89gKUlx24C1hAKp1dZ":{"registrationId":162,"currentRatchet":{"ephemeralKeyPair":{"pubKey":"BdyakzFZeGPdmbEIMawUTUG7pnYKpcOjLrE7E70Kz8kq","privKey":"OJhL9cIt2FWwNrKfQBAiS2Cv0yA1QgDlmF0iFp/u4UY="},"lastRemoteEphemeralKey":"BTXAbGL7qC054teaJ/iCotdHuSvTVE1WdTtz7EM/2l8n","previousCounter":0,"rootKey":"PYws/Y5HiFsnRukgpxw/B2+erIUBqTOMFGb3gRb29ug="},"indexInfo":{"baseKey":"BQuOt+BWps0RuwBVb0AUG3mubC89gKUlx24C1hAKp1dZ","baseKeyType":1,"closed":-1,"used":1692405308034,"created":1692405308034,"remoteIdentityKey":"BYoOjr3oXV1XCzbdiz79NC4lFw0PQr1q7fFyqQayHzML"},"_chains":{"BdyakzFZeGPdmbEIMawUTUG7pnYKpcOjLrE7E70Kz8kq":{"chainKey":{"counter":0,"key":"TGCZvWGb1BB3oWmDWupSYGExQm3pCG40wXfI5pjZHp0="},"chainType":1,"messageKeys":{}}},"pendingPreKey":{"signedKeyId":1,"baseKey":"BQuOt+BWps0RuwBVb0AUG3mubC89gKUlx24C1hAKp1dZ"}}},"version":"v1"}