{"_sessions":{"BTI1e19ZiTXpI55TpOLSsYSN7AiPj2964FGeiGtSughu":{"registrationId":619877418,"currentRatchet":{"ephemeralKeyPair":{"pubKey":"BWCccT/JyJN1IEb/M/1qefAQHakEcIyli3Hp9Ev5MjYK","privKey":"mAdeXpbSQCO/hTIpAvd5kyk4DeFgRAfi3E4rRzTXi3w="},"lastRemoteEphemeralKey":"Bc5L3RiFvenm4Ia1DebaRawWFXBo5xYYwMmRt3L42fNx","previousCounter":0,"rootKey":"OHuH8VGB8cbBPAf5AaRFFH3EYW+ZiWopQ6XKZRICo0E="},"indexInfo":{"baseKey":"BTI1e19ZiTXpI55TpOLSsYSN7AiPj2964FGeiGtSughu","baseKeyType":1,"closed":-1,"used":1692405308863,"created":1692405308863,"remoteIdentityKey":"BQmJUSiTsFkYcW2kpD9bpd8AHsXjZfBZ4fxXIfQV/kxG"},"_chains":{"BWCccT/JyJN1IEb/M/1qefAQHakEcIyli3Hp9Ev5MjYK":{"chainKey":{"counter":0,"key":"Go9Pyi910zKUI5a6pQHKaISTLGee9rfQQbmzrA8QLwM="},"chainType":1,"messageKeys":{}}},"pendingPreKey":{"signedKeyId":31,"baseKey":"BTI1e19ZiTXpI55TpOLSsYSN7AiPj2964FGeiGtSughu"}}},"version":"v1"}