{"_sessions":{"BRn7Y7vlB7TF9gdIhdUqBn1ySYzVYAJ2qYHrvuR3C1VR":{"registrationId":1966699104,"currentRatchet":{"ephemeralKeyPair":{"pubKey":"BTETE2C9lN1oO67idRT2BI+T2mJS7zvMycr/sNmuK6dJ","privKey":"SOTUSgaxqBXCcWs08jVNKJ1Ow4TKEDDyxhaTISoG/nQ="},"lastRemoteEphemeralKey":"BZkscZISs1t/q8wYa5uD0G9ZilsXAETX2CqOupTatKA2","previousCounter":0,"rootKey":"YvS1zfb0GL60uiyb5kDhgfILy6ZMtyIOhmdvlHJotgM="},"indexInfo":{"baseKey":"BRn7Y7vlB7TF9gdIhdUqBn1ySYzVYAJ2qYHrvuR3C1VR","baseKeyType":1,"closed":-1,"used":1692405309787,"created":1692405309787,"remoteIdentityKey":"BUGPQKvaP2FeGbH2Pvtvgm1yttwbSbW0FwjKMysIMURR"},"_chains":{"BTETE2C9lN1oO67idRT2BI+T2mJS7zvMycr/sNmuK6dJ":{"chainKey":{"counter":0,"key":"hj+ECJzY5ICR0X+7YWnnc0rkJev9T3B0vAr11ai9xBE="},"chainType":1,"messageKeys":{}}},"pendingPreKey":{"signedKeyId":10,"baseKey":"BRn7Y7vlB7TF9gdIhdUqBn1ySYzVYAJ2qYHrvuR3C1VR","preKeyId":15505311}}},"version":"v1"}