{"_sessions":{"BbR+bPZFWrHq/DE4L6aeUSjAAlyzavp/DtvlZr5lhu0N":{"registrationId":1549821387,"currentRatchet":{"ephemeralKeyPair":{"pubKey":"Bfh6xZhsEqF/3VP550pKeLXEAc8PBSmmnepr7x5dbitU","privKey":"oO4SVUqGZRHBetv/o8L4eWlHonLj3msayXbVp1yPDXw="},"lastRemoteEphemeralKey":"BdwhgEulRW4sYWQc4/mGt/NlstUMfvfrGDR78760HPsa","previousCounter":0,"rootKey":"n8FdWVPeZ7DIZEbvooykjDKl5eQtctCiiv74NF311s4="},"indexInfo":{"baseKey":"BbR+bPZFWrHq/DE4L6aeUSjAAlyzavp/DtvlZr5lhu0N","baseKeyType":1,"closed":-1,"used":1692405309020,"created":1692405309020,"remoteIdentityKey":"BRYsZKvYh0KpRsU7kBPtM1lr/7IH1ErFDubmlGQhwCg+"},"_chains":{"Bfh6xZhsEqF/3VP550pKeLXEAc8PBSmmnepr7x5dbitU":{"chainKey":{"counter":0,"key":"XEmxM/Ywc/F7huo9n32XEoPdg7Yp9pgoAgKGX64C02A="},"chainType":1,"messageKeys":{}}},"pendingPreKey":{"signedKeyId":22,"baseKey":"BbR+bPZFWrHq/DE4L6aeUSjAAlyzavp/DtvlZr5lhu0N","preKeyId":1301889}}},"version":"v1"}