{"_sessions":{"BURV76bdpCLfvqlaXoG6jBr3s1j/2jBT5Y6XtGhsuBRk":{"registrationId":11789,"currentRatchet":{"ephemeralKeyPair":{"pubKey":"BThJtdp0GLL9o/xpIJTA147h/QnGxnt3MH3Alu1uzrch","privKey":"QOheQxSdPAoxxi6KUgM7GqrzcUurG6bsCgQYy95TG0A="},"lastRemoteEphemeralKey":"BbknnstsUlf3SEpSL20wQnWdx0V7ecoLPSvcWH5vfaMe","previousCounter":0,"rootKey":"q9SwJeNBkeEcsWY8+Poa+aIia/h5MFO92AUzgPg/Yl4="},"indexInfo":{"baseKey":"BURV76bdpCLfvqlaXoG6jBr3s1j/2jBT5Y6XtGhsuBRk","baseKeyType":1,"closed":-1,"used":1692405308127,"created":1692405308127,"remoteIdentityKey":"BbyxdHenpoLTXzw3+rWiionNXHEXq8R10HX2fLx0h1Us"},"_chains":{"BThJtdp0GLL9o/xpIJTA147h/QnGxnt3MH3Alu1uzrch":{"chainKey":{"counter":0,"key":"Q7arBGZd2bO7s3OWhTdyfOy3g3rqdMQSBZJVqYUdoLY="},"chainType":1,"messageKeys":{}}},"pendingPreKey":{"signedKeyId":1,"baseKey":"BURV76bdpCLfvqlaXoG6jBr3s1j/2jBT5Y6XtGhsuBRk"}}},"version":"v1"}