{"_sessions":{"BciYJoHrWX9sh04ow53C1b0VOQjCNmiD1phIk37cjvkv":{"registrationId":1743582504,"currentRatchet":{"ephemeralKeyPair":{"pubKey":"BdWqC8dA0I85XYCbaf52nWXhQBZlCgrUwRvS9/x3UMN/","privKey":"aL99G6h/UsmBoK2DR4Pk4UkMf1HzkrnnGwjbnU4rPnQ="},"lastRemoteEphemeralKey":"BWRhOHbyqPY5qrVxXu4RKSwSmhW9x/7I0rl9Ge9yfIdC","previousCounter":0,"rootKey":"6fDi2Nr5RHcXhfi1sWJTkbA5lkb+3ax6oUPxYogPsg4="},"indexInfo":{"baseKey":"BciYJoHrWX9sh04ow53C1b0VOQjCNmiD1phIk37cjvkv","baseKeyType":1,"closed":-1,"used":1692405309743,"created":1692405309743,"remoteIdentityKey":"BW11hrHcT1C9/dGayY1xW9o5RKBh4/do59Z5WkEhE78b"},"_chains":{"BdWqC8dA0I85XYCbaf52nWXhQBZlCgrUwRvS9/x3UMN/":{"chainKey":{"counter":0,"key":"K99znID5s+TUMUKrWTBoGJaXvL+FFIGRoTt0evBCJCs="},"chainType":1,"messageKeys":{}}},"pendingPreKey":{"signedKeyId":0,"baseKey":"BciYJoHrWX9sh04ow53C1b0VOQjCNmiD1phIk37cjvkv","preKeyId":9729291}}},"version":"v1"}