{"_sessions":{"BepMzwGGV8uFIWe/FDu3S07X0oJiLmB3rCdO+iQnmo0/":{"registrationId":1289001589,"currentRatchet":{"ephemeralKeyPair":{"pubKey":"BcjA/gjdp9np6U+aU/acGNlpWrB1aGwv0kHvfueZcBAb","privKey":"2DQOfatLDU6tWAtQ+W67p0aZ5Jl5+j0kH3OHDG3OsmU="},"lastRemoteEphemeralKey":"Bch9587yNPZi/R0kVCV+YMbdUxl/BG7o/WLF5v78gUUE","previousCounter":0,"rootKey":"GesGMtpFG045Das+iZKqCOkGRxMV4x3okSXtooqrkho="},"indexInfo":{"baseKey":"BepMzwGGV8uFIWe/FDu3S07X0oJiLmB3rCdO+iQnmo0/","baseKeyType":1,"closed":-1,"used":1692405309370,"created":1692405309370,"remoteIdentityKey":"BUhlqbCx/KPSoaU6NHDBCI3b4rclCK4JGcdJApOGRZNG"},"_chains":{"BcjA/gjdp9np6U+aU/acGNlpWrB1aGwv0kHvfueZcBAb":{"chainKey":{"counter":0,"key":"DeEwhvQiAQ8ieRtXir2som0AeTcZEpHu70xDDgTNhuc="},"chainType":1,"messageKeys":{}}},"pendingPreKey":{"signedKeyId":0,"baseKey":"BepMzwGGV8uFIWe/FDu3S07X0oJiLmB3rCdO+iQnmo0/","preKeyId":15590996}}},"version":"v1"}