{"_sessions":{"Bcestb0fvUo3g6/I6h41errGyiqmZrB2eC36CGVZsloZ":{"registrationId":940913521,"currentRatchet":{"ephemeralKeyPair":{"pubKey":"BQ/caMHAnqOj1doBl7ie0mXh1ehhOF3rENb3gc1c17IF","privKey":"mOsBE39ZmLWAxJlDO34XT5VZ+aEtBKcU4Wn2M0B3Xlk="},"lastRemoteEphemeralKey":"BWHLBwAqcJDuQNwtRXnEMY2Jk3W+uw5FeX4DZrW0t9ZX","previousCounter":0,"rootKey":"BPMtX8Pdsis1hypreT27SoWKWMUJ15LeQhoZXt9lSso="},"indexInfo":{"baseKey":"Bcestb0fvUo3g6/I6h41errGyiqmZrB2eC36CGVZsloZ","baseKeyType":1,"closed":-1,"used":1692405309015,"created":1692405309015,"remoteIdentityKey":"BYOM1rvDQgbtDKH3H7Vymc9wgV6yr4T9UYpQK8z4guQU"},"_chains":{"BQ/caMHAnqOj1doBl7ie0mXh1ehhOF3rENb3gc1c17IF":{"chainKey":{"counter":0,"key":"MMADA9nGaF9DMz9nX30iXMpkbsSIMh0M0tgaE3/is8w="},"chainType":1,"messageKeys":{}}},"pendingPreKey":{"signedKeyId":1,"baseKey":"Bcestb0fvUo3g6/I6h41errGyiqmZrB2eC36CGVZsloZ","preKeyId":7064113}}},"version":"v1"}