{"_sessions":{"BVpKJBhzO3TMPfU6d+uDmTQ4vBBpPWtYQDeKB23sOk5q":{"registrationId":2013435804,"currentRatchet":{"ephemeralKeyPair":{"pubKey":"BQP0pUZUf3WFry8vxGCw9Jwc86Z5nEmwmsV9ocp+PfRg","privKey":"cBddG6xaIEPuLkq5paGh4g/KiqPEkn08kKnuCPHOglQ="},"lastRemoteEphemeralKey":"BfmWKCfK3gWB8xTF4fjUz3Cp9Z+BBp7Z0DZbkuBzNQ0B","previousCounter":0,"rootKey":"U1dK3nVL5uQ8LTljEFkyCwU8HTVC7KeSlDv5wA7aHJg="},"indexInfo":{"baseKey":"BVpKJBhzO3TMPfU6d+uDmTQ4vBBpPWtYQDeKB23sOk5q","baseKeyType":1,"closed":-1,"used":1692405308561,"created":1692405308561,"remoteIdentityKey":"BbZmgTrcOtgzuN33BTuuwC0zyuB9MEElAmezxDjOSSsb"},"_chains":{"BQP0pUZUf3WFry8vxGCw9Jwc86Z5nEmwmsV9ocp+PfRg":{"chainKey":{"counter":0,"key":"NdF7ygpM9iBFGUAduYs6JWsT7YbWkamK5S29ZXL9BA0="},"chainType":1,"messageKeys":{}}},"pendingPreKey":{"signedKeyId":0,"baseKey":"BVpKJBhzO3TMPfU6d+uDmTQ4vBBpPWtYQDeKB23sOk5q","preKeyId":3906711}}},"version":"v1"}