{"_sessions":{"BfeXPFV0i4/xX2wwW4T5Znk09wkJiHHiGxErK0WR7ClO":{"registrationId":1205539987,"currentRatchet":{"ephemeralKeyPair":{"pubKey":"BQEgZRXkqblj1gQSQbexSgkdrfpFFHcG7dGEP6Lj8AN3","privKey":"SHhupmN55rkT7My6l34yPjTkVurQhSclhkoDcjojMUo="},"lastRemoteEphemeralKey":"BT3thzqsM9CXDWojiuse3OohoIKnQQ0MICA75MVPJYwm","previousCounter":0,"rootKey":"vcf+3xsqex3WDGICP+p8hFnR+I5orlUy29j9w9p09V4="},"indexInfo":{"baseKey":"BfeXPFV0i4/xX2wwW4T5Znk09wkJiHHiGxErK0WR7ClO","baseKeyType":1,"closed":-1,"used":1692405308753,"created":1692405308753,"remoteIdentityKey":"BfRcGFLXAEp395+djUNyRE42ux/aIYJZmHcgjso8rdMT"},"_chains":{"BQEgZRXkqblj1gQSQbexSgkdrfpFFHcG7dGEP6Lj8AN3":{"chainKey":{"counter":0,"key":"m3i3t0vr0uC5+xBUkCWBXhmtDiZMaHf1eXJQe1Pk6bI="},"chainType":1,"messageKeys":{}}},"pendingPreKey":{"signedKeyId":19,"baseKey":"BfeXPFV0i4/xX2wwW4T5Znk09wkJiHHiGxErK0WR7ClO","preKeyId":2938390}}},"version":"v1"}