{"_sessions":{"Bahh+Tlk5ZK38zX9SXiKlzDA1i7v0SwbCLbdt2EXjgdR":{"registrationId":1975171917,"currentRatchet":{"ephemeralKeyPair":{"pubKey":"BY6zjCxCnICKCozpZBdz1HhudlgmLPCPqSVYZ62ylTVC","privKey":"MH0bgfZ9woMBjrKD2XsAX13xIOHlOuXmVfPdMzKr61A="},"lastRemoteEphemeralKey":"BUKO+TZ7m8Wizl0BgedPbITwaJiGLj5o0+nnWTlECelq","previousCounter":0,"rootKey":"ewpF2fmOL9mick6QPskcoUTgiaryMskOkRwsQ2Fv9ks="},"indexInfo":{"baseKey":"Bahh+Tlk5ZK38zX9SXiKlzDA1i7v0SwbCLbdt2EXjgdR","baseKeyType":1,"closed":-1,"used":1692405309192,"created":1692405309192,"remoteIdentityKey":"BfTcsl3EyhNKoE3TrC4xMKYpK1RMqyGWsclQUNVHbTsu"},"_chains":{"BY6zjCxCnICKCozpZBdz1HhudlgmLPCPqSVYZ62ylTVC":{"chainKey":{"counter":0,"key":"RPrlVhHkFp4BpEeNk3jbX4GaNzUAQNeceiMXzX1xNsc="},"chainType":1,"messageKeys":{}}},"pendingPreKey":{"signedKeyId":8,"baseKey":"Bahh+Tlk5ZK38zX9SXiKlzDA1i7v0SwbCLbdt2EXjgdR","preKeyId":16317859}}},"version":"v1"}