{"_sessions":{"BbPKz1f0pU2QhV4JaSgimqDq2Ex5q2dbqHX58YbA2tNi":{"registrationId":644245476,"currentRatchet":{"ephemeralKeyPair":{"pubKey":"Bbn7Q/B9YL0aiIgBmqv4pwvIFiRS9QHBniFv5lz/0+5z","privKey":"2CNghbcbtUajC4s4eg5Jl6nzjeOHOFFuH4UyhpGz7Xk="},"lastRemoteEphemeralKey":"BdbRi7ur5NBOmxFVetrVffg/AyAVb/myH4tN1t0dk0dB","previousCounter":0,"rootKey":"eeeMwOKPMOB846RFrIxLCcZmD8QARiAIGtUxE/swt9A="},"indexInfo":{"baseKey":"BbPKz1f0pU2QhV4JaSgimqDq2Ex5q2dbqHX58YbA2tNi","baseKeyType":1,"closed":-1,"used":1692405308588,"created":1692405308588,"remoteIdentityKey":"BfpkGwH1o+OxB27iHWaH7kNxHEyITbkXdoGYQzf6Zdds"},"_chains":{"Bbn7Q/B9YL0aiIgBmqv4pwvIFiRS9QHBniFv5lz/0+5z":{"chainKey":{"counter":0,"key":"fwRWu4+Y+vToIvAg3/KAcHmGwbTieQixH9uA9WbwjlY="},"chainType":1,"messageKeys":{}}},"pendingPreKey":{"signedKeyId":1,"baseKey":"BbPKz1f0pU2QhV4JaSgimqDq2Ex5q2dbqHX58YbA2tNi","preKeyId":15340152}}},"version":"v1"}