{"_sessions":{"BeBZoy0ya9MERLyDJiVibY442VMA5KfBQr56/E7n8KVc":{"registrationId":1079690661,"currentRatchet":{"ephemeralKeyPair":{"pubKey":"BXQJ5ouaws60G6r9b0TyBB2R008A2Y2FsawWCafG+RpH","privKey":"uJXc8P802sDMDVMVH4QT8lYnv8/nYL6usP62Tckin0Q="},"lastRemoteEphemeralKey":"Bb3XSReTpuQHOk6ytruOFzHVQg/qsyHvz271y7hXWGZW","previousCounter":0,"rootKey":"h6WZZBC0CWQAcBCbq1u4tAl0hVUu03Y0VGeJDIU47M4="},"indexInfo":{"baseKey":"BeBZoy0ya9MERLyDJiVibY442VMA5KfBQr56/E7n8KVc","baseKeyType":1,"closed":-1,"used":1692405309120,"created":1692405309120,"remoteIdentityKey":"BUmgozvveB6hmYtRVaxJjvszt/EWWP3UTqyUTgUqyRBy"},"_chains":{"BXQJ5ouaws60G6r9b0TyBB2R008A2Y2FsawWCafG+RpH":{"chainKey":{"counter":0,"key":"GTVHCAiW7DLI+RkK5bLOrHph/4E/YLk6OtHM+tb8OeQ="},"chainType":1,"messageKeys":{}}},"pendingPreKey":{"signedKeyId":1,"baseKey":"BeBZoy0ya9MERLyDJiVibY442VMA5KfBQr56/E7n8KVc","preKeyId":1919750}}},"version":"v1"}