{"_sessions":{"Bcw3AvTgdkdHJrQUAmeulKdZPqqb2MW8BvHkNnaEM6JZ":{"registrationId":1857379260,"currentRatchet":{"ephemeralKeyPair":{"pubKey":"Bb+SMdIH/pXquWU8CxCUJEQc+JOONd4FX2PWChuCl/Vd","privKey":"sE9rkPAf7WYPbrel2xa2BnsqkYcgU1GWJ5/5NZoupHk="},"lastRemoteEphemeralKey":"Bfd2floA/faGiRDqMXVesRq0wJUpXw0Ma82LT3Gw1Ltp","previousCounter":0,"rootKey":"kQLaHOlJ9vrqWeNYLYybDTGEeawqg+WmzaJtlt/2hyg="},"indexInfo":{"baseKey":"Bcw3AvTgdkdHJrQUAmeulKdZPqqb2MW8BvHkNnaEM6JZ","baseKeyType":1,"closed":-1,"used":1692405309645,"created":1692405309645,"remoteIdentityKey":"BQIUz8FMQjtgoB6eutA0INLTqXeeDzLA8w2xQtpOuCoY"},"_chains":{"Bb+SMdIH/pXquWU8CxCUJEQc+JOONd4FX2PWChuCl/Vd":{"chainKey":{"counter":0,"key":"GVBwtvuVFwEsdtmJ4B9MuOnW6Qru2nPkc1Cen+f/35Y="},"chainType":1,"messageKeys":{}}},"pendingPreKey":{"signedKeyId":0,"baseKey":"Bcw3AvTgdkdHJrQUAmeulKdZPqqb2MW8BvHkNnaEM6JZ","preKeyId":10343494}}},"version":"v1"}