{"_sessions":{"BRn6JRFKPHieco+7F/Kceq0OLVwncQ21t1WbMjk5qq5C":{"registrationId":166458516,"currentRatchet":{"ephemeralKeyPair":{"pubKey":"BdeksmMY3dD8wwiMQGRvXngEnWQoK/fSeTySulNZLLJd","privKey":"oG9ROBXD2h+fSYq8DD9Q1Yw1/RxPYGBiEHI9qflKTXg="},"lastRemoteEphemeralKey":"BYG6jg2e8nMHBSxAkKByaPkQN6TgPripMeud87aJ4U58","previousCounter":0,"rootKey":"EkSAoWNaaeUf8YSEZYzkNg3C0w1hgmA3hYClBW4YvGw="},"indexInfo":{"baseKey":"BRn6JRFKPHieco+7F/Kceq0OLVwncQ21t1WbMjk5qq5C","baseKeyType":1,"closed":-1,"used":1692405310131,"created":1692405310131,"remoteIdentityKey":"BV7+sv2Imf/cuNT88OfUQNLhReh51KbRNphq6MKUI7UB"},"_chains":{"BdeksmMY3dD8wwiMQGRvXngEnWQoK/fSeTySulNZLLJd":{"chainKey":{"counter":0,"key":"cYgYFkS+pNA7Jo7iBkW8D970vkDqSoE3COMIwGCau/c="},"chainType":1,"messageKeys":{}}},"pendingPreKey":{"signedKeyId":1,"baseKey":"BRn6JRFKPHieco+7F/Kceq0OLVwncQ21t1WbMjk5qq5C"}}},"version":"v1"}