{"_sessions":{"Bdn84ZcUMrjnNBw5/iw5LZJcwrekN+4993GYsldXggMc":{"registrationId":998253452,"currentRatchet":{"ephemeralKeyPair":{"pubKey":"BaupfeJC9DcpW4DVr4/CNUQ08RwNruSNi6OHSjkidN9/","privKey":"UP5habmRFCgLjacsg1Y+aMWIO+LZLhPBWLRewxUHjFI="},"lastRemoteEphemeralKey":"BbwtUd78X/YQzDzXasVNlSJLjb+KDQI3p0O549lDdgxu","previousCounter":0,"rootKey":"UKrCjBWrkm+2qAh3xPB/dMtdehm85hWUNpP6Gm2/IN8="},"indexInfo":{"baseKey":"Bdn84ZcUMrjnNBw5/iw5LZJcwrekN+4993GYsldXggMc","baseKeyType":1,"closed":-1,"used":1692405309662,"created":1692405309662,"remoteIdentityKey":"BV7PcJzdOiDRV39Lhm7Ie6P0sZ1qaaLd2/pB08E1nB1d"},"_chains":{"BaupfeJC9DcpW4DVr4/CNUQ08RwNruSNi6OHSjkidN9/":{"chainKey":{"counter":0,"key":"ES1lqwGrmp+pmxgSYUtOaeL5zE7AdqmmoNfveF2Nv/E="},"chainType":1,"messageKeys":{}}},"pendingPreKey":{"signedKeyId":12,"baseKey":"Bdn84ZcUMrjnNBw5/iw5LZJcwrekN+4993GYsldXggMc","preKeyId":15789801}}},"version":"v1"}