{"_sessions":{"BdWQwnUKR019WpZTMXcNnYVNdw3lXPaDkuxIUC/yNZV9":{"registrationId":1072067857,"currentRatchet":{"ephemeralKeyPair":{"pubKey":"BWonQnnY1wEJ/0C1lzMZwiwwCMGsvfbvGCbhqd4p0V0u","privKey":"0NOel28EW3oEG5sqia8NY0Okh2ibRBAIK85LoYVTCUI="},"lastRemoteEphemeralKey":"BZFfNZ2VuGWqQy1M+oyZaCvvkO8JM3UbtD8BXP1WdloE","previousCounter":0,"rootKey":"vgEEBezvFS57YJGcE0N980pH5SJQ8w8IL2dZ/yULZWQ="},"indexInfo":{"baseKey":"BdWQwnUKR019WpZTMXcNnYVNdw3lXPaDkuxIUC/yNZV9","baseKeyType":1,"closed":-1,"used":1692405309515,"created":1692405309515,"remoteIdentityKey":"BTeUO59Gqt+9bPwh0/gNQZXBJQk9Hsegm5FKqf56c0wS"},"_chains":{"BWonQnnY1wEJ/0C1lzMZwiwwCMGsvfbvGCbhqd4p0V0u":{"chainKey":{"counter":0,"key":"mPiboo9ez4+aEIrEqI54szCSE52Og3QaLWbn0tZQ/wo="},"chainType":1,"messageKeys":{}}},"pendingPreKey":{"signedKeyId":0,"baseKey":"BdWQwnUKR019WpZTMXcNnYVNdw3lXPaDkuxIUC/yNZV9","preKeyId":10267405}}},"version":"v1"}