{"_sessions":{"BavUdmMGfiWz6woFkKKOuqIOFtsKvq4KOfVW2eGzWBIm":{"registrationId":1833345491,"currentRatchet":{"ephemeralKeyPair":{"pubKey":"BVO5NYVUnyXP5wuf9WInJ64Y7wYP3TZTZWPmrtX9jiI4","privKey":"eHifavPaRvfRr5sdBTLo0JE0f41EO8ogypDm8IK/9ls="},"lastRemoteEphemeralKey":"BVsMvAgeLS0kgG8wUjP/e90CCOUvnW0MnTy3wjskCvwG","previousCounter":0,"rootKey":"x/Nf1QEClzpDIwxF7ce+rYuE9PSNgn9qpd+ff614/z8="},"indexInfo":{"baseKey":"BavUdmMGfiWz6woFkKKOuqIOFtsKvq4KOfVW2eGzWBIm","baseKeyType":1,"closed":-1,"used":1692405310538,"created":1692405310538,"remoteIdentityKey":"BSIOhkp9zd8JPG/fjt8SlxDzwIRfjbHqPo5x6/hXODwY"},"_chains":{"BVO5NYVUnyXP5wuf9WInJ64Y7wYP3TZTZWPmrtX9jiI4":{"chainKey":{"counter":0,"key":"grcsZuykRilNUSIq7KqE7JXURJOeAq+qhwkx4eOF5b0="},"chainType":1,"messageKeys":{}}},"pendingPreKey":{"signedKeyId":32,"baseKey":"BavUdmMGfiWz6woFkKKOuqIOFtsKvq4KOfVW2eGzWBIm","preKeyId":15822632}}},"version":"v1"}