{"_sessions":{"BRNVyrGAMh9/Bt3jXjR7Qb38dr5mlLaJ77hhkbvkJRgm":{"registrationId":60,"currentRatchet":{"ephemeralKeyPair":{"pubKey":"BTzzBf7DTh5zGoKeWBnRYB5ko48F7PdCPAsuDWRsOVQO","privKey":"iIwEa9PSgsIw3yR9uUcG9t0ej8LNfn0dsJTSou14fWQ="},"lastRemoteEphemeralKey":"BZnxD0fb3H/J5nvHLl/bfsqGOL5YICMTZUSJBDnfYbdJ","previousCounter":0,"rootKey":"BlxeZsI9uP+SzN8ow2y9AqlDvY2Xu0uVSMR1gsY0IU0="},"indexInfo":{"baseKey":"BRNVyrGAMh9/Bt3jXjR7Qb38dr5mlLaJ77hhkbvkJRgm","baseKeyType":1,"closed":-1,"used":1692405308385,"created":1692405308385,"remoteIdentityKey":"BekFcDkNYU03wI1C79PWr341eF0WX7rS2nAP45UdLn9B"},"_chains":{"BTzzBf7DTh5zGoKeWBnRYB5ko48F7PdCPAsuDWRsOVQO":{"chainKey":{"counter":0,"key":"5gA2QkXcW2wFDjc1oiahOd2Cu8LHdK5RpTPv/ru/IkE="},"chainType":1,"messageKeys":{}}},"pendingPreKey":{"signedKeyId":1,"baseKey":"BRNVyrGAMh9/Bt3jXjR7Qb38dr5mlLaJ77hhkbvkJRgm"}}},"version":"v1"}