{"_sessions":{"BTR/0Nog7FzN8UmHAYnmHQ5F/Aq/+/x3EkcaXGr7oept":{"registrationId":27475965,"currentRatchet":{"ephemeralKeyPair":{"pubKey":"BWWQZfAySuerholgk6MafF0Gu91ghmCo/RhyP4teTptb","privKey":"EC0zAMzJl7J9Qs3stf1SE2/a+2SqO3dFrmzhCvUe+Ww="},"lastRemoteEphemeralKey":"BYFn3QsblnZ/+4EHU9Zxwjvs2PtX3tEbvOhQ9WmLkOBR","previousCounter":0,"rootKey":"CIlSYj344oATJgyK59b8wMaAAxchLJ26r+j1CMj1LbQ="},"indexInfo":{"baseKey":"BTR/0Nog7FzN8UmHAYnmHQ5F/Aq/+/x3EkcaXGr7oept","baseKeyType":1,"closed":-1,"used":1692405310147,"created":1692405310147,"remoteIdentityKey":"BcMD42TNvoU5n6RnHL3JgAVsrH4btUXmIsTtKYT/uYJC"},"_chains":{"BWWQZfAySuerholgk6MafF0Gu91ghmCo/RhyP4teTptb":{"chainKey":{"counter":0,"key":"JbGyqEyvrLE02zuXf9m9CkNKMUQB3El/YShlDXLDyoI="},"chainType":1,"messageKeys":{}}},"pendingPreKey":{"signedKeyId":6,"baseKey":"BTR/0Nog7FzN8UmHAYnmHQ5F/Aq/+/x3EkcaXGr7oept","preKeyId":1259053}}},"version":"v1"}