{"_sessions":{"BcHm8zmW+ebZdC4Y8WRVUoMugyPhsK5/iCfpDAf/5ttq":{"registrationId":146534264,"currentRatchet":{"ephemeralKeyPair":{"pubKey":"BaFQALL6rCcwgQMAlZDU++ZtoXSfltZLpmCXd9QrMWUi","privKey":"gOoHc0b+CdqIivcsbfeHk11BUy309L3ejg138cSWsHs="},"lastRemoteEphemeralKey":"BU9lt84Ch6JRtweXI0mwzPb82zXEKySg/TnG4nILHNJp","previousCounter":0,"rootKey":"bTy4AnmGSe4rWRVGLnjvcoQvC0RO9XLo7uS28rxXorc="},"indexInfo":{"baseKey":"BcHm8zmW+ebZdC4Y8WRVUoMugyPhsK5/iCfpDAf/5ttq","baseKeyType":1,"closed":-1,"used":1692405308788,"created":1692405308788,"remoteIdentityKey":"Bd/wsQ5TU8aevBKBMIE05YQol9R2fDKAv4SBvofivetz"},"_chains":{"BaFQALL6rCcwgQMAlZDU++ZtoXSfltZLpmCXd9QrMWUi":{"chainKey":{"counter":0,"key":"gI476KR0/m2jaOTjWiyiancoH0Ql2AXh8z6y26m32GU="},"chainType":1,"messageKeys":{}}},"pendingPreKey":{"signedKeyId":2,"baseKey":"BcHm8zmW+ebZdC4Y8WRVUoMugyPhsK5/iCfpDAf/5ttq","preKeyId":16102785}}},"version":"v1"}