{"_sessions":{"Bcz5ZllFynrrwb2u+zvO8wp324hgLe6rV80cROylXF1X":{"registrationId":977548640,"currentRatchet":{"ephemeralKeyPair":{"pubKey":"BRjDB0+71us6b15xpo8x+c/w6egKp4L0NfxpuomNML9J","privKey":"qKOj6Y4Yj2EfF0KtjCzel3Ew7AUaPsw7SjrD7sdq9Hw="},"lastRemoteEphemeralKey":"BeqRsDZl5WbTeneCA84lWM8oU9Rox3fr+WLIIYgm0Txe","previousCounter":0,"rootKey":"FDAErwmJNlBsmHKLTDUPDQ1zUCGGhqWFtM7dfiY1M5c="},"indexInfo":{"baseKey":"Bcz5ZllFynrrwb2u+zvO8wp324hgLe6rV80cROylXF1X","baseKeyType":1,"closed":-1,"used":1692405308540,"created":1692405308540,"remoteIdentityKey":"BSFtdHuviwSH3vmL/HKtJ/xHpMWRfLR2DgvNkOGgN4UX"},"_chains":{"BRjDB0+71us6b15xpo8x+c/w6egKp4L0NfxpuomNML9J":{"chainKey":{"counter":0,"key":"lTeaihCsuJoiQspopflJD2kBbn5D+1I61VV8M4jOY34="},"chainType":1,"messageKeys":{}}},"pendingPreKey":{"signedKeyId":0,"baseKey":"Bcz5ZllFynrrwb2u+zvO8wp324hgLe6rV80cROylXF1X"}}},"version":"v1"}