{"_sessions":{"BSjsmfgmcyaiGU0WP4px9eNBTxIg4mq49It2FThyabNc":{"registrationId":896353151,"currentRatchet":{"ephemeralKeyPair":{"pubKey":"BSeA7a2tcFwrevnaio5u/a0M/H1vEgS35Lp6bPxZYk4Z","privKey":"KLGNYy7TLTVj6APdqfhMxooZB1FdFvrUoWc5CKExhE4="},"lastRemoteEphemeralKey":"Bfi95sTcc7+FKBPUqsxZ6q3Pa4y72heRKpfWS0rbgbdJ","previousCounter":0,"rootKey":"do9tsunthHYfqv1kIA6/TGI4orinbk18TRf5o7b2fVQ="},"indexInfo":{"baseKey":"BSjsmfgmcyaiGU0WP4px9eNBTxIg4mq49It2FThyabNc","baseKeyType":1,"closed":-1,"used":1692405309994,"created":1692405309994,"remoteIdentityKey":"BchTzv4RexIi0S/qiF4dzMMXjb4hbXxyygDP4djIXj47"},"_chains":{"BSeA7a2tcFwrevnaio5u/a0M/H1vEgS35Lp6bPxZYk4Z":{"chainKey":{"counter":0,"key":"UUXIxuqfBROEOPMvBamrAFB1OOLgVlutUgj56Wwl7o4="},"chainType":1,"messageKeys":{}}},"pendingPreKey":{"signedKeyId":32,"baseKey":"BSjsmfgmcyaiGU0WP4px9eNBTxIg4mq49It2FThyabNc","preKeyId":5508671}}},"version":"v1"}