{"_sessions":{"BVtxxq6rB1N4jI1RKFASL79Qi9xwiTNLglFvmeQ6xopR":{"registrationId":526166799,"currentRatchet":{"ephemeralKeyPair":{"pubKey":"BQ3Q0ibFBbB28hfPDynV7jg5NdqheUrNGYheylWQXlFs","privKey":"SBacIKmtXwkYxAIhuGcehYLb4mwQNhTFlc8HMb1VknY="},"lastRemoteEphemeralKey":"BVt87IVjS41kwEYkg86W6ay4xsjSCw/D/u0PpgWWTCRV","previousCounter":0,"rootKey":"dWehKtkbXj+WhOSj2EbuWcd3HX3eneoNTeOwI8D9l/E="},"indexInfo":{"baseKey":"BVtxxq6rB1N4jI1RKFASL79Qi9xwiTNLglFvmeQ6xopR","baseKeyType":1,"closed":-1,"used":1692405309085,"created":1692405309085,"remoteIdentityKey":"BYa94aFilEbpj5hWFv1AHC+SK+UL1qOxBl1yA3hM/vNW"},"_chains":{"BQ3Q0ibFBbB28hfPDynV7jg5NdqheUrNGYheylWQXlFs":{"chainKey":{"counter":0,"key":"ri0JrNybb0z5EectQmLZXjjdUu0Kz/bL8tPNXosCkNw="},"chainType":1,"messageKeys":{}}},"pendingPreKey":{"signedKeyId":13,"baseKey":"BVtxxq6rB1N4jI1RKFASL79Qi9xwiTNLglFvmeQ6xopR","preKeyId":6551235}}},"version":"v1"}