{"_sessions":{"BeRZrA8qU/4UkDibD5e4QfaRqGtqj+nCF2YBy43yq3hd":{"registrationId":858611800,"currentRatchet":{"ephemeralKeyPair":{"pubKey":"Ba9AJpltFTqxCJsneQhB9CvgPuCPZbXjUP+jwv8/UnVP","privKey":"SK1PaDoTbZPgbJWZEA2EI0GzejGe4g2r3aVFW2SDtUo="},"lastRemoteEphemeralKey":"BfRdIkQASg4p0jgqWJ2tI32h0m29+ySJhdsO30tf5ARK","previousCounter":0,"rootKey":"7D630yMHeyqcHAXGTDVhSkzpQ06natGPgkmZAGV8hoI="},"indexInfo":{"baseKey":"BeRZrA8qU/4UkDibD5e4QfaRqGtqj+nCF2YBy43yq3hd","baseKeyType":1,"closed":-1,"used":1692405309770,"created":1692405309770,"remoteIdentityKey":"BaHlzABZIMFptW6cli6+tQiHQHl875km13bZNQfHeYZv"},"_chains":{"Ba9AJpltFTqxCJsneQhB9CvgPuCPZbXjUP+jwv8/UnVP":{"chainKey":{"counter":0,"key":"CFCNi2MOxo8b5dneCLr7BjuKascrcTeFM8ZCHRpq/J4="},"chainType":1,"messageKeys":{}}},"pendingPreKey":{"signedKeyId":1,"baseKey":"BeRZrA8qU/4UkDibD5e4QfaRqGtqj+nCF2YBy43yq3hd","preKeyId":8833481}}},"version":"v1"}