{"_sessions":{"BSAZjmWtPKGRsKk2Dv4k00LJz5LFrj/lLMqavx7Ua2tS":{"registrationId":416920306,"currentRatchet":{"ephemeralKeyPair":{"pubKey":"BemvVgxObbvOzFCcOU3buEzFz/j1DSjhh+HPpRbNi7lv","privKey":"OAvI4uKjMHL1qAzA7kJaR8OnIgpbZYRo7YTNAT0Er1A="},"lastRemoteEphemeralKey":"BRnU0bfk4pCqFHonlSLTwmoOo8OKAisjRjCu0dSN3Uha","previousCounter":0,"rootKey":"WGJFWBs1EkLIN6u+UZNpBJH7Esqe6/IPkGQcbRTbO30="},"indexInfo":{"baseKey":"BSAZjmWtPKGRsKk2Dv4k00LJz5LFrj/lLMqavx7Ua2tS","baseKeyType":1,"closed":-1,"used":1692405310410,"created":1692405310410,"remoteIdentityKey":"BT12MzCwz2pT4M500jSqfLzlfK9zW4brn4MavovehjUo"},"_chains":{"BemvVgxObbvOzFCcOU3buEzFz/j1DSjhh+HPpRbNi7lv":{"chainKey":{"counter":0,"key":"gn1w6v18w5A4dVS558kNpzNrLAYLx9nXmQrcAuKKzRc="},"chainType":1,"messageKeys":{}}},"pendingPreKey":{"signedKeyId":1,"baseKey":"BSAZjmWtPKGRsKk2Dv4k00LJz5LFrj/lLMqavx7Ua2tS","preKeyId":2988434}}},"version":"v1"}