{"_sessions":{"Ba/kwSeMHKVT57J/d0O+oLg5md4hDCm1aNw9A+RueewF":{"registrationId":551680234,"currentRatchet":{"ephemeralKeyPair":{"pubKey":"Bd41pmRxX6qmw02GHhVtxc8UaWt54JQZu92hi0M8uulb","privKey":"YEKlXEtOUfj1n4uo8RHn22wLEc0+WdjfPwtjebToGlU="},"lastRemoteEphemeralKey":"Bb1ECXGk8HWXxnfD82vr9biJ5G2A8LruTY7Mp7o8LV1d","previousCounter":0,"rootKey":"/xhiCEjR6D4xNOEFAGFGgrxsuICrjq6fvItAlzChti0="},"indexInfo":{"baseKey":"Ba/kwSeMHKVT57J/d0O+oLg5md4hDCm1aNw9A+RueewF","baseKeyType":1,"closed":-1,"used":1692405309441,"created":1692405309441,"remoteIdentityKey":"BXv35uqucaOW9SxuE83DcdP9aVUnyrP16KR3VAvsIrMW"},"_chains":{"Bd41pmRxX6qmw02GHhVtxc8UaWt54JQZu92hi0M8uulb":{"chainKey":{"counter":0,"key":"/tacDcVAkYOcNy8/3PN4ky5ROZmlR/dkhsDzD27K37Q="},"chainType":1,"messageKeys":{}}},"pendingPreKey":{"signedKeyId":20,"baseKey":"Ba/kwSeMHKVT57J/d0O+oLg5md4hDCm1aNw9A+RueewF","preKeyId":14723699}}},"version":"v1"}