{"_sessions":{"BSZvnxmO2FQGI/lIUw4iOxIBRPILEm/4woar4/rhFSFe":{"registrationId":2010708835,"currentRatchet":{"ephemeralKeyPair":{"pubKey":"BTSk+ZGNjYQGa5intd4uSi3YyXx9xjdmigwhiIEypE1o","privKey":"SI1Ai8kePMJ7u0cTTWEWNiEg4EM37IKNXETuMdnr/3s="},"lastRemoteEphemeralKey":"BWv62oT2kWmXoA/OHgNbG8xYN1YyqDQPaGSmICnxmCAw","previousCounter":0,"rootKey":"SschoEEoI7TN95JwlOToqXsyXEGWSKRFFJIBVxWVsT4="},"indexInfo":{"baseKey":"BSZvnxmO2FQGI/lIUw4iOxIBRPILEm/4woar4/rhFSFe","baseKeyType":1,"closed":-1,"used":1692405309827,"created":1692405309827,"remoteIdentityKey":"BXXLeN6lbsZrcYkqrqpGm2IrCk6/+1DGdIsjIgXEXYdy"},"_chains":{"BTSk+ZGNjYQGa5intd4uSi3YyXx9xjdmigwhiIEypE1o":{"chainKey":{"counter":0,"key":"TmrN+xpHWjoTvZmyFcSpeVvMpF/cPIhOg8sHps1F7yI="},"chainType":1,"messageKeys":{}}},"pendingPreKey":{"signedKeyId":6,"baseKey":"BSZvnxmO2FQGI/lIUw4iOxIBRPILEm/4woar4/rhFSFe","preKeyId":15777415}}},"version":"v1"}