{"_sessions":{"Bb6zFEYD2Iu6N64jj4rF/QzGVsRYYPOeymK08675/6Iq":{"registrationId":1404943731,"currentRatchet":{"ephemeralKeyPair":{"pubKey":"BTpjpIerJe8QX97VLH98cKviQwJuQwIxO04onjRrc/tY","privKey":"AKKsUJIYdhP1MiziWZuyBnwAW6970CGq2i67LUDsg1s="},"lastRemoteEphemeralKey":"Bcc5Us0CEvRb9AgEUE0aUvhEsMPNysTF5i/QO6nPYz4g","previousCounter":0,"rootKey":"JFHFGtR4/9Yx7A0xvmCMlaJKciph4o20yA7aEkw3A9M="},"indexInfo":{"baseKey":"Bb6zFEYD2Iu6N64jj4rF/QzGVsRYYPOeymK08675/6Iq","baseKeyType":1,"closed":-1,"used":1692405308889,"created":1692405308889,"remoteIdentityKey":"Bb09vXHgHg+cAKU/+XkUloLbeGnrPL5ufDSXLYT2/r9n"},"_chains":{"BTpjpIerJe8QX97VLH98cKviQwJuQwIxO04onjRrc/tY":{"chainKey":{"counter":0,"key":"uRn6he6PA2VYkUI5RcgRZsJthqqDqNjJd/uT93o7JBA="},"chainType":1,"messageKeys":{}}},"pendingPreKey":{"signedKeyId":4,"baseKey":"Bb6zFEYD2Iu6N64jj4rF/QzGVsRYYPOeymK08675/6Iq"}}},"version":"v1"}