{"_sessions":{"BT6r2k3IJGdYUVJ5VbZhDO9gs/6mukhvJrmPp3RO0FoW":{"registrationId":12079,"currentRatchet":{"ephemeralKeyPair":{"pubKey":"BTVTKNyoEDV7x+4QsF/s5uVn/T47JwvEL9f5ZDiZduB1","privKey":"WKedsymEL2jb1ELwJ7PPVEGxSRG0PrUoHyVV3bGpnl4="},"lastRemoteEphemeralKey":"BaluouSbdpF1suk92GLlJtoqP1p1wJgd82zF+OtooQwo","previousCounter":0,"rootKey":"Jch1U3gzPRl/x1iNXx0Fws7SJjog14N8Z2pStgC49iU="},"indexInfo":{"baseKey":"BT6r2k3IJGdYUVJ5VbZhDO9gs/6mukhvJrmPp3RO0FoW","baseKeyType":1,"closed":-1,"used":1692405308177,"created":1692405308177,"remoteIdentityKey":"Bbza/1fR03WtO+++NujBVv09Y9YgNJi/FvcV5LJH+WYz"},"_chains":{"BTVTKNyoEDV7x+4QsF/s5uVn/T47JwvEL9f5ZDiZduB1":{"chainKey":{"counter":0,"key":"bPoFxCfhqaJVk9Ls8Sz+jz8uXYjtrpfrbuxsBGV02i8="},"chainType":1,"messageKeys":{}}},"pendingPreKey":{"signedKeyId":1,"baseKey":"BT6r2k3IJGdYUVJ5VbZhDO9gs/6mukhvJrmPp3RO0FoW","preKeyId":1783}}},"version":"v1"}