{"_sessions":{"BX+JaptWQGRWuZnRWyPwkKgFORls7LQoNLabxb3JAwQR":{"registrationId":355434635,"currentRatchet":{"ephemeralKeyPair":{"pubKey":"BZvRuk+0Y5N+TGOPSuk09wb2KkLEs4S6BkDSVMLjaeE4","privKey":"UPanmzhvmfWqJ+BTqQO/ObG5ojjTjvd6Bg5C2+ffrHA="},"lastRemoteEphemeralKey":"Be8sSxjAIDg+JraKBbpsaV1X+aMckZWDsx67BN02oiFh","previousCounter":0,"rootKey":"XzJ/FR0KvbEvhDjl76vpuhi55Y8BLf2cUWisWVjIR8g="},"indexInfo":{"baseKey":"BX+JaptWQGRWuZnRWyPwkKgFORls7LQoNLabxb3JAwQR","baseKeyType":1,"closed":-1,"used":1692405309233,"created":1692405309233,"remoteIdentityKey":"BdDxMAycaUxMTsP5yw9eyfdhx9du6FkO+3g3R688ojYB"},"_chains":{"BZvRuk+0Y5N+TGOPSuk09wb2KkLEs4S6BkDSVMLjaeE4":{"chainKey":{"counter":0,"key":"kj0vXQEPdePShZwt7mHBTnCBiAmBTEFqhxKBSYinmuU="},"chainType":1,"messageKeys":{}}},"pendingPreKey":{"signedKeyId":52,"baseKey":"BX+JaptWQGRWuZnRWyPwkKgFORls7LQoNLabxb3JAwQR","preKeyId":12508194}}},"version":"v1"}