{"_sessions":{"BdUJYjdb3RqWdY+vupPutxEFyy2j9pizUJZ9SBWiNLQ0":{"registrationId":1087947425,"currentRatchet":{"ephemeralKeyPair":{"pubKey":"BUWZJ6325TQmkOc7akZVFNVfMhDAbmL6hETW292PB5I/","privKey":"oHj7zj84XpeN4nzShuEqdlv5+QSkfOMmPNvKGERxTH0="},"lastRemoteEphemeralKey":"BRVN724Ec9/oalTG4BV9a/cA3mTZlWPOHPjQi0LSu+J0","previousCounter":0,"rootKey":"pUAtCiwaRpd3vj6AqW6LEYF0IyU8QtYrXFgfWB5pEOY="},"indexInfo":{"baseKey":"BdUJYjdb3RqWdY+vupPutxEFyy2j9pizUJZ9SBWiNLQ0","baseKeyType":1,"closed":-1,"used":1692405308770,"created":1692405308770,"remoteIdentityKey":"Bf5igWGuh67jmdHo74NQpPUixz1pcNAkRy9+pPNJ7ndx"},"_chains":{"BUWZJ6325TQmkOc7akZVFNVfMhDAbmL6hETW292PB5I/":{"chainKey":{"counter":0,"key":"PDJGUKUnpUm4/4aZRe8WF6vzMczwzDsSIYOBP64qTNA="},"chainType":1,"messageKeys":{}}},"pendingPreKey":{"signedKeyId":1,"baseKey":"BdUJYjdb3RqWdY+vupPutxEFyy2j9pizUJZ9SBWiNLQ0","preKeyId":3368383}}},"version":"v1"}