{"_sessions":{"BfeICBsH/0HJauODuOKlzHVIh0VXQBTK5zXklZEujRYK":{"registrationId":9696,"currentRatchet":{"ephemeralKeyPair":{"pubKey":"BYDhjQw/tbFDXlOq7gxxrN4qJCeM5IVqgND0II8k5Wxo","privKey":"WJ+kdPD7cxCjNPVw3L9wkHI/FCr0bZBjoJJs26ybnkk="},"lastRemoteEphemeralKey":"BfOz1ykh1bxi9JBByy2LnCVUJHT1goHQIBvyY1LwGoFd","previousCounter":0,"rootKey":"JzmR+UVu/28IcbTrp3i2h7SkUri1OVM8bBFjBLZyGq0="},"indexInfo":{"baseKey":"BfeICBsH/0HJauODuOKlzHVIh0VXQBTK5zXklZEujRYK","baseKeyType":1,"closed":-1,"used":1692405308281,"created":1692405308281,"remoteIdentityKey":"BRtI8ZIe4pB780Ud+Qm8T8PjHYIqOk4MBapYsxPaZ5sT"},"_chains":{"BYDhjQw/tbFDXlOq7gxxrN4qJCeM5IVqgND0II8k5Wxo":{"chainKey":{"counter":0,"key":"vN7a+Rv37QzVvXjGwSJtlc/AeEncG7lEH52lM5NL/7M="},"chainType":1,"messageKeys":{}}},"pendingPreKey":{"signedKeyId":6,"baseKey":"BfeICBsH/0HJauODuOKlzHVIh0VXQBTK5zXklZEujRYK"}}},"version":"v1"}