{"_sessions":{"BSpZ0EPLkucm6B6osiw88dK5mRnO01R/pYdUBpqCxj91":{"registrationId":112031784,"currentRatchet":{"ephemeralKeyPair":{"pubKey":"BaCWlcjbek3ESTnPlUW4Le8TMjX01IOmc9XGTo4Y0VQn","privKey":"EPHYvr4sKB638HnDB8Djp0i7JWbk0q40+3ejlSNCq0k="},"lastRemoteEphemeralKey":"BesQ81ceUNvqDLyb4TuUVd3I9ck/SNJVUD8C9wzLEKNf","previousCounter":0,"rootKey":"tUKusOnSkHDcgc5vcLbaoC5EYXHtw7OPzJoULdI/s4g="},"indexInfo":{"baseKey":"BSpZ0EPLkucm6B6osiw88dK5mRnO01R/pYdUBpqCxj91","baseKeyType":1,"closed":-1,"used":1692405309687,"created":1692405309687,"remoteIdentityKey":"Bdm8TYwJnDRfRMx7d3FrEriKflsupmZc2+OCDWn7tbE2"},"_chains":{"BaCWlcjbek3ESTnPlUW4Le8TMjX01IOmc9XGTo4Y0VQn":{"chainKey":{"counter":0,"key":"6TBf1Q5MZxkzRpt5vDuDMvcI+q0mr4VbyWNNo0wr0qQ="},"chainType":1,"messageKeys":{}}},"pendingPreKey":{"signedKeyId":1,"baseKey":"BSpZ0EPLkucm6B6osiw88dK5mRnO01R/pYdUBpqCxj91","preKeyId":3944472}}},"version":"v1"}