{"_sessions":{"BchBGc2q24Vy5jirA4N113yO8F/2k3nAYLKRbpZ06vsq":{"registrationId":1726344859,"currentRatchet":{"ephemeralKeyPair":{"pubKey":"BU4iLlwqEdIQPJOeDVK1+Q8wxU8FBuF07OScAPy/F9YM","privKey":"UJ6djlgJTmv0kPU2lFt4xAvp8NLg6aLPWnHLideGg1g="},"lastRemoteEphemeralKey":"BcPj+L+MuliQiJzldsUjdAHA2vmFjxUIgn50o2qKxXx0","previousCounter":0,"rootKey":"nbGdSaoWFg6ZG+iuWu1Rbo3Cw9TXKyhoyKlDDA1+Hms="},"indexInfo":{"baseKey":"BchBGc2q24Vy5jirA4N113yO8F/2k3nAYLKRbpZ06vsq","baseKeyType":1,"closed":-1,"used":1692405309611,"created":1692405309611,"remoteIdentityKey":"BfHq4+XvBVVRAJEOI8hYnyUcL+gWllr2Qnr5UjnY1V9q"},"_chains":{"BU4iLlwqEdIQPJOeDVK1+Q8wxU8FBuF07OScAPy/F9YM":{"chainKey":{"counter":0,"key":"vSsDWgy2j0U+hBJWyp5+zvpBAsTS9qlN/ggYI0lfQLk="},"chainType":1,"messageKeys":{}}},"pendingPreKey":{"signedKeyId":1,"baseKey":"BchBGc2q24Vy5jirA4N113yO8F/2k3nAYLKRbpZ06vsq","preKeyId":16350401}}},"version":"v1"}