{"_sessions":{"BeyXNbk4Esd5Q+xadj9L5q+zkKHiM3yGhH8ou2TZsDMC":{"registrationId":1931656026,"currentRatchet":{"ephemeralKeyPair":{"pubKey":"BW6KE3HUPDL4/TS3Am0YJi9ZwEvQLTIBh9eU3lhY6rIY","privKey":"eM9iAdQnGJhOGoaeP8umSUvmv4px/Ss1WFsel2Xm52g="},"lastRemoteEphemeralKey":"BVkGcaTrGgIhdortD+VuSMBgyDGcFmBb7lUkRXf5Q1d7","previousCounter":0,"rootKey":"fgbfTUm/deYe3qbvM4iRmflWtz1RrCT5C81rQLtqsp0="},"indexInfo":{"baseKey":"BeyXNbk4Esd5Q+xadj9L5q+zkKHiM3yGhH8ou2TZsDMC","baseKeyType":1,"closed":-1,"used":1692405310500,"created":1692405310500,"remoteIdentityKey":"BWC0tJJCRCOvTmTdvuDP8SbYuctfh1oKeTDwbt1Sn6FH"},"_chains":{"BW6KE3HUPDL4/TS3Am0YJi9ZwEvQLTIBh9eU3lhY6rIY":{"chainKey":{"counter":0,"key":"Ts8z/XaYHXGx7fapxtdpzlPZiSzmlwv6S6V2z+m2RtU="},"chainType":1,"messageKeys":{}}},"pendingPreKey":{"signedKeyId":0,"baseKey":"BeyXNbk4Esd5Q+xadj9L5q+zkKHiM3yGhH8ou2TZsDMC","preKeyId":7593154}}},"version":"v1"}