{"_sessions":{"BRM1Oho8AZlV2tpZg6bvrw7Z/2t5sr4jNnX/R+rqwQYm":{"registrationId":1018064508,"currentRatchet":{"ephemeralKeyPair":{"pubKey":"BeuewdIvmrxitooHSmPi1XcpDczSpk2u9W4uFxr8dBAn","privKey":"6Pee+fDkjO9ELMZLHtUjCy38IT/NLShOOqNgXFo8KVg="},"lastRemoteEphemeralKey":"BRfpFUGdOTzatSVEGRVCgYc5Gqpod2xEtAFdOMidFFdu","previousCounter":0,"rootKey":"zgrxH24g1KWEi5I0gsCrScEE5Z1TlS+wVVjxPcsUEsc="},"indexInfo":{"baseKey":"BRM1Oho8AZlV2tpZg6bvrw7Z/2t5sr4jNnX/R+rqwQYm","baseKeyType":1,"closed":-1,"used":1692405310241,"created":1692405310241,"remoteIdentityKey":"BSEu+H0qjrcOBZLv3h5fWSGTwB6KZxTZk/rTVkJabqA6"},"_chains":{"BeuewdIvmrxitooHSmPi1XcpDczSpk2u9W4uFxr8dBAn":{"chainKey":{"counter":0,"key":"DSn96UwyaTzqpy83lZ8ERQtnFRvm1m2ogMg6U8nE54U="},"chainType":1,"messageKeys":{}}},"pendingPreKey":{"signedKeyId":1,"baseKey":"BRM1Oho8AZlV2tpZg6bvrw7Z/2t5sr4jNnX/R+rqwQYm","preKeyId":3569902}}},"version":"v1"}