{"_sessions":{"BWfLMsOzP3iRD7xmW5MLxVHwk2UkvKBvKZ9fgUH2d2MQ":{"registrationId":1184682929,"currentRatchet":{"ephemeralKeyPair":{"pubKey":"BS0eH0o6lYkbf1o1V+GaYf4aYVdA1QNMlH2DX3tgHMle","privKey":"0ODla1Df76zuyq9TeDYZijr+xYxGPynt29ZvHpygZ1c="},"lastRemoteEphemeralKey":"Bb0dO3OZxRDoQp/d4YJarpQZEk3FEuRtDPQOcsQY63xY","previousCounter":0,"rootKey":"/jjzy2gKCH9BnHRtOJAc9U3w+6dH0SyCApKjW/7vk60="},"indexInfo":{"baseKey":"BWfLMsOzP3iRD7xmW5MLxVHwk2UkvKBvKZ9fgUH2d2MQ","baseKeyType":1,"closed":-1,"used":1692405309776,"created":1692405309776,"remoteIdentityKey":"BZN/aReCt9kYIRCvCgOkr3vZmtr3QwIj8XW+RY6uEy43"},"_chains":{"BS0eH0o6lYkbf1o1V+GaYf4aYVdA1QNMlH2DX3tgHMle":{"chainKey":{"counter":0,"key":"2uW1wyLTJWfmkbVkXEHM+j4ENTWKm9UD80I67PEyizY="},"chainType":1,"messageKeys":{}}},"pendingPreKey":{"signedKeyId":2,"baseKey":"BWfLMsOzP3iRD7xmW5MLxVHwk2UkvKBvKZ9fgUH2d2MQ","preKeyId":8426304}}},"version":"v1"}