{"_sessions":{"BQOwywKDJVugjDbaSZUV5eWOMC4/m6d4q0NwwQuyeQw9":{"registrationId":1564307557,"currentRatchet":{"ephemeralKeyPair":{"pubKey":"BbYcS1FW+0JYsB0B/OxbyM9uITRWm121RibFFsTOjxwp","privKey":"gCrkVBJys5JYwqoD14HBlbR/QAQjzNIOY3EQQfg+eVk="},"lastRemoteEphemeralKey":"BQQ14GY0O6PaJ7tPKCPOd8SO5NA8hEY14oCityoG1qYF","previousCounter":0,"rootKey":"QJOJYbGjUklY5ET6Gi+u358L3I8HZDfPTP08PLuay50="},"indexInfo":{"baseKey":"BQOwywKDJVugjDbaSZUV5eWOMC4/m6d4q0NwwQuyeQw9","baseKeyType":1,"closed":-1,"used":1692405310063,"created":1692405310063,"remoteIdentityKey":"BVTxOhf622YU/VWSapO7pUd6w0n1+N+8gAQoN2suPyBJ"},"_chains":{"BbYcS1FW+0JYsB0B/OxbyM9uITRWm121RibFFsTOjxwp":{"chainKey":{"counter":0,"key":"V5J0yvjS3mh5FevkC3Bmd9svA2o9n9z1FnQPz7GDSAY="},"chainType":1,"messageKeys":{}}},"pendingPreKey":{"signedKeyId":6,"baseKey":"BQOwywKDJVugjDbaSZUV5eWOMC4/m6d4q0NwwQuyeQw9","preKeyId":10847494}}},"version":"v1"}