{"_sessions":{"Bf5KGK2RS6wWhbMxNzcLnIH7e2amQBOqi2ZrHI1r9V0u":{"registrationId":2013435804,"currentRatchet":{"ephemeralKeyPair":{"pubKey":"BY9s/jGXJEz1wqDY7/3orB8QZiL3R+/aGZE4gfjfgaJ7","privKey":"KA5FPp/C/p7sDf2cSUO5hSx1phl8mNbAtacnF8vYbHI="},"lastRemoteEphemeralKey":"BfmWKCfK3gWB8xTF4fjUz3Cp9Z+BBp7Z0DZbkuBzNQ0B","previousCounter":0,"rootKey":"Xpm8EZw3vbCtG+9NP4nU2SLRtmahyGnHq2PcX9Xa9TQ="},"indexInfo":{"baseKey":"Bf5KGK2RS6wWhbMxNzcLnIH7e2amQBOqi2ZrHI1r9V0u","baseKeyType":1,"closed":-1,"used":1692405308555,"created":1692405308555,"remoteIdentityKey":"BbZmgTrcOtgzuN33BTuuwC0zyuB9MEElAmezxDjOSSsb"},"_chains":{"BY9s/jGXJEz1wqDY7/3orB8QZiL3R+/aGZE4gfjfgaJ7":{"chainKey":{"counter":0,"key":"xst5EGokVATC0BEQWVV8EjuIrJo/jAp4SOqtLIyW+Vg="},"chainType":1,"messageKeys":{}}},"pendingPreKey":{"signedKeyId":0,"baseKey":"Bf5KGK2RS6wWhbMxNzcLnIH7e2amQBOqi2ZrHI1r9V0u","preKeyId":3906114}}},"version":"v1"}