{"_sessions":{"Ba6Gi6yLoyWAJgdYx+WsvE2a8iUj5X/+QlrA8bpF4NB4":{"registrationId":140,"currentRatchet":{"ephemeralKeyPair":{"pubKey":"BbtuUNFtH/0Kswk7HFMGb0bxCWDvxyQQ5/W+pYoyBrlh","privKey":"0Eu5x4jHE33fYFjwO4sy/LQ/dRobQja5KKGQ7m59R38="},"lastRemoteEphemeralKey":"BWM43RvbAOTHZqtAQuddlLFpC9sawlQlqsnrY0+pC+df","previousCounter":0,"rootKey":"QA0xD0sQwR7JTiuDL/VJYFz7JSd8zY+OF1+mEY4YjA4="},"indexInfo":{"baseKey":"Ba6Gi6yLoyWAJgdYx+WsvE2a8iUj5X/+QlrA8bpF4NB4","baseKeyType":1,"closed":-1,"used":1692405308155,"created":1692405308155,"remoteIdentityKey":"BSHIFxnkh5W4vC7ZFWa9/hUrjnHAFa22L9l0s57dJ4IW"},"_chains":{"BbtuUNFtH/0Kswk7HFMGb0bxCWDvxyQQ5/W+pYoyBrlh":{"chainKey":{"counter":0,"key":"cOn5Kwsa7Gf/s6LtfyuMwW6yJaosE37OKpxRD/ITVJo="},"chainType":1,"messageKeys":{}}},"pendingPreKey":{"signedKeyId":1,"baseKey":"Ba6Gi6yLoyWAJgdYx+WsvE2a8iUj5X/+QlrA8bpF4NB4"}}},"version":"v1"}