{"_sessions":{"BTJwlLNDtGeaoV4lb8xLL+ixJOFAnC04ZDyitJqP2Ywf":{"registrationId":778566186,"currentRatchet":{"ephemeralKeyPair":{"pubKey":"BdqKpt3F8og6bSNRF8X6GdcUVqzM824mvICt3JZr6tIa","privKey":"GApW1YZiVZwRZLW3qKZE5ZS1CEZdsebgLLRpo13UZ2g="},"lastRemoteEphemeralKey":"BV3hbYrZ+8tEmdDzVDBvwtakOoDGBaMImslEkwVFYkRV","previousCounter":0,"rootKey":"12tiXcn4CcoOZNws3/zda6nwgcn51dCSQzuFOBS8CF0="},"indexInfo":{"baseKey":"BTJwlLNDtGeaoV4lb8xLL+ixJOFAnC04ZDyitJqP2Ywf","baseKeyType":1,"closed":-1,"used":1692405309298,"created":1692405309298,"remoteIdentityKey":"BX/YJEYDnxBj5fenaNGu28NMIcSuJX3ZnOP4eEXLGPld"},"_chains":{"BdqKpt3F8og6bSNRF8X6GdcUVqzM824mvICt3JZr6tIa":{"chainKey":{"counter":0,"key":"2hvfpfZ6CyxGcPZcPRaIy3mfXRATZi02jP78zU9zHT4="},"chainType":1,"messageKeys":{}}},"pendingPreKey":{"signedKeyId":3,"baseKey":"BTJwlLNDtGeaoV4lb8xLL+ixJOFAnC04ZDyitJqP2Ywf","preKeyId":9410956}}},"version":"v1"}