{"_sessions":{"Bc4TQq73FNWzzKVQaiaCfJHGB123eiMd/TOtUujTNxF5":{"registrationId":1838194669,"currentRatchet":{"ephemeralKeyPair":{"pubKey":"BfZdsP3h/W9a122LDoE59Vp3D/ojwpb6mV1IihMbYVct","privKey":"kP6NKFT9ci9wvt1q2ulJmSS5ZYQhbFKJ+qiMlUcK82k="},"lastRemoteEphemeralKey":"BRQjcQYNoukfUps/mcPkmh4Uzdz/HQUCS3fNnlLWfrpy","previousCounter":0,"rootKey":"y1UQYKshVq2nAhoIBjocik5eo5YS6dgbA+3hdCxXT0U="},"indexInfo":{"baseKey":"Bc4TQq73FNWzzKVQaiaCfJHGB123eiMd/TOtUujTNxF5","baseKeyType":1,"closed":-1,"used":1692405310031,"created":1692405310031,"remoteIdentityKey":"BYt/2EYz/sO++Tfnby3Mq3uf+zJpiddX0w7rXA0taZ8e"},"_chains":{"BfZdsP3h/W9a122LDoE59Vp3D/ojwpb6mV1IihMbYVct":{"chainKey":{"counter":0,"key":"P2M9+AkpxrVwIjYVepTgedw+EadPwDmd/FidFPE1/1Q="},"chainType":1,"messageKeys":{}}},"pendingPreKey":{"signedKeyId":1,"baseKey":"Bc4TQq73FNWzzKVQaiaCfJHGB123eiMd/TOtUujTNxF5","preKeyId":3334329}}},"version":"v1"}