{"_sessions":{"BdUEWieslbi/Xc5u0Fzyh1L3gJC9MkjNgyGHttmra4ht":{"registrationId":811284986,"currentRatchet":{"ephemeralKeyPair":{"pubKey":"BQ8IMb7R2EwJzNzi2j8XIwdUr+tr7VTUlkQ2uwB0Lel/","privKey":"ALECR1fazjVqxZ5dHsOpeCeuxLhYKjjE3QxPMvczKGs="},"lastRemoteEphemeralKey":"BRPVtZUZEgFV/CDSWYI2mcMmKLqSI7oSYnUiK0SjsA0R","previousCounter":0,"rootKey":"9NNAfWV1F/Vl02XZQYKs4IEZEvA7C+2c9k32n4jJnWU="},"indexInfo":{"baseKey":"BdUEWieslbi/Xc5u0Fzyh1L3gJC9MkjNgyGHttmra4ht","baseKeyType":1,"closed":-1,"used":1692405309292,"created":1692405309292,"remoteIdentityKey":"BVr3eaAXDB5uRD94xwDnLR278UJlxc1lWcs86AqE3zhQ"},"_chains":{"BQ8IMb7R2EwJzNzi2j8XIwdUr+tr7VTUlkQ2uwB0Lel/":{"chainKey":{"counter":0,"key":"YZOMhWSYufApGqIIB3kwOxCFJnKzW2/ZN2csQCF23Yk="},"chainType":1,"messageKeys":{}}},"pendingPreKey":{"signedKeyId":14,"baseKey":"BdUEWieslbi/Xc5u0Fzyh1L3gJC9MkjNgyGHttmra4ht","preKeyId":15609865}}},"version":"v1"}