{"_sessions":{"BUpQVUDHE1MrJJ0MVZPCZPQ8MreCQpwW96V6nQ0DshMa":{"registrationId":1482288911,"currentRatchet":{"ephemeralKeyPair":{"pubKey":"BUNAooUfJTE9q+K+kAluxOoj64I2ESyA4gAOr93Y4R4l","privKey":"WP0dT2ZAfZIdWeS+0eFb+tCVmP2jMRPx3Icny7bXWnc="},"lastRemoteEphemeralKey":"BfcEl0Sca7Tp0B8S1p/xBAJLj53YaXQmP8WVvUSPoiBG","previousCounter":0,"rootKey":"y1UrqaE3/7oURyRK81Us0fWc6Z1PZVCwMOXZQd1ymZ8="},"indexInfo":{"baseKey":"BUpQVUDHE1MrJJ0MVZPCZPQ8MreCQpwW96V6nQ0DshMa","baseKeyType":1,"closed":-1,"used":1692405309080,"created":1692405309080,"remoteIdentityKey":"BdWQOGvOQjGecUar6w1Q/3ocKUZv1Q7xnKyYkZF1Mgsx"},"_chains":{"BUNAooUfJTE9q+K+kAluxOoj64I2ESyA4gAOr93Y4R4l":{"chainKey":{"counter":0,"key":"zP9/WCPFGvRf9TEzEK8L1PmeqU1k2OgyLcsp19EDvRw="},"chainType":1,"messageKeys":{}}},"pendingPreKey":{"signedKeyId":2,"baseKey":"BUpQVUDHE1MrJJ0MVZPCZPQ8MreCQpwW96V6nQ0DshMa","preKeyId":8560911}}},"version":"v1"}