{"_sessions":{"BSMu/tUGfZZyK5T39g+xUuAfaSyJakDd6fROe6ZMttYm":{"registrationId":2099528638,"currentRatchet":{"ephemeralKeyPair":{"pubKey":"Bd8XKUGN+lPNdu2OToWmYmofG39BHL7LOLD4OUUzJpZs","privKey":"cOopWR6jT5R8BvmuRUVDtdns9qQtvn8Eg5FOCsiTQU0="},"lastRemoteEphemeralKey":"BWlqmQt3KyJiCMaJ8sp1AZImnXWuMQ+iGe5Cwa3AAY8o","previousCounter":0,"rootKey":"WAv734QJK7UkN8QypIqvap5t0l6i+aRAMTEz+9/J1Rs="},"indexInfo":{"baseKey":"BSMu/tUGfZZyK5T39g+xUuAfaSyJakDd6fROe6ZMttYm","baseKeyType":1,"closed":-1,"used":1692405308610,"created":1692405308610,"remoteIdentityKey":"BQ45ZuIMaKE4K6TxgS2FGGkMFFFnDGfV1N8TiDMx04gg"},"_chains":{"Bd8XKUGN+lPNdu2OToWmYmofG39BHL7LOLD4OUUzJpZs":{"chainKey":{"counter":0,"key":"I5f61MiSXUzij+GTl8yDThPmNpycmjqHO0UhKTKZeEA="},"chainType":1,"messageKeys":{}}},"pendingPreKey":{"signedKeyId":27,"baseKey":"BSMu/tUGfZZyK5T39g+xUuAfaSyJakDd6fROe6ZMttYm","preKeyId":10127995}}},"version":"v1"}