{"_sessions":{"Bbn7ag0TkFqivWymbqEdZaxpNMdcU6luPZUJG8AFeylL":{"registrationId":109216023,"currentRatchet":{"ephemeralKeyPair":{"pubKey":"BUmxAUTGJJq4Nj51VfJ2GpuOCir/cWT3HUU4cOsYVpht","privKey":"INYvljRYl+AP8lneu5kSdaZet/9CN/jpIv60v2uA/Xo="},"lastRemoteEphemeralKey":"BUZ+AiFXqzLdUDGVPbcJNu5qaHLkOLx+bcdC+AMekDUp","previousCounter":0,"rootKey":"Ntr0sABm/4hJGIjpfx1ibm+MzLwpttIbM3ambphtK6w="},"indexInfo":{"baseKey":"Bbn7ag0TkFqivWymbqEdZaxpNMdcU6luPZUJG8AFeylL","baseKeyType":1,"closed":-1,"used":1692405309563,"created":1692405309563,"remoteIdentityKey":"BUFsc2nPBBBATHc1IJP08x68pl1DbknVgOZVf+oEbpkR"},"_chains":{"BUmxAUTGJJq4Nj51VfJ2GpuOCir/cWT3HUU4cOsYVpht":{"chainKey":{"counter":0,"key":"pH+oknNqPJ7rGdi89RYmo5/Ft7DN8rOk3JwcD+2Oje8="},"chainType":1,"messageKeys":{}}},"pendingPreKey":{"signedKeyId":11250436,"baseKey":"Bbn7ag0TkFqivWymbqEdZaxpNMdcU6luPZUJG8AFeylL","preKeyId":4556}}},"version":"v1"}