{"_sessions":{"BRm+NB8jgiiZPljbPNJglW3mJ4CSPwm4lGxuWSMNIwkt":{"registrationId":821560512,"currentRatchet":{"ephemeralKeyPair":{"pubKey":"BY9k1avjQ/ALPasvuaY0XWDtRQeFxr7sn5rtpF1I1jJt","privKey":"gPebr04Ryc6tqGiCwagDV/rGVV3pBt31KrBmShpfJms="},"lastRemoteEphemeralKey":"BT+Zn/CiBnZBcpBWlTfCYhL9PhX9Yo/czg9jARRI1SpN","previousCounter":0,"rootKey":"z/gso11vxC/3UKcaZtGnIQ/BTKR0QXoMMYUV89FhMXg="},"indexInfo":{"baseKey":"BRm+NB8jgiiZPljbPNJglW3mJ4CSPwm4lGxuWSMNIwkt","baseKeyType":1,"closed":-1,"used":1692405310362,"created":1692405310362,"remoteIdentityKey":"BVsR9wndVdqfDMy+4UHEpXKuTi65d+UuIhwxNFVPapcp"},"_chains":{"BY9k1avjQ/ALPasvuaY0XWDtRQeFxr7sn5rtpF1I1jJt":{"chainKey":{"counter":0,"key":"YlfRvkp/12fF3e7IraCxxsmachrYbA+t45KQ4NPVFy4="},"chainType":1,"messageKeys":{}}},"pendingPreKey":{"signedKeyId":0,"baseKey":"BRm+NB8jgiiZPljbPNJglW3mJ4CSPwm4lGxuWSMNIwkt","preKeyId":12345807}}},"version":"v1"}