{"_sessions":{"BdTrfUqD+fvHGFe4Eity67h37PWqPPzD/E7FN41RcYlt":{"registrationId":318485883,"currentRatchet":{"ephemeralKeyPair":{"pubKey":"BU5c3qe/v+lQQ6fWi0ebaFBwwrE5Rxw1I+xEyZlPpypc","privKey":"QKzQpeDv8aZPaK0Ap5Y6H1LtZGqnANs4ZwXPolmeUn8="},"lastRemoteEphemeralKey":"BYWLvL4ZlFhVUZ5VBt+FswI2IGjJ6FRng/rNgov4ynEk","previousCounter":0,"rootKey":"lCP32ieCjRtMfIOAeJ4h4UJIZVLgYOzzPS8rolNzJgg="},"indexInfo":{"baseKey":"BdTrfUqD+fvHGFe4Eity67h37PWqPPzD/E7FN41RcYlt","baseKeyType":1,"closed":-1,"used":1692405310280,"created":1692405310280,"remoteIdentityKey":"BbD2KvBMgzTmdngf32JWY7SEJOHsYY4V0DtXQb/TApx/"},"_chains":{"BU5c3qe/v+lQQ6fWi0ebaFBwwrE5Rxw1I+xEyZlPpypc":{"chainKey":{"counter":0,"key":"sAwLI4DaDa4Jfq9ker2AmzwFIE1DibU2yN62v6eMGpY="},"chainType":1,"messageKeys":{}}},"pendingPreKey":{"signedKeyId":1,"baseKey":"BdTrfUqD+fvHGFe4Eity67h37PWqPPzD/E7FN41RcYlt","preKeyId":7758814}}},"version":"v1"}