{"_sessions":{"Bc685VQ9CrTGtqlQriBRselxN6wfciWzHYt4tEbeukUF":{"registrationId":31572682,"currentRatchet":{"ephemeralKeyPair":{"pubKey":"BZqdxcB9mRpDXSHs/OGa1GLOXFzj+kNaIeE8qGRDhxUs","privKey":"aNSYjmzPWSmnthQAsBmOYnkHrmySauX1AOLLcQyTPFU="},"lastRemoteEphemeralKey":"BYf56IzHDGfSKyDIMFL51T6YUtChOmlfon6nOgZl9Atv","previousCounter":0,"rootKey":"Qd5SZ3d14v64tsi6kYZuvXVQSUwp2F/u0Z71g0w3nnE="},"indexInfo":{"baseKey":"Bc685VQ9CrTGtqlQriBRselxN6wfciWzHYt4tEbeukUF","baseKeyType":1,"closed":-1,"used":1692405309036,"created":1692405309036,"remoteIdentityKey":"BXk93c9tYSuXa6kBVqEVHuwKZJsE8napYmwoKJISkHJj"},"_chains":{"BZqdxcB9mRpDXSHs/OGa1GLOXFzj+kNaIeE8qGRDhxUs":{"chainKey":{"counter":0,"key":"KITZt7WWCyiOEwwTiMmVenRF3g7iT6CzC00RF1wE/ZI="},"chainType":1,"messageKeys":{}}},"pendingPreKey":{"signedKeyId":24,"baseKey":"Bc685VQ9CrTGtqlQriBRselxN6wfciWzHYt4tEbeukUF","preKeyId":13663117}}},"version":"v1"}