{"_sessions":{"BXWhPp/HVv+LuVR2VPKj16EoqR8q+kfltkPdGchS5aUh":{"registrationId":694270288,"currentRatchet":{"ephemeralKeyPair":{"pubKey":"Be3vk6Z3g/Gwrwa2l1240GixWHeOS1t53PrJz7f7jshy","privKey":"QCLvQa8867WabkJW0lSeXpfMY6YLap9yRyyIQSRcOX4="},"lastRemoteEphemeralKey":"BYuy2gl6JpN7vrh6ERlx6jANj5y3C8B99N5s8M4w5kUc","previousCounter":0,"rootKey":"VoRFe43ySNG+5tLQgmCrWS30Uuev2/o5VjGZEJdZzTQ="},"indexInfo":{"baseKey":"BXWhPp/HVv+LuVR2VPKj16EoqR8q+kfltkPdGchS5aUh","baseKeyType":1,"closed":-1,"used":1692405310522,"created":1692405310522,"remoteIdentityKey":"BUrqipfu34dKIiymsOKHyKkM5bjkJypFRMBQ46NGqP5Y"},"_chains":{"Be3vk6Z3g/Gwrwa2l1240GixWHeOS1t53PrJz7f7jshy":{"chainKey":{"counter":0,"key":"x1tJABeW7ta6TeM1+h8Ah47FVS67ghulKpqMwqpl8fw="},"chainType":1,"messageKeys":{}}},"pendingPreKey":{"signedKeyId":3,"baseKey":"BXWhPp/HVv+LuVR2VPKj16EoqR8q+kfltkPdGchS5aUh","preKeyId":12975840}}},"version":"v1"}