{"_sessions":{"BRFlsey5nJJmmVhiVRAYTeNOMZeZqo2q5BekZqyBh4hF":{"registrationId":1207635738,"currentRatchet":{"ephemeralKeyPair":{"pubKey":"BUCM3YsnSLSWsxRq4/iJfoZAcXIFb89Y/4TWeCe6O5Vz","privKey":"8BNce/yID/XbHcsA6vYytWbEDwJ+XAP+VD+3yUcDgkw="},"lastRemoteEphemeralKey":"BVwPQsiEVUbpHuUap8OfBgs2i4y8vS7X8vGqQwwmIKt0","previousCounter":0,"rootKey":"EBeNHwv+O3MTjwKRrZaRRf7WvMNiZ7PMON9KXmmKty8="},"indexInfo":{"baseKey":"BRFlsey5nJJmmVhiVRAYTeNOMZeZqo2q5BekZqyBh4hF","baseKeyType":1,"closed":-1,"used":1692405308956,"created":1692405308956,"remoteIdentityKey":"BUegOqL//UJKEhiaLoi1Y1rHmGrLsj9ql4jihdBPTdcv"},"_chains":{"BUCM3YsnSLSWsxRq4/iJfoZAcXIFb89Y/4TWeCe6O5Vz":{"chainKey":{"counter":0,"key":"VfLUihl88Ri0sGMDpa7u5C8JLpt0m0RwKpvqbHwui1I="},"chainType":1,"messageKeys":{}}},"pendingPreKey":{"signedKeyId":1,"baseKey":"BRFlsey5nJJmmVhiVRAYTeNOMZeZqo2q5BekZqyBh4hF","preKeyId":15090887}}},"version":"v1"}