{"_sessions":{"BUKi0tkDkslCVkCN1sECOR38JGoy7L8V5Wxg785qkRse":{"registrationId":94,"currentRatchet":{"ephemeralKeyPair":{"pubKey":"BUJE8dc6HQSvnHJP69/ctkjk/X7Im98nNVmUrhVH/TxI","privKey":"6JB0cFY5KFttgjxBgTu8dAbMcPQa5smS+L9Hv74Af2E="},"lastRemoteEphemeralKey":"BVMiNSknu4plVnyuKbsqNQveim2CTAmyeRPjzV3dBxRK","previousCounter":0,"rootKey":"VSYNAD99mLWCtoZmWXNW9AHnLWHanKXugtLg5LaBDOw="},"indexInfo":{"baseKey":"BUKi0tkDkslCVkCN1sECOR38JGoy7L8V5Wxg785qkRse","baseKeyType":2,"closed":1692415995858,"used":1692415995509,"created":1692415995509,"remoteIdentityKey":"BbhONsuAr8uGNUls+59mRtwQpIyrcpg6m7UhJ1U/ysFy"},"_chains":{"BVMiNSknu4plVnyuKbsqNQveim2CTAmyeRPjzV3dBxRK":{"chainKey":{"counter":19,"key":"iB9vyaNO06zrqAvs667sDoOLnvXkXw+zAlEqzDHAce4="},"chainType":2,"messageKeys":{"0":"WrHK6MPPiaGl3HFJV/gJ6CUEE6FHd9U15NX7zGav62s=","1":"Ow06rfbNdrtC2o3PDpqsDiFqeq54yalnEH9t4hbtEuI=","2":"PSVGZbWxcfXEonzoT8OiycjY0DrI9VEcMst5Urj1OBk=","3":"/W3E0aXQXYWiWZvT1KX8A+xXqZteoMpF3OWulk/sAao=","4":"HdILRFrKJ0Gw2oMC2ZHZ4nWfIlc8PrcNc4WOUSntUzY=","5":"Hc6c7rVQMB7rSx6hlAbiOXQGTfOp2m0NvwtEaTH3Ino=","6":"qub8EQ9GqJlqVKDQtq/w641pCbH7dg5raSEEKV1vH9c=","7":"XGsrcJbhl62TPvplqH8mejooRlj5IizeLxMMswlVnJA=","8":"pS/bKbqMLMPB/OVa1vVVTiKwY2kR7RvBmFM4Cko6Ya8=","9":"zDasQQeBCb/Tk0p0n4m54RZRO3e//HLVD3mYRfoyUPU=","10":"IZrIHebN47+QmUPGonP7xXHUPob4TdrNfIXS2jXoU+w=","11":"FujG8tB918GMJF0XwN7X9Ob6nyjMchTY84ZlG2Ae5uE=","12":"fOKSNiDR5EDTftbNyDKOY/hKrjAOl5He8C7nlePZdDY=","13":"biwLO/tbT+J1ZxVwoS0NxYcL4sKHDLSNKh8H5f1JyRM=","14":"RuSuDoIyoa4qTRREYerNIHqcmDJA1mDr6ouZ2vrc8oE=","15":"b/GjX4Cpap3nwipk6OTObY/5Qd4CtOS1+/yVLs8oAgY=","16":"vVsPmmDNr/7P7FqGLYy79H3wAjQjbXbFoH8iXalM9F0=","17":"I4k7ywZTGptch+cm8AUeIXq+O0WsKMYZxj6VbLo4Q0U=","18":"siB0MZGVxeaDhyWGb5m3PH+bv6nMWW1jk4OH6eOAmdc="}},"BUJE8dc6HQSvnHJP69/ctkjk/X7Im98nNVmUrhVH/TxI":{"chainKey":{"counter":-1,"key":"8vyKt4PeDAO/0bp869i4B/h7iI66ruYjk/3cs8mSrog="},"chainType":1,"messageKeys":{}}}},"BdEgE4qbddeULQ8jmVnI/XwA595qG7uIhiLpvuEga9pp":{"registrationId":94,"currentRatchet":{"ephemeralKeyPair":{"pubKey":"BVghRj0D7BwXSiXRwjIwM9t5tmvIfKtFF8BMYbX77NZf","privKey":"0P2RffBPKgQz5mkhBGUxv9mOj4jHNGHQKj6cF73J/Gs="},"lastRemoteEphemeralKey":"Be4luzmCReBhAV944mx5EvMHZW6yiXm4Bmxwm2LyaJlT","previousCounter":1,"rootKey":"ryMDSObLKbgkrtLRfFd9yETe5PCrqxv5o4VbYPaPe1s="},"indexInfo":{"baseKey":"BdEgE4qbddeULQ8jmVnI/XwA595qG7uIhiLpvuEga9pp","baseKeyType":1,"closed":-1,"used":1692434554662,"created":1692415995856,"remoteIdentityKey":"BbhONsuAr8uGNUls+59mRtwQpIyrcpg6m7UhJ1U/ysFy"},"_chains":{"BVlYalBQn8ctzRQJfETQnEOtRc3nAU/872g22SGcIxxR":{"chainKey":{"counter":1},"chainType":2,"messageKeys":{}},"BReGFeXqTzPUlW1UIGM3wk3IX0wIwb2qijhI64DTZ4sj":{"chainKey":{"counter":0},"chainType":2,"messageKeys":{}},"BXQ7j7U8J60u4THAENuqs+zyJyPUknfjOagvTgcRTV9e":{"chainKey":{"counter":3},"chainType":2,"messageKeys":{"0":"fvfDN53nseuNGJMWRuWQPdtAfMwfieo5T/wOSo3YWf0=","1":"4J1wD9OZ6DeLz9Ec6zaWpss+BmVO35LJWSIUaMr/3Ok="}},"BeedMjB9YGkN8Z0+WOqymLPNc64PtHiGWL4YtgNedvsh":{"chainKey":{"counter":2},"chainType":2,"messageKeys":{"0":"Q6PsXoSOoQ08ZN+1yS3mJXDVZ0f6WDyWTsGkxmIt2n0="}},"BUnFKmispfCgaLqCcghrSF2YsjrPQvQfQMURkBeloEpJ":{"chainKey":{"counter":1},"chainType":2,"messageKeys":{}},"BSxgXVtOBFPE6dbEowCvXRm6oOZlUZ106JQBnPK1IAIt":{"chainKey":{"counter":1},"chainType":2,"messageKeys":{}},"BaKzFyX6YoYkPYb3dm2tDIGZCDbT93jRFDx69BcGqHdM":{"chainKey":{"counter":1},"chainType":2,"messageKeys":{}},"BU26ptlkO9ZHf2Jqb2eJMT4DWu00hVNMVyfJR5QCgJQE":{"chainKey":{"counter":2},"chainType":2,"messageKeys":{"0":"kdo2k0+jufVYSxVjT0M+6yiktJPEBAFLsJH7tjv0gxE="}},"BRCq8EeT8kSTkI2v1tmYzuCYAy6rAGNg67Pk7JDcUOoi":{"chainKey":{"counter":1},"chainType":2,"messageKeys":{"1":"ZXD9yCpwn2ynauOzAHUvmPqLoSBhc0pAStZuahM7tWE="}},"BYq07mrG3MtYXVmLS6HI8wKRCYN1er2lPoTLjagGYsMF":{"chainKey":{"counter":2},"chainType":2,"messageKeys":{"0":"FgpovoPcOrJbhjqoaEdGw6lKx8t+YBCvBQCqG5B9dMQ="}},"BeyeFG2Nq9h0+gBl1TeqZP+mbpV3kvCazDFf8g2FUfR/":{"chainKey":{"counter":2},"chainType":2,"messageKeys":{"0":"djueCEcvWLBx3C2lxXZbKsB8YyFajjDJYcLONLYh2ks="}},"BXT6aERrLEFUOioLbrXc9s3cph/x89wDs9Ggwl0pTzt3":{"chainKey":{"counter":2},"chainType":2,"messageKeys":{"0":"9R7HvtcsKg6H/bMHbDeIN2YRKKtB9iEhLqF74CFQK3U="}},"BSpVExzz9lE3VVE9NnjDEvH+sMq7E+BMTQrDiS8U7V18":{"chainKey":{"counter":2},"chainType":2,"messageKeys":{"0":"otu8is56SOZ+k8vPC0zc4XDxZtJqsQpGCw+37Dkqyj0="}},"BQYVWTB7fucjupopcjct3rRWtezJAifmt+c2kjJvxWQf":{"chainKey":{"counter":22},"chainType":2,"messageKeys":{"4":"yQGN/eqPtwJwrmLW02bvH+xvdac7YG3X0w4kS6CL8Tc=","6":"vtoWXnW0qh/uWlVKCd4wXFc2YSjAwFEQY7R6BlZ0tkY=","8":"Pvf5Jn0c5JikUxgqm2ba7l/yGb4sNYbFRt5Tyf87+Y4="}},"Be4luzmCReBhAV944mx5EvMHZW6yiXm4Bmxwm2LyaJlT":{"chainKey":{"counter":1,"key":"q/+bgEKoio3EpqKS9i6UpYSPnSGx+Aqhg9mpaQ+pvr8="},"chainType":2,"messageKeys":{"0":"hH/I12zK/hgx3EF11gc1RdFAV/AMsf1FE21K9d+Sa7g="}},"BVghRj0D7BwXSiXRwjIwM9t5tmvIfKtFF8BMYbX77NZf":{"chainKey":{"counter":10,"key":"JfpABP6llL0bfaI0y1iHcXvo4nJ0569ZEAXbv+bOe2U="},"chainType":1,"messageKeys":{}}}}},"version":"v1"}