{"_sessions":{"Bfzj7G1mw64ifM2UdI6mIMAHAldn9ZkLoFLDo5yiGd5c":{"registrationId":1405221891,"currentRatchet":{"ephemeralKeyPair":{"pubKey":"BXmtsfoUk8a7szO56/IyvL0Lzbfk52netOgZPCv0xuEZ","privKey":"8ATCtwdbGPIBHQ6AUTJmvMmwHWppkwG36lU1eWZvblQ="},"lastRemoteEphemeralKey":"BZKaBq+YBWMV6rgnVZVUgOFqdiqya5FZpFmesDxVk/Ug","previousCounter":0,"rootKey":"L07UAVLcxuRJmptL181W9qKDIdEcYlKMGQBM4iXxDAA="},"indexInfo":{"baseKey":"Bfzj7G1mw64ifM2UdI6mIMAHAldn9ZkLoFLDo5yiGd5c","baseKeyType":1,"closed":-1,"used":1692405308972,"created":1692405308972,"remoteIdentityKey":"BZvtOhh+KOxVHisuMqDfPqpReQivc6gnCm3iN65czSB1"},"_chains":{"BXmtsfoUk8a7szO56/IyvL0Lzbfk52netOgZPCv0xuEZ":{"chainKey":{"counter":0,"key":"3NhNcwlPWrgV52NoA9dSZNnPBSIC41Grf88SiWY+7Kc="},"chainType":1,"messageKeys":{}}},"pendingPreKey":{"signedKeyId":1,"baseKey":"Bfzj7G1mw64ifM2UdI6mIMAHAldn9ZkLoFLDo5yiGd5c","preKeyId":9186951}}},"version":"v1"}