{"_sessions":{"BSi+cUk1Fm45hAbNUd9CNyLkvMi3Gzre3AA8eR6fVahd":{"registrationId":910721786,"currentRatchet":{"ephemeralKeyPair":{"pubKey":"Bfrv/pBTi59NBJsdoLm0U89Pun8DPFJKTx+xWDrAok1q","privKey":"iHENBB0IsbNe20+KJIzVBLHSpP5n/zOyqNao7FnQbmw="},"lastRemoteEphemeralKey":"BQsPF/RxCtMN+DCBYgZys+DEP4COLqVjfF3HZnwUuJpN","previousCounter":0,"rootKey":"Bv43jPMS1f+zEbsQ9WVwn8QNmII3l+UeNwcZIw/sf8U="},"indexInfo":{"baseKey":"BSi+cUk1Fm45hAbNUd9CNyLkvMi3Gzre3AA8eR6fVahd","baseKeyType":1,"closed":-1,"used":1692405309354,"created":1692405309354,"remoteIdentityKey":"BSfmnrEF376KPMtlQN9KV8YRjdgyyeZ/ZzWuv57+/gsR"},"_chains":{"Bfrv/pBTi59NBJsdoLm0U89Pun8DPFJKTx+xWDrAok1q":{"chainKey":{"counter":0,"key":"HwgR8w/EGDlcFjRkhu6fvdTRbz+ax5WhIsRC7bpmu4c="},"chainType":1,"messageKeys":{}}},"pendingPreKey":{"signedKeyId":0,"baseKey":"BSi+cUk1Fm45hAbNUd9CNyLkvMi3Gzre3AA8eR6fVahd","preKeyId":9843804}}},"version":"v1"}