{"_sessions":{"BUqc9ffy94SZJ8nFy8JolXQRYeWSNJYGTOo6VByJb1tx":{"registrationId":1708471000,"currentRatchet":{"ephemeralKeyPair":{"pubKey":"BV/GKkcAqZj3UpHfphfKqqIfyZOHR/Zo5/s2nio9UvID","privKey":"6JsyfGBzF4kUrCkemtoDh+dAM5LljttkEZQ/DJXg53k="},"lastRemoteEphemeralKey":"BX6C7EOueolydTTMVThw5iL6MjK1Ynj8Wk7+JVg35PwX","previousCounter":0,"rootKey":"uMrCvkSY2SrIxffTwBrfLzTidxqau941aNXAFKtstYI="},"indexInfo":{"baseKey":"BUqc9ffy94SZJ8nFy8JolXQRYeWSNJYGTOo6VByJb1tx","baseKeyType":1,"closed":-1,"used":1692405309510,"created":1692405309510,"remoteIdentityKey":"BXKrpPKPuVwrJKfIBv9/PH7p1vgrtvGrsONcEXYshn9C"},"_chains":{"BV/GKkcAqZj3UpHfphfKqqIfyZOHR/Zo5/s2nio9UvID":{"chainKey":{"counter":0,"key":"YobAG1sGzjAA2QVbNH3ZYaiMTEAHcoODtfz35sN/yAI="},"chainType":1,"messageKeys":{}}},"pendingPreKey":{"signedKeyId":6,"baseKey":"BUqc9ffy94SZJ8nFy8JolXQRYeWSNJYGTOo6VByJb1tx","preKeyId":6158072}}},"version":"v1"}