{"_sessions":{"BSWn0xwUiPLs0Frd2eMUpMPZH9HUT9DjB5PCv1ts8U8l":{"registrationId":1237094342,"currentRatchet":{"ephemeralKeyPair":{"pubKey":"BVCukJPN4EEHcQoxSdLV1NDtnTkyc/YRgjVA11hYGlYx","privKey":"UJhOe5hnVEG6J+nqil4wrfYpMU/aTSSwNk/TIIQqgFI="},"lastRemoteEphemeralKey":"BcP794cUaUjXecgwmnChIfoOvqy9qz1Dv7QGdch/Kw4f","previousCounter":0,"rootKey":"AUTUaBMniaKjZb/hoQaWOIfxXpFOUlz4bbE+eAO9Exs="},"indexInfo":{"baseKey":"BSWn0xwUiPLs0Frd2eMUpMPZH9HUT9DjB5PCv1ts8U8l","baseKeyType":1,"closed":-1,"used":1692405309972,"created":1692405309972,"remoteIdentityKey":"BdnrpJ+CBSz4/8bWUlkhIG2gbXYdotGMbbgGHBOkhvok"},"_chains":{"BVCukJPN4EEHcQoxSdLV1NDtnTkyc/YRgjVA11hYGlYx":{"chainKey":{"counter":0,"key":"CrqkfP4RLClYJERx8UbXUme9thQUTb2X0rVDhNvjX+M="},"chainType":1,"messageKeys":{}}},"pendingPreKey":{"signedKeyId":2,"baseKey":"BSWn0xwUiPLs0Frd2eMUpMPZH9HUT9DjB5PCv1ts8U8l","preKeyId":995498}}},"version":"v1"}