{"_sessions":{"BQjbaYD6bAw41Fs99GBiyouevIPsppFVGrefMxjX2Wx3":{"registrationId":1986660631,"currentRatchet":{"ephemeralKeyPair":{"pubKey":"BSYWXFBTpigT4FT0EVZ7yTOlpjfaReHOrqldVJClXMsW","privKey":"oHY9XQA2cuZexuP6bKwVD/bml0vmdY5kz/a+/PNZDkY="},"lastRemoteEphemeralKey":"BTB2e0rY499LwOmpECo0QpYUhDmYeKUmRMb35sfDo+QA","previousCounter":0,"rootKey":"Y5M4gH53IJxWj76dX465nVsruEtwtw0xi34zDsHl6YU="},"indexInfo":{"baseKey":"BQjbaYD6bAw41Fs99GBiyouevIPsppFVGrefMxjX2Wx3","baseKeyType":1,"closed":-1,"used":1692405309873,"created":1692405309873,"remoteIdentityKey":"BbXnimtGxqnOxIFoxXNoU+GyTtjpfKsO9DZByYaiY4hg"},"_chains":{"BSYWXFBTpigT4FT0EVZ7yTOlpjfaReHOrqldVJClXMsW":{"chainKey":{"counter":0,"key":"ZW3QWF8B0slNukDANL7koVgh3GUoNBV595rKYUnNrbE="},"chainType":1,"messageKeys":{}}},"pendingPreKey":{"signedKeyId":8,"baseKey":"BQjbaYD6bAw41Fs99GBiyouevIPsppFVGrefMxjX2Wx3","preKeyId":13250642}}},"version":"v1"}