{"_sessions":{"Bc/rRbIqM4O1OVQzzkMavwiMgqfd7x34aJHWl2aSUxFJ":{"registrationId":1133970911,"currentRatchet":{"ephemeralKeyPair":{"pubKey":"BVwFuOU1rJk6fI/yhhympND5PqHP0wsxDkw7AXuFvzU0","privKey":"EJ4gXk93yK7ZQoB+dNBiPlKOfnC2CzQ5fFpuXMUbbko="},"lastRemoteEphemeralKey":"BYTNJFr/pfb5nh788evLfkZwMHfhXIXU+HDs9zAv9I1I","previousCounter":0,"rootKey":"gY8OJ9+H7QInWZm6d5GBe3LUtlAFVzBec0kS0yEKH+w="},"indexInfo":{"baseKey":"Bc/rRbIqM4O1OVQzzkMavwiMgqfd7x34aJHWl2aSUxFJ","baseKeyType":1,"closed":-1,"used":1692405308525,"created":1692405308525,"remoteIdentityKey":"BbUX7Kri16z/Bw7u+RQ5y1iAcEkA7iZ8lQPXV2Y+cCcD"},"_chains":{"BVwFuOU1rJk6fI/yhhympND5PqHP0wsxDkw7AXuFvzU0":{"chainKey":{"counter":0,"key":"l13WAuZB99rAYr9cdcql06CxkpvFxkl35zJ+NiTvI8I="},"chainType":1,"messageKeys":{}}},"pendingPreKey":{"signedKeyId":1,"baseKey":"Bc/rRbIqM4O1OVQzzkMavwiMgqfd7x34aJHWl2aSUxFJ","preKeyId":2346342}}},"version":"v1"}