{"_sessions":{"BRFZkanctBfpW7IfNNzFVXbtJo1YIgZl2EgkEaZfVi1q":{"registrationId":1262121973,"currentRatchet":{"ephemeralKeyPair":{"pubKey":"BUNSo8fKc6jk0X7ODYNnwzDHohg28cGCpcXq3aXDQSBB","privKey":"eF1v/YrvG7laepMciNURDCcOFhdBbs7Qw3iM8nq4h1Y="},"lastRemoteEphemeralKey":"Bak1DSrT6CkS6diHUoue2B1W/npldNE8CBlc4pAQ9cVf","previousCounter":0,"rootKey":"lR9n8TJSYfkewuXgvTh9lCVFv//eQdQmqMJYYcP+kB0="},"indexInfo":{"baseKey":"BRFZkanctBfpW7IfNNzFVXbtJo1YIgZl2EgkEaZfVi1q","baseKeyType":1,"closed":-1,"used":1692405308657,"created":1692405308657,"remoteIdentityKey":"BebkXATOX/jp7kNc0JmX6+hJ5308K10zu2Sn3kctOnlG"},"_chains":{"BUNSo8fKc6jk0X7ODYNnwzDHohg28cGCpcXq3aXDQSBB":{"chainKey":{"counter":0,"key":"YEg4HqTpwV6beEV3+k4VLDLOES8X9hdsJNGnPKbpIWo="},"chainType":1,"messageKeys":{}}},"pendingPreKey":{"signedKeyId":22,"baseKey":"BRFZkanctBfpW7IfNNzFVXbtJo1YIgZl2EgkEaZfVi1q","preKeyId":9798748}}},"version":"v1"}