{"_sessions":{"BRwRby/5xp96lJCmEpoxufw6f3BaM3GIm74lJE2Fe6Bz":{"registrationId":6834,"currentRatchet":{"ephemeralKeyPair":{"pubKey":"BWIzUefP7yQ0rTad3WlmeeDksm+b38bBZVDiIZqyrBpn","privKey":"gCC/4Ys1wO95GOaxf+NUMbcv+BITlD/lTi+d1Emun0k="},"lastRemoteEphemeralKey":"BW/z23rgjhmFbyyCuYJpu1qfDt8SI6KybXDLGDpkHrVl","previousCounter":0,"rootKey":"kiMD+CTrpvqnDZI6xNZpuh5jGMocj4KWGP8TwF8RV5I="},"indexInfo":{"baseKey":"BRwRby/5xp96lJCmEpoxufw6f3BaM3GIm74lJE2Fe6Bz","baseKeyType":1,"closed":-1,"used":1692405308203,"created":1692405308203,"remoteIdentityKey":"Bf806Go3Pg32VEi6lkg5GFlQX6LNaOQ/4Mf2Z7b5UTJS"},"_chains":{"BWIzUefP7yQ0rTad3WlmeeDksm+b38bBZVDiIZqyrBpn":{"chainKey":{"counter":0,"key":"G844aep7QTWkYoCjfE3n87QE8AO/pD6rq34PA4aQav4="},"chainType":1,"messageKeys":{}}},"pendingPreKey":{"signedKeyId":1,"baseKey":"BRwRby/5xp96lJCmEpoxufw6f3BaM3GIm74lJE2Fe6Bz"}}},"version":"v1"}