{"_sessions":{"BaXkufmrobX5xwyJVIrtLmpea75c9Mt88e+FedU1utZj":{"registrationId":715239936,"currentRatchet":{"ephemeralKeyPair":{"pubKey":"BeeflF2X8PrXyTg6WYvoOzbs+YTzJDYAaMsrRBZCcVge","privKey":"yDRNv6Vl50gKr1OiwYrytnFvzl13NXpqMwcb+D2MJnE="},"lastRemoteEphemeralKey":"BeQlNZrb4hKbOPvkELZgZZWBrJvZ4YvYOCFQZ/IHOgR6","previousCounter":0,"rootKey":"dtkGoExRcQxeD9DUZnOT4/MhI+NKu57OuWBosEiJzPI="},"indexInfo":{"baseKey":"BaXkufmrobX5xwyJVIrtLmpea75c9Mt88e+FedU1utZj","baseKeyType":1,"closed":-1,"used":1692405309102,"created":1692405309102,"remoteIdentityKey":"BaZKwrQZN7hKXIo9SQxs0BT9R3L9CMqBA1pjytu0HG8A"},"_chains":{"BeeflF2X8PrXyTg6WYvoOzbs+YTzJDYAaMsrRBZCcVge":{"chainKey":{"counter":0,"key":"oaXD0dJGj5cl4XcPO8t/U/pzNbn20Hgen9BTFOxBStY="},"chainType":1,"messageKeys":{}}},"pendingPreKey":{"signedKeyId":1,"baseKey":"BaXkufmrobX5xwyJVIrtLmpea75c9Mt88e+FedU1utZj","preKeyId":16553762}}},"version":"v1"}