{"_sessions":{"Bb+ugZtNsWVWbPCU/CBxbkECfPgPTEMenimNNpNNFp0C":{"registrationId":1730118756,"currentRatchet":{"ephemeralKeyPair":{"pubKey":"BZtIY9Gd5lC6AudoG4by/EJwQbNwrnOigIATcE4GH8QC","privKey":"AHkR91wkmCCEI9wwlxVnEjUFjgQCo/V0bV6GFO1cwWY="},"lastRemoteEphemeralKey":"BS75xT9h43DZ71Cq6Wtih7xhQ/lzuLyMZVfZ7FkuS2AA","previousCounter":0,"rootKey":"0qFYe5GTg+chHTPRPcCFzmDGtWzgnfSR5fjiHvxLTbY="},"indexInfo":{"baseKey":"Bb+ugZtNsWVWbPCU/CBxbkECfPgPTEMenimNNpNNFp0C","baseKeyType":1,"closed":-1,"used":1692405308841,"created":1692405308841,"remoteIdentityKey":"Bd3LqAdWyivCXiSg9UNZbhqxHNLmlroxYkhS43hu9kYm"},"_chains":{"BZtIY9Gd5lC6AudoG4by/EJwQbNwrnOigIATcE4GH8QC":{"chainKey":{"counter":0,"key":"KZV48UXm8fWmZ9yA9F5gL10ejsbFgcs/R0Nr+l1+P0g="},"chainType":1,"messageKeys":{}}},"pendingPreKey":{"signedKeyId":0,"baseKey":"Bb+ugZtNsWVWbPCU/CBxbkECfPgPTEMenimNNpNNFp0C","preKeyId":8965260}}},"version":"v1"}