{"_sessions":{"Be+lKs+wiHhi5yLR8t9STD+jgxYVZOi046f14CXPiH9g":{"registrationId":544709165,"currentRatchet":{"ephemeralKeyPair":{"pubKey":"BfPrS3knuCN6MaPxv1PQix6CfWGEvbLrHWfPzYb3Q+cv","privKey":"aACP/x9/dxNn3blNCSFJPXlOHK4b5gzTyBHZGmBiK14="},"lastRemoteEphemeralKey":"BQs+kvlSYXmSNI1BCvngzjT4efkvDObmStLSDR8CmkEA","previousCounter":0,"rootKey":"8y3YHSu4fLcrVYzcnoRHB7JY/jd0DjY1+ucALrMnR1Y="},"indexInfo":{"baseKey":"Be+lKs+wiHhi5yLR8t9STD+jgxYVZOi046f14CXPiH9g","baseKeyType":1,"closed":-1,"used":1692405309309,"created":1692405309309,"remoteIdentityKey":"BbJacAaOb/wBLqn/iTDKNVLs1ZZx8dHjhza9BP5gikth"},"_chains":{"BfPrS3knuCN6MaPxv1PQix6CfWGEvbLrHWfPzYb3Q+cv":{"chainKey":{"counter":0,"key":"2NIPj26NBKeXs+kgsizIJLZtboLE1GlkT7YbT8drCvw="},"chainType":1,"messageKeys":{}}},"pendingPreKey":{"signedKeyId":4,"baseKey":"Be+lKs+wiHhi5yLR8t9STD+jgxYVZOi046f14CXPiH9g","preKeyId":9363964}}},"version":"v1"}