{"_sessions":{"BWtB53jYPcmSO6749H0hHuhNAV8SzD+p0PfUKl0Oncwc":{"registrationId":4338,"currentRatchet":{"ephemeralKeyPair":{"pubKey":"BbZre6TjhB6U5Xd6WgDXhADeWdF9GPMcLOSYkMxmcE47","privKey":"wCuB7WnGV2rspgVfJ47wQLasnCXXHH3FbvVTiNGXPEs="},"lastRemoteEphemeralKey":"BZxCbqaBUSzsfmowrO0hq/efRwKJtqW13XcAbv6yalYB","previousCounter":0,"rootKey":"w6KWvVNtpwjf/Yy3F0/Gnc48+L7fqtiHZ/CuqS4cbHo="},"indexInfo":{"baseKey":"BWtB53jYPcmSO6749H0hHuhNAV8SzD+p0PfUKl0Oncwc","baseKeyType":1,"closed":-1,"used":1692405308360,"created":1692405308360,"remoteIdentityKey":"BeWGr1LO5OoOID7m98Vb3RbgSdfDO551hWtC6ifgLzFA"},"_chains":{"BbZre6TjhB6U5Xd6WgDXhADeWdF9GPMcLOSYkMxmcE47":{"chainKey":{"counter":0,"key":"0gyGeFSJ9RkCmKYJRSWPM0SeS/bulBxJjI8KgKp4TEg="},"chainType":1,"messageKeys":{}}},"pendingPreKey":{"signedKeyId":1,"baseKey":"BWtB53jYPcmSO6749H0hHuhNAV8SzD+p0PfUKl0Oncwc"}}},"version":"v1"}