{"_sessions":{"BfvKUqTMWESJB6JIdAIjARguBYZQcPR35/kNL2Jzq9VB":{"registrationId":551288276,"currentRatchet":{"ephemeralKeyPair":{"pubKey":"BWa6zV4e042s4xw1DoOSt1JUSbmk6E0TLpM5nNdBp+Bk","privKey":"0A0c9O+CBuFy433DVd+tx4DSrDmtd3nX0VuZQ/7OAXE="},"lastRemoteEphemeralKey":"BfA7Y3s9UGd5yd/K8yg8Ljy7hPX96yMQq5btKqSio4Nb","previousCounter":0,"rootKey":"LNRGMh0xE25fcDEWH1DQHsKC9vi6gwLrnPfFoLfLu04="},"indexInfo":{"baseKey":"BfvKUqTMWESJB6JIdAIjARguBYZQcPR35/kNL2Jzq9VB","baseKeyType":1,"closed":-1,"used":1692405310575,"created":1692405310575,"remoteIdentityKey":"BdN0gTCVrG6QJegoIWawpGEtbv1ySz+pDV4ogNg7xPke"},"_chains":{"BWa6zV4e042s4xw1DoOSt1JUSbmk6E0TLpM5nNdBp+Bk":{"chainKey":{"counter":0,"key":"JW5N9Y3iKACRpNpwoBKPNLSJ3FS+y93PRXe8vSDL5hE="},"chainType":1,"messageKeys":{}}},"pendingPreKey":{"signedKeyId":7,"baseKey":"BfvKUqTMWESJB6JIdAIjARguBYZQcPR35/kNL2Jzq9VB","preKeyId":12431560}}},"version":"v1"}