{"_sessions":{"BUUdjbv6oItYmpJY1dqpSNXjBgSjDWyXrKlNXXfUR+ln":{"registrationId":494424877,"currentRatchet":{"ephemeralKeyPair":{"pubKey":"BcnQ1yIMi5FwNlvNZSwL0v7Kjv40SRWabaWAoS1qsZlk","privKey":"ED6IgkY7wlbmx6GSbKoTDNi80cLXV+LzvmdGpYfHnm8="},"lastRemoteEphemeralKey":"BbvuoefrCSBy1gA4csBjjRWYwPEQIP/LwFpa1e1HMzVO","previousCounter":0,"rootKey":"bvYPyp8lwPinU2JIogCMIDCkiwsRjGNjl433nCxPLGM="},"indexInfo":{"baseKey":"BUUdjbv6oItYmpJY1dqpSNXjBgSjDWyXrKlNXXfUR+ln","baseKeyType":1,"closed":-1,"used":1692405309274,"created":1692405309274,"remoteIdentityKey":"BQY5fUn45WsNKqmCGPwnjMIM4/VbNQOKzY6AlnvgrV85"},"_chains":{"BcnQ1yIMi5FwNlvNZSwL0v7Kjv40SRWabaWAoS1qsZlk":{"chainKey":{"counter":0,"key":"GG8urueo6pbLaDcmlmvx1ZpX9bunIFkbW+vJhU60IVE="},"chainType":1,"messageKeys":{}}},"pendingPreKey":{"signedKeyId":1,"baseKey":"BUUdjbv6oItYmpJY1dqpSNXjBgSjDWyXrKlNXXfUR+ln","preKeyId":11877004}}},"version":"v1"}