{"_sessions":{"BTNBH8qkpODKMG3B+RhOJQMo+NhZQz32mkHDHPlUWVQf":{"registrationId":577022044,"currentRatchet":{"ephemeralKeyPair":{"pubKey":"BS9l6+ouwJ3blU3WCGPFPPgNHyiZDnLVKsnFLrVwlCgY","privKey":"2LM8FbgMu1jfQOdGqe6JyWsdP8DMmyfGQlbUGWcGhEI="},"lastRemoteEphemeralKey":"Bfwz2cFD2if0IY8wL6YLrTCDrEoi41dGVzOostNam1Z8","previousCounter":0,"rootKey":"/WaTBYOSN8OZ7CeS7pnQhNzfg10QswOcnAdXvvT3+u8="},"indexInfo":{"baseKey":"BTNBH8qkpODKMG3B+RhOJQMo+NhZQz32mkHDHPlUWVQf","baseKeyType":1,"closed":-1,"used":1692405308710,"created":1692405308710,"remoteIdentityKey":"BYQTWxu5aj4wdmVZ1/LnnXS7Sy4KSVCybx8DS1Y3mYVL"},"_chains":{"BS9l6+ouwJ3blU3WCGPFPPgNHyiZDnLVKsnFLrVwlCgY":{"chainKey":{"counter":0,"key":"eG3tvDqC/q1L8sRcgWRLdUQGZvPLA1QNU6ty02dPiyw="},"chainType":1,"messageKeys":{}}},"pendingPreKey":{"signedKeyId":4,"baseKey":"BTNBH8qkpODKMG3B+RhOJQMo+NhZQz32mkHDHPlUWVQf","preKeyId":6837346}}},"version":"v1"}