{"_sessions":{"BZ5j5FWF4dHUqGRQOpEc9EJ8BD+Id6Gsh/wq7SxJUzwQ":{"registrationId":1467380176,"currentRatchet":{"ephemeralKeyPair":{"pubKey":"BRX0xpCY8/iE0yE3nSxfG1kzWqRN1hx43nF18vIPgfpw","privKey":"IMca0M3ddmyZCMHglqAyJzVV9ZD8i5yK+FBMpYSbl0Q="},"lastRemoteEphemeralKey":"BYdSMTjjqyPS1kBcEOkIbbc5e3oyMnhyIWzUos73/yYR","previousCounter":0,"rootKey":"MA+aMr7jVEVTfa6uGm8pwfMmq8058T5mqEGMsQqNs0Y="},"indexInfo":{"baseKey":"BZ5j5FWF4dHUqGRQOpEc9EJ8BD+Id6Gsh/wq7SxJUzwQ","baseKeyType":1,"closed":-1,"used":1692405309096,"created":1692405309096,"remoteIdentityKey":"BeR7STOSBb86ocpMI2HjIHOclotY//nS1umczZPYsp45"},"_chains":{"BRX0xpCY8/iE0yE3nSxfG1kzWqRN1hx43nF18vIPgfpw":{"chainKey":{"counter":0,"key":"rO8aUZX9GbfIO7msH//4kfPWIeWqUYRrm1s+IVIPuRo="},"chainType":1,"messageKeys":{}}},"pendingPreKey":{"signedKeyId":11,"baseKey":"BZ5j5FWF4dHUqGRQOpEc9EJ8BD+Id6Gsh/wq7SxJUzwQ","preKeyId":11129681}}},"version":"v1"}