{"_sessions":{"BSEBP7kD0Mo2yco2yijGH5EIK4j7KmGJ0xDc4pT1Z9Za":{"registrationId":6,"currentRatchet":{"ephemeralKeyPair":{"pubKey":"BV14Zniek+NC//a1bpoE7t0nTyHEDwpgCTEAItfPdJsQ","privKey":"OJjV73mQq+04ovlcgHpBVsf3aL/S7UvooFNWp5ZAj0k="},"lastRemoteEphemeralKey":"Bc3MNwQ91sgLp7Y4wWJZMPf482CC8bdDatGgCUG6UKNm","previousCounter":1,"rootKey":"kxHytPhnIb9ATt9KbfMQdgqDKFYF2y08HueG9AppH7Y="},"indexInfo":{"baseKey":"BSEBP7kD0Mo2yco2yijGH5EIK4j7KmGJ0xDc4pT1Z9Za","baseKeyType":1,"closed":1692417234671,"used":1692417243712,"created":1692405308091,"remoteIdentityKey":"BWlC7fx3W0MzdWjwbOG0c2FA0DUrEo/Utm8It8QUHSkc"},"_chains":{"BTPhj06Gnkz2FFCi+DkHABNeBSVrSgo/9F7CC9LmTK9Q":{"chainKey":{"counter":4},"chainType":2,"messageKeys":{"0":"/EDIHcv2uTdTHxClJugQN2IlJE+nxfV/ta8HNbJnT48=","1":"7IzEfznVOX6BGmt2apZ/exfk5cQWWuyXn2VAdp0u1hg=","2":"rnBAXAEtDLXOAj7J98fCI3QY00cYZzsR6bGYv0W8GTg="}},"BQebuJ0tOAVPHmBbJ1YaqUkvYIL6qPQLNOOF6ADdR807":{"chainKey":{"counter":1},"chainType":2,"messageKeys":{}},"BU3bkab3ZXKXje7l/lRTjCLzI3exwbHWxlv1xWMj7gAx":{"chainKey":{"counter":1},"chainType":2,"messageKeys":{}},"Bf+P7NGBS6QpCDEgAZ1aPL8iBZVryJ5WlmsAO3Dbmstj":{"chainKey":{"counter":1},"chainType":2,"messageKeys":{}},"BbORMAIzbnop6sPUfJUwBNRuNSOYfGogbjyeB30ei+w2":{"chainKey":{"counter":1},"chainType":2,"messageKeys":{}},"BXoYpR+YiVTPklI+Vdo8Wm1/K+vXOA9oJOVSkSopvg1y":{"chainKey":{"counter":1},"chainType":2,"messageKeys":{}},"BWA5aQo5D2qvQjzXay7pbMDKxgf+zfi9yC4epytABksZ":{"chainKey":{"counter":1},"chainType":2,"messageKeys":{}},"BXJHSJJuP3s/KxZ943jRlwij46GfC3OcZoF5jhAy/94Z":{"chainKey":{"counter":1},"chainType":2,"messageKeys":{}},"Bc3MNwQ91sgLp7Y4wWJZMPf482CC8bdDatGgCUG6UKNm":{"chainKey":{"counter":1,"key":"FInAvkng7J5lDztdRU0ejxdpCqAMfvqLERMzFnBRfu4="},"chainType":2,"messageKeys":{}},"BV14Zniek+NC//a1bpoE7t0nTyHEDwpgCTEAItfPdJsQ":{"chainKey":{"counter":-1,"key":"yGBnSARMyCDNiJTzSZ87+qol6FxjlK2Hon8gk0H1bbA="},"chainType":1,"messageKeys":{}}}},"Bbox0n9D6gkHCQmHQXqr0vJ4I62EfJaYNHwv/27Ij10H":{"registrationId":6,"currentRatchet":{"ephemeralKeyPair":{"pubKey":"BbDZGxvcXULzDpj4I63SFpN3s4y0f7X1qZ8yWqZ6oe0c","privKey":"ICutPFYIjgIWEAyuvjRc3/O3mWvk3lrn5K3YoEAXsns="},"lastRemoteEphemeralKey":"Bc3MNwQ91sgLp7Y4wWJZMPf482CC8bdDatGgCUG6UKNm","previousCounter":4,"rootKey":"WBrZdy+qaOHTna+A6qy3yY2+mo3pxUEtsoMYziwWzKI="},"indexInfo":{"baseKey":"Bbox0n9D6gkHCQmHQXqr0vJ4I62EfJaYNHwv/27Ij10H","baseKeyType":1,"closed":1692417672462,"used":1692417234665,"created":1692417234665,"remoteIdentityKey":"BWlC7fx3W0MzdWjwbOG0c2FA0DUrEo/Utm8It8QUHSkc"},"_chains":{"Bc3MNwQ91sgLp7Y4wWJZMPf482CC8bdDatGgCUG6UKNm":{"chainKey":{"counter":0,"key":"xm+B1izLB+fL+OmMuWKqylEq29RgrJTIQP+dLyx7i18="},"chainType":2,"messageKeys":{}},"BbDZGxvcXULzDpj4I63SFpN3s4y0f7X1qZ8yWqZ6oe0c":{"chainKey":{"counter":0,"key":"qCTKO8mDfUdAFey2j1/SrzTd2rqSdDMkGDCOZcDkB3k="},"chainType":1,"messageKeys":{}}},"pendingPreKey":{"signedKeyId":1,"baseKey":"Bbox0n9D6gkHCQmHQXqr0vJ4I62EfJaYNHwv/27Ij10H","preKeyId":46}},"BeyYkJ0J+iitVNPnTIiGO7cl7XxVz9Urw5ODxYFQ5AVX":{"registrationId":6,"currentRatchet":{"ephemeralKeyPair":{"pubKey":"Ban58CiIrpjIp0HDT8Pg0YwEYmKGwGEok6ITzWzrv8pN","privKey":"SMaCYcpaQCQX0aZ1mzzlyUCgMryF8T2iqAhS5SRJHUI="},"lastRemoteEphemeralKey":"BTnkoYp/bNzl2bvE1kqXhuqmawUWA94ZLAgvb3At3XsK","previousCounter":0,"rootKey":"GQUsURVzW5EE2vxkxxjb4Bj4XlSfpK3rdG0BM+Mjh7E="},"indexInfo":{"baseKey":"BeyYkJ0J+iitVNPnTIiGO7cl7XxVz9Urw5ODxYFQ5AVX","baseKeyType":1,"closed":1692417674237,"used":1692417672454,"created":1692417672454,"remoteIdentityKey":"BWlC7fx3W0MzdWjwbOG0c2FA0DUrEo/Utm8It8QUHSkc"},"_chains":{"Ban58CiIrpjIp0HDT8Pg0YwEYmKGwGEok6ITzWzrv8pN":{"chainKey":{"counter":0,"key":"AMzBIP2KcXxsJmsC7yD4UcbJLmmtfQ3IBPLCawYRykQ="},"chainType":1,"messageKeys":{}}},"pendingPreKey":{"signedKeyId":1,"baseKey":"BeyYkJ0J+iitVNPnTIiGO7cl7XxVz9Urw5ODxYFQ5AVX","preKeyId":37}},"BTPzhdRDqP9bbUgR3nwcExeM1g8XRp/HIhGm1hYaRVkX":{"registrationId":6,"currentRatchet":{"ephemeralKeyPair":{"pubKey":"BRiQHJg3i0ipQ07157OwOdNMqDCeF8QuwyJ0bibu6V5n","privKey":"+Heqo0wfqQsK+PIxbK5iXn5qmU7pu7hlY05w62OUbV4="},"lastRemoteEphemeralKey":"BZTlRpjX1PLHcqOEAhgxHJIk1buOu0hx49KWskSW4GRw","previousCounter":1,"rootKey":"LoqzSW/XPOpXz09VQxizMJGHq7xMuMX46/ZY756r9PM="},"indexInfo":{"baseKey":"BTPzhdRDqP9bbUgR3nwcExeM1g8XRp/HIhGm1hYaRVkX","baseKeyType":2,"closed":1692435564241,"used":1692435564674,"created":1692417674245,"remoteIdentityKey":"BWlC7fx3W0MzdWjwbOG0c2FA0DUrEo/Utm8It8QUHSkc"},"_chains":{"BbDdv/r85DhxxFFPqMOFUwtuhI8oq7efFzFVFU3dhTUx":{"chainKey":{"counter":1},"chainType":2,"messageKeys":{}},"BRXKL9HZWy+/ker2zYtxQs155xVbSBAILyKu24qu5G8q":{"chainKey":{"counter":1},"chainType":2,"messageKeys":{}},"BX0+zyGBpDG2Pjka8yFyytEjtP1xIp8dXVaVkNn9K5Ia":{"chainKey":{"counter":1},"chainType":2,"messageKeys":{"1":"r7tc9eVAc5P1N/MfrBr4OzGjT2q9TubWgyKs78QXXhY="}},"BUt1fo6B+LoRd0NlI/AoocPi46jRH5vqVc/Yxd2UlZ8p":{"chainKey":{"counter":4},"chainType":2,"messageKeys":{}},"BXeWK58IQcoJLTOz2lKYuLVwlLoD/JOVQhF+jeSbJ35U":{"chainKey":{"counter":1},"chainType":2,"messageKeys":{}},"BY1nPMpO6IIZjvUh6pREqRk+uq3Mp828P3F/sFinGW4i":{"chainKey":{"counter":1},"chainType":2,"messageKeys":{}},"BW5fd+kFH+Po16wjARUbWJnwwz29xwujAyD0uLNZ0Bd9":{"chainKey":{"counter":1},"chainType":2,"messageKeys":{}},"BSh0CnaP7JF1JlgQHJ7aDedxLIt4tyZznWcm+b/O979W":{"chainKey":{"counter":1},"chainType":2,"messageKeys":{"0":"w5vxjMIVfDgPeOeElMjyZgXJEZ9ZruSv4tDZ2FOevWk="}},"BWGRP7nm5PAsNlK2yxqJaV/Z0jDqJAldrXmqyTEfqslP":{"chainKey":{"counter":0},"chainType":2,"messageKeys":{}},"BQm53R7Z5UXeQBoWx8NK2GjccnBNVoz09Vkt641L67UG":{"chainKey":{"counter":2},"chainType":2,"messageKeys":{}},"BZMBjnAEaz3nQD8ObVqlPGmOWrbZmWe0xjN0m2dGldQn":{"chainKey":{"counter":1},"chainType":2,"messageKeys":{}},"BdMKTbCxndI0V3XOLbOb8ncCcBNrdVXYMlOR9yJXDwQI":{"chainKey":{"counter":1},"chainType":2,"messageKeys":{}},"BbvbtGpDtJQkUr7MZomdMCz6UGxgg2+TAt7bUubU3B5g":{"chainKey":{"counter":1},"chainType":2,"messageKeys":{}},"Bfto4YCVBs7i3j6qynhli+xeefAO1B4y0GFIZYlVGfBp":{"chainKey":{"counter":3},"chainType":2,"messageKeys":{}},"BT3I59M5nD6HYy6hyAUlYzRwWqhdJi+nvOV/RwH8unRq":{"chainKey":{"counter":8},"chainType":2,"messageKeys":{}},"BZTlRpjX1PLHcqOEAhgxHJIk1buOu0hx49KWskSW4GRw":{"chainKey":{"counter":8,"key":"L20x0WNnzjkkjxMY15xMPhP96GrcShog1eXqneEq68E="},"chainType":2,"messageKeys":{"6":"eRisbccjMKzThXOHyJJQTPEP/IVttzvMr/+P5rVGrws="}},"BRiQHJg3i0ipQ07157OwOdNMqDCeF8QuwyJ0bibu6V5n":{"chainKey":{"counter":4,"key":"2SizLyeh1ajA27FKYxDAT4pqId7WJMwgihzLL1bXRVU="},"chainType":1,"messageKeys":{}}}},"Bc/N5lyhr1XKZd887y7yxAQoUQ1l3/OmwI/v59rpnnNh":{"registrationId":6,"currentRatchet":{"ephemeralKeyPair":{"pubKey":"BRcU3Ad0lD8A6gbKXUXkP5/F5KiJXNuzyIb2xcZf2x4g","privKey":"8EiRa7cJtx9lVyTtRdrWkdyJgyIDafP7T5XQEeJtVX8="},"lastRemoteEphemeralKey":"BZTlRpjX1PLHcqOEAhgxHJIk1buOu0hx49KWskSW4GRw","previousCounter":0,"rootKey":"ktSj7SUMA09024VtlAHFji+lWTPdXO4gEdmHMiuplXw="},"indexInfo":{"baseKey":"Bc/N5lyhr1XKZd887y7yxAQoUQ1l3/OmwI/v59rpnnNh","baseKeyType":1,"closed":1692435566218,"used":1692435564235,"created":1692435564235,"remoteIdentityKey":"BWlC7fx3W0MzdWjwbOG0c2FA0DUrEo/Utm8It8QUHSkc"},"_chains":{"BZTlRpjX1PLHcqOEAhgxHJIk1buOu0hx49KWskSW4GRw":{"chainKey":{"counter":7,"key":"Iv+L4K72MS6OuJera6d0XVkuI6VFIz9ch9qmC0T1Jmw="},"chainType":2,"messageKeys":{"0":"3/kyCdD/W5bAXzDPa60YzJljCA3iJbSb+PoEuBTcSIU=","1":"pacKqK7jrIXqJrFdcL/XybmUl1zv3v7X4L8v3w11ljQ=","2":"xRC5qfhq724rKQ6Jx7arEMnO3PDjc+NdYGgxGFMglqA=","3":"JoMDIqoqRCeRl7HwIhM4nJPg6DrMn1+6WG4nQOPD6Zg=","4":"khyHui9N8gO2F7OBpcHmGzSFMrGoQVFO1DKATWV9Taw=","5":"+39MOze8Mun0rGAlNDywYerHvHJCiI3uU3z9/qkk9q4=","6":"2OiqJzSFJBdE7eSM8GQxDRu25vEDhBJ2sLu6ozhRmOo="}},"BRcU3Ad0lD8A6gbKXUXkP5/F5KiJXNuzyIb2xcZf2x4g":{"chainKey":{"counter":-1,"key":"pKOQxHrWEKPQlV4NmwcGF3HCN0vm/OtBnJCQH5kkYdU="},"chainType":1,"messageKeys":{}}},"pendingPreKey":{"signedKeyId":1,"baseKey":"Bc/N5lyhr1XKZd887y7yxAQoUQ1l3/OmwI/v59rpnnNh","preKeyId":42}},"BR5qyWnZ53JMd9Ka5Oaj5tdoxnA70twQivBixqhsUMIT":{"registrationId":6,"currentRatchet":{"ephemeralKeyPair":{"pubKey":"BWVJP0SB/43V9ZrX7mi+uiCbrNlelEHpNIEKrdPVsYpE","privKey":"aMW2sdvFw+fJqztgQG32sc7y5J3wo5PP4Yg7Dig7IGg="},"lastRemoteEphemeralKey":"BXnQ7AnGvgERGeKtvUg6969cSp26XvT38ED4K0WX+asS","previousCounter":0,"rootKey":"Vj0F8Iuqu7Jo1MFL5ZJeA69SeukBC0Csbg+brJ3unKw="},"indexInfo":{"baseKey":"BR5qyWnZ53JMd9Ka5Oaj5tdoxnA70twQivBixqhsUMIT","baseKeyType":2,"closed":-1,"used":1692435566224,"created":1692435566224,"remoteIdentityKey":"BWlC7fx3W0MzdWjwbOG0c2FA0DUrEo/Utm8It8QUHSkc"},"_chains":{"BXnQ7AnGvgERGeKtvUg6969cSp26XvT38ED4K0WX+asS":{"chainKey":{"counter":0,"key":"qOAC8U/jAhxRkl4VXx6ROqupUrA3rOnJr8sWkWkXPyk="},"chainType":2,"messageKeys":{}},"BWVJP0SB/43V9ZrX7mi+uiCbrNlelEHpNIEKrdPVsYpE":{"chainKey":{"counter":-1,"key":"tpZJH+rgUTY/pGqnULJ3EET7+BFgagKvYhin8ALaMAc="},"chainType":1,"messageKeys":{}}}}},"version":"v1"}